receptor,uniprot_id,pdb_id,title,experimental_method,resolution,deposition_date,release_date,polymer_entity_count,nonpolymer_entity_count
AR,P10275,1E3G,Human Androgen Receptor Ligand Binding in complex with the ligand metribolone (R1881),X-RAY DIFFRACTION,2.4,2000-06-14T00:00:00.000+00:00,2001-06-14T00:00:00.000+00:00,1,1
AR,P10275,1GS4,Structural basis for the glucocorticoid response in a mutant human androgen receptor (ARccr) derived from an androgen-independent prostate cancer,X-RAY DIFFRACTION,1.95,2001-12-27T00:00:00.000+00:00,2003-01-16T00:00:00.000+00:00,1,2
AR,P10275,1T5Z,Crystal Structure of the Androgen Receptor Ligand Binding Domain (LBD) with DHT and a peptide derived from its physiological coactivator ARA70,X-RAY DIFFRACTION,2.3,2004-05-05T00:00:00.000+00:00,2005-01-25T00:00:00.000+00:00,2,1
AR,P10275,1T63,Crystal Structure of the Androgen Receptor Ligand Binding Domain with DHT and a peptide derived from its physiological coactivator GRIP1 NR box3,X-RAY DIFFRACTION,2.07,2004-05-05T00:00:00.000+00:00,2005-01-25T00:00:00.000+00:00,2,1
AR,P10275,1T65,Crystal structure of the androgen receptor ligand binding domain with DHT and a peptide derived form its physiological coactivator GRIP1 NR box 2 bound in a non-helical conformation,X-RAY DIFFRACTION,1.66,2004-05-05T00:00:00.000+00:00,2005-01-25T00:00:00.000+00:00,2,1
AR,P10275,1XJ7,Complex Androgen Receptor LBD and RAC3 peptide,X-RAY DIFFRACTION,2.7,2004-09-22T00:00:00.000+00:00,2005-01-25T00:00:00.000+00:00,2,1
AR,P10275,1XOW,"Crystal structure of the human androgen receptor ligand binding domain bound with an androgen receptor NH2-terminal peptide, AR20-30, and R1881",X-RAY DIFFRACTION,1.8,2004-10-07T00:00:00.000+00:00,2004-11-16T00:00:00.000+00:00,2,1
AR,P10275,1XQ3,Crystal structure of the human androgen receptor ligand binding domain bound with R1881,X-RAY DIFFRACTION,2.25,2004-10-11T00:00:00.000+00:00,2004-11-16T00:00:00.000+00:00,1,1
AR,P10275,1Z95,Crystal Structure of the Androgen Receptor Ligand-binding Domain W741L Mutant Complex with R-bicalutamide,X-RAY DIFFRACTION,1.8,2005-03-31T00:00:00.000+00:00,2005-04-19T00:00:00.000+00:00,1,2
AR,P10275,2AM9,Crystal structure of human androgen receptor ligand binding domain in complex with testosterone,X-RAY DIFFRACTION,1.64,2005-08-09T00:00:00.000+00:00,2006-05-16T00:00:00.000+00:00,1,4
AR,P10275,2AMA,Crystal structure of human androgen receptor ligand binding domain in complex with dihydrotestosterone,X-RAY DIFFRACTION,1.9,2005-08-09T00:00:00.000+00:00,2006-05-16T00:00:00.000+00:00,1,2
AR,P10275,2AMB,Crystal structure of human androgen receptor ligand binding domain in complex with tetrahydrogestrinone,X-RAY DIFFRACTION,1.75,2005-08-09T00:00:00.000+00:00,2006-05-16T00:00:00.000+00:00,1,5
AR,P10275,2AO6,Crystal structure of the human androgen receptor ligand binding domain bound with TIF2(iii) 740-753 peptide and R1881,X-RAY DIFFRACTION,1.89,2005-08-12T00:00:00.000+00:00,2005-08-30T00:00:00.000+00:00,2,1
AR,P10275,2AX6,Crystal Structure Of The Androgen Receptor Ligand Binding Domain T877A Mutant In Complex With Hydroxyflutamide,X-RAY DIFFRACTION,1.5,2005-09-03T00:00:00.000+00:00,2005-09-20T00:00:00.000+00:00,1,1
AR,P10275,2AX7,Crystal Structure Of The Androgen Receptor Ligand Binding Domain T877A Mutant In Complex With S-1,X-RAY DIFFRACTION,1.9,2005-09-03T00:00:00.000+00:00,2005-09-20T00:00:00.000+00:00,1,1
AR,P10275,2AX8,Crystal Structure Of The Androgen Receptor Ligand Binding Domain W741L Mutant In Complex With S-1,X-RAY DIFFRACTION,1.7,2005-09-03T00:00:00.000+00:00,2005-09-20T00:00:00.000+00:00,1,1
AR,P10275,2AX9,Crystal Structure Of The Androgen Receptor Ligand Binding Domain In Complex With R-3,X-RAY DIFFRACTION,1.65,2005-09-03T00:00:00.000+00:00,2005-09-20T00:00:00.000+00:00,1,1
AR,P10275,2AXA,Crystal Structure Of The Androgen Receptor Ligand Binding Domain In Complex With S-1,X-RAY DIFFRACTION,1.8,2005-09-03T00:00:00.000+00:00,2005-09-20T00:00:00.000+00:00,1,1
AR,P10275,2HVC,The Crystal Structure of Ligand-binding Domain (LBD) of human Androgen Receptor in Complex with a selective modulator LGD2226,X-RAY DIFFRACTION,2.1,2006-07-28T00:00:00.000+00:00,2007-07-31T00:00:00.000+00:00,1,1
AR,P10275,2OZ7,Crystal structure of the human androgen receptor T877A mutant ligand-binding domain with cyproterone acetate,X-RAY DIFFRACTION,1.8,2007-02-25T00:00:00.000+00:00,2007-03-27T00:00:00.000+00:00,1,1
AR,P10275,2PIO,Androgen receptor LBD with small molecule,X-RAY DIFFRACTION,2.03,2007-04-13T00:00:00.000+00:00,2007-09-25T00:00:00.000+00:00,1,3
AR,P10275,2PIP,Androgen receptor LBD with small molecule,X-RAY DIFFRACTION,1.8,2007-04-13T00:00:00.000+00:00,2007-09-25T00:00:00.000+00:00,1,4
AR,P10275,2PIQ,androgen receptor LBD with small molecule,X-RAY DIFFRACTION,2.4,2007-04-13T00:00:00.000+00:00,2007-09-25T00:00:00.000+00:00,1,3
AR,P10275,2PIR,Androgen receptor LBD with small molecule,X-RAY DIFFRACTION,2.1,2007-04-13T00:00:00.000+00:00,2007-09-25T00:00:00.000+00:00,1,3
AR,P10275,2PIT,Androgen receptor LBD with small molecule,X-RAY DIFFRACTION,1.76,2007-04-13T00:00:00.000+00:00,2007-09-25T00:00:00.000+00:00,1,3
AR,P10275,2PIU,Androgen receptor LBD with small molecule,X-RAY DIFFRACTION,2.12,2007-04-13T00:00:00.000+00:00,2007-09-25T00:00:00.000+00:00,1,2
AR,P10275,2PIV,Androgen receptor with small molecule,X-RAY DIFFRACTION,1.95,2007-04-13T00:00:00.000+00:00,2007-09-25T00:00:00.000+00:00,1,3
AR,P10275,2PIW,Androgen receptor with small molecule,X-RAY DIFFRACTION,2.58,2007-04-13T00:00:00.000+00:00,2007-09-25T00:00:00.000+00:00,1,2
AR,P10275,2PIX,AR LBD with small molecule,X-RAY DIFFRACTION,2.4,2007-04-13T00:00:00.000+00:00,2007-09-25T00:00:00.000+00:00,1,2
AR,P10275,2PKL,Androgen receptor LBD with small molecule,X-RAY DIFFRACTION,2.49,2007-04-17T00:00:00.000+00:00,2007-09-25T00:00:00.000+00:00,2,2
AR,P10275,2PNU,Crystal structure of human androgen receptor ligand-binding domain in complex with EM-5744,X-RAY DIFFRACTION,1.65,2007-04-25T00:00:00.000+00:00,2007-09-11T00:00:00.000+00:00,1,4
AR,P10275,2Q7I,The Wild Type Androgen Receptor Ligand Binding Domain Bound with Testosterone and an AR 20-30 Peptide,X-RAY DIFFRACTION,1.87,2007-06-06T00:00:00.000+00:00,2007-07-24T00:00:00.000+00:00,2,3
AR,P10275,2Q7J,The Wild Type Androgen Receptor Ligand Binding Domain Bound with Testosterone and a TIF2 box 3 Coactivator Peptide 740-753,X-RAY DIFFRACTION,1.9,2007-06-07T00:00:00.000+00:00,2007-07-24T00:00:00.000+00:00,2,3
AR,P10275,2Q7K,The Androgen Receptor Prostate Cancer Mutant H874Y Ligand Binding Domain Bound with Testosterone and an AR 20-30 Peptide,X-RAY DIFFRACTION,1.8,2007-06-07T00:00:00.000+00:00,2007-07-24T00:00:00.000+00:00,2,3
AR,P10275,2Q7L,The Androgen Receptor Prostate Cancer Mutant H874Y Ligand Binding Domain Bound with Testosterone and a TIF2 box3 Coactivator Peptide 740-753,X-RAY DIFFRACTION,1.92,2007-06-07T00:00:00.000+00:00,2007-07-24T00:00:00.000+00:00,2,2
AR,P10275,2YHD,Human androgen receptor in complex with AF2 small molecule inhibitor,X-RAY DIFFRACTION,2.2,2011-04-28T00:00:00.000+00:00,2011-09-21T00:00:00.000+00:00,1,3
AR,P10275,2YLO,TARGETING THE BINDING FUNCTION 3 SITE OF THE ANDROGEN RECEPTOR THROUGH IN SILICO MOLECULAR MODELING,X-RAY DIFFRACTION,2.5,2011-06-04T00:00:00.000+00:00,2011-07-06T00:00:00.000+00:00,1,3
AR,P10275,2YLP,TARGETING THE BINDING FUNCTION 3 SITE OF THE ANDROGEN RECEPTOR THROUGH IN SILICO MOLECULAR MODELING,X-RAY DIFFRACTION,2.3,2011-06-04T00:00:00.000+00:00,2011-07-06T00:00:00.000+00:00,1,3
AR,P10275,2YLQ,TARGETING THE BINDING FUNCTION 3 SITE OF THE ANDROGEN RECEPTOR THROUGH IN SILICO MOLECULAR MODELING,X-RAY DIFFRACTION,2.4,2011-06-04T00:00:00.000+00:00,2011-07-06T00:00:00.000+00:00,1,3
AR,P10275,2Z4J,Crystal structure of AR LBD with SHP peptide NR Box 2,X-RAY DIFFRACTION,2.6,2007-06-19T00:00:00.000+00:00,2007-12-04T00:00:00.000+00:00,2,1
AR,P10275,3B5R,Crystal structure of the androgen receptor ligand binding domain in complex with SARM C-31,X-RAY DIFFRACTION,1.8,2007-10-26T00:00:00.000+00:00,2008-09-09T00:00:00.000+00:00,1,1
AR,P10275,3B65,Crystal structure of the androgen receptor ligand binding domain in complex with SARM S-24,X-RAY DIFFRACTION,1.8,2007-10-27T00:00:00.000+00:00,2008-09-09T00:00:00.000+00:00,1,1
AR,P10275,3B66,Crystal structure of the androgen receptor ligand binding domain in complex with SARM S-21,X-RAY DIFFRACTION,1.65,2007-10-27T00:00:00.000+00:00,2008-09-09T00:00:00.000+00:00,1,1
AR,P10275,3B67,Crystal structure of the androgen receptor ligand binding domain in complex with SARM C-23,X-RAY DIFFRACTION,1.9,2007-10-27T00:00:00.000+00:00,2008-09-09T00:00:00.000+00:00,1,1
AR,P10275,3B68,Crystal structure of the androgen receptor ligand binding domain in complex with SARM S-4,X-RAY DIFFRACTION,1.9,2007-10-27T00:00:00.000+00:00,2008-09-09T00:00:00.000+00:00,1,1
AR,P10275,3BTR,AR-NLS:Importin-alpha complex,X-RAY DIFFRACTION,2.6,2007-12-30T00:00:00.000+00:00,2008-12-30T00:00:00.000+00:00,2,0
AR,P10275,3L3X,Crystal structure of DHT-bound androgen receptor in complex with the first motif of steroid receptor coactivator 3,X-RAY DIFFRACTION,1.55,2009-12-18T00:00:00.000+00:00,2010-01-12T00:00:00.000+00:00,2,1
AR,P10275,3L3Z,Crystal structure of DHT-bound androgen receptor in complex with the third motif of steroid receptor coactivator 3,X-RAY DIFFRACTION,2.0,2009-12-18T00:00:00.000+00:00,2010-01-12T00:00:00.000+00:00,2,1
AR,P10275,3RLJ,Crystal structure of the androgen receptor ligand binding domain in complex with SARM S-22,X-RAY DIFFRACTION,1.9,2011-04-19T00:00:00.000+00:00,2011-05-04T00:00:00.000+00:00,1,1
AR,P10275,3RLL,Crystal structure of the T877A androgen receptor ligand binding domain in complex with (S)-N-(4-Cyano-3-(trifluoromethyl)phenyl)-3-(4-cyanonaphthalen-1-yloxy)-2-hydroxy-2-methylpropanamide,X-RAY DIFFRACTION,1.7,2011-04-19T00:00:00.000+00:00,2011-05-04T00:00:00.000+00:00,1,1
AR,P10275,3V49,Structure of ar lbd with activator peptide and sarm inhibitor 1,X-RAY DIFFRACTION,1.7,2011-12-14T00:00:00.000+00:00,2012-09-05T00:00:00.000+00:00,2,2
AR,P10275,3V4A,Structure of ar lbd with activator peptide and sarm inhibitor 2,X-RAY DIFFRACTION,1.95,2011-12-14T00:00:00.000+00:00,2012-09-05T00:00:00.000+00:00,2,2
AR,P10275,3ZQT,TARGETING THE BINDING FUNCTION 3 SITE OF THE ANDROGEN RECEPTOR THROUGH IN SILICO MOLECULAR MODELING,X-RAY DIFFRACTION,2.29,2011-06-10T00:00:00.000+00:00,2011-12-07T00:00:00.000+00:00,1,3
AR,P10275,4HLW,Targeting the Binding Function 3 (BF3) Site of the Human Androgen Receptor Through Virtual Screening. 2. Development of 2-((2-phenoxyethyl) thio)-1H-benzoimidazole derivatives.,X-RAY DIFFRACTION,2.5,2012-10-17T00:00:00.000+00:00,2013-01-23T00:00:00.000+00:00,1,4
AR,P10275,4K7A,Crystal structure of the androgen receptor ligand binding domain in complex with minoxidil,X-RAY DIFFRACTION,2.44,2013-04-16T00:00:00.000+00:00,2014-04-16T00:00:00.000+00:00,1,2
AR,P10275,4OEA,Crystal structure of AR-LBD,X-RAY DIFFRACTION,2.12,2014-01-12T00:00:00.000+00:00,2014-08-20T00:00:00.000+00:00,1,1
AR,P10275,4OED,Crystal structure of AR-LBD bound with co-regulator peptide,X-RAY DIFFRACTION,2.79,2014-01-13T00:00:00.000+00:00,2014-08-20T00:00:00.000+00:00,2,2
AR,P10275,4OEY,Crystal structure of AR-LBD bound with co-regulator peptide,X-RAY DIFFRACTION,1.83,2014-01-14T00:00:00.000+00:00,2014-08-20T00:00:00.000+00:00,2,2
AR,P10275,4OEZ,Crystal structure of AR-LBD bound with co-regulator peptide,X-RAY DIFFRACTION,1.8,2014-01-14T00:00:00.000+00:00,2014-08-20T00:00:00.000+00:00,2,2
AR,P10275,4OFR,Crystal structure of AR-LBD bound with co-regulator peptide,X-RAY DIFFRACTION,2.26,2014-01-15T00:00:00.000+00:00,2014-08-20T00:00:00.000+00:00,2,1
AR,P10275,4OFU,Crystal structure of AR-LBD bound with co-regulator peptide,X-RAY DIFFRACTION,2.12,2014-01-15T00:00:00.000+00:00,2014-08-20T00:00:00.000+00:00,2,1
AR,P10275,4OGH,Crystal structure of T877A-AR-LBD,X-RAY DIFFRACTION,2.98,2014-01-16T00:00:00.000+00:00,2014-08-20T00:00:00.000+00:00,1,2
AR,P10275,4OH5,Crystal structure of T877A-AR-LBD bound with co-regulator peptide,X-RAY DIFFRACTION,2.0,2014-01-17T00:00:00.000+00:00,2014-08-20T00:00:00.000+00:00,2,2
AR,P10275,4OH6,Crystal structure of T877A-AR-LBD bound with co-regulator peptide,X-RAY DIFFRACTION,3.56,2014-01-17T00:00:00.000+00:00,2014-08-20T00:00:00.000+00:00,2,2
AR,P10275,4OHA,Crystal structure of T877A-AR-LBD bound with co-regulator peptide,X-RAY DIFFRACTION,1.42,2014-01-17T00:00:00.000+00:00,2014-08-20T00:00:00.000+00:00,2,2
AR,P10275,4OIL,Crystal structure of T877A-AR-LBD bound with co-regulator peptide,X-RAY DIFFRACTION,2.51,2014-01-19T00:00:00.000+00:00,2014-08-20T00:00:00.000+00:00,2,1
AR,P10275,4OIU,Crystal structure of T877A-AR-LBD bound with co-regulator peptide,X-RAY DIFFRACTION,3.01,2014-01-20T00:00:00.000+00:00,2014-08-20T00:00:00.000+00:00,2,1
AR,P10275,4OJ9,Crystal structure of T877A-AR-LBD bound with co-regulator peptide,X-RAY DIFFRACTION,3.31,2014-01-20T00:00:00.000+00:00,2014-08-20T00:00:00.000+00:00,2,3
AR,P10275,4OJB,Crystal structure of W741L-AR-LBD,X-RAY DIFFRACTION,2.0,2014-01-21T00:00:00.000+00:00,2014-08-20T00:00:00.000+00:00,1,1
AR,P10275,4OK1,Crystal structure of W741L-AR-LBD bound with co-regulator peptide,X-RAY DIFFRACTION,2.09,2014-01-21T00:00:00.000+00:00,2014-08-20T00:00:00.000+00:00,2,1
AR,P10275,4OKB,Crystal structure of W741L-AR-LBD bound with co-regulator peptide,X-RAY DIFFRACTION,2.95,2014-01-22T00:00:00.000+00:00,2014-08-20T00:00:00.000+00:00,2,2
AR,P10275,4OKT,Crystal structure of W741L-AR-LBD bound with co-regulator peptide,X-RAY DIFFRACTION,2.5,2014-01-22T00:00:00.000+00:00,2014-08-20T00:00:00.000+00:00,2,1
AR,P10275,4OKW,Crystal structure of W741L-AR-LBD bound with co-regulator peptide,X-RAY DIFFRACTION,2.0,2014-01-23T00:00:00.000+00:00,2014-08-20T00:00:00.000+00:00,2,1
AR,P10275,4OKX,Crystal structure of W741L-AR-LBD bound with co-regulator peptide,X-RAY DIFFRACTION,2.1,2014-01-23T00:00:00.000+00:00,2014-08-20T00:00:00.000+00:00,2,2
AR,P10275,4OLM,Crystal structure of W741L-AR-LBD bound with co-regulator peptide,X-RAY DIFFRACTION,2.8,2014-01-24T00:00:00.000+00:00,2014-08-20T00:00:00.000+00:00,2,1
AR,P10275,4QL8,Crystal structure of Androgen Receptor in complex with the ligand,X-RAY DIFFRACTION,2.1,2014-06-11T00:00:00.000+00:00,2015-06-17T00:00:00.000+00:00,1,1
AR,P10275,5CJ6,Crystal Structure of a Selective Androgen Receptor Modulator Bound to the Ligand Binding Domain of the Human Androgen Receptor,X-RAY DIFFRACTION,2.07,2015-07-14T00:00:00.000+00:00,2016-01-06T00:00:00.000+00:00,2,1
AR,P10275,5JJM,Crystal Structure of Homodimeric Androgen Receptor Ligand-Binding Domain bound to DHT and LxxLL peptide,X-RAY DIFFRACTION,2.15,2016-04-24T00:00:00.000+00:00,2017-03-15T00:00:00.000+00:00,4,8
AR,P10275,5T8E,Synthesis and biological evaluation of novel selective androgen receptor modulators (SARMs). Part II: Optimization of 4-(pyrrolidin-1-yl)benzonitrile derivatives,X-RAY DIFFRACTION,2.71,2016-09-07T00:00:00.000+00:00,2017-04-26T00:00:00.000+00:00,1,2
AR,P10275,5T8J,Synthesis and biological evaluation of novel selective androgen receptor modulators (SARMs). Part II: Optimization of 4-(pyrrolidin-1-yl)benzonitrile derivatives,X-RAY DIFFRACTION,2.7,2016-09-07T00:00:00.000+00:00,2017-04-26T00:00:00.000+00:00,1,2
AR,P10275,5V8Q,Synthesis and biological evaluation of novel selective androgen receptor modulators (SARMs): Part III,X-RAY DIFFRACTION,1.44,2017-03-22T00:00:00.000+00:00,2017-05-24T00:00:00.000+00:00,1,2
AR,P10275,5VO4,Crystal Structure Of The Androgen Receptor Ligand Binding Domain In Complex With 5-(2-fluoro-4-hydroxyphenyl)-1-methyl-1H-pyrrole-2-carbonitrile,X-RAY DIFFRACTION,2.35,2017-05-02T00:00:00.000+00:00,2018-03-14T00:00:00.000+00:00,1,1
AR,P10275,7ZTX,Crystal structure of mutant AR-LBD (F755V) bound to dihydrotestosterone,X-RAY DIFFRACTION,1.89,2022-05-11T00:00:00.000+00:00,2023-03-22T00:00:00.000+00:00,1,3
AR,P10275,7ZTZ,Crystal structure of mutant AR-LBD (Y764C) bound to dihydrotestosterone,X-RAY DIFFRACTION,1.4,2022-05-11T00:00:00.000+00:00,2023-03-22T00:00:00.000+00:00,1,3
AR,P10275,7ZU1,Crystal structure of mutant AR-LBD (V758A) bound to dihydrotestosterone,X-RAY DIFFRACTION,1.68,2022-05-11T00:00:00.000+00:00,2023-03-22T00:00:00.000+00:00,1,6
AR,P10275,7ZU2,Crystal structure of mutant AR-LBD (Q799E) bound to dihydrotestosterone,X-RAY DIFFRACTION,1.74,2022-05-11T00:00:00.000+00:00,2023-03-22T00:00:00.000+00:00,1,2
AR,P10275,8E1A,Structure-based study to overcome cross-reactivity of novel androgen receptor inhibitors,X-RAY DIFFRACTION,1.2,2022-08-10T00:00:00.000+00:00,2022-09-14T00:00:00.000+00:00,1,2
AR,P10275,8FGY,Crystal structure of mutant Androgen Receptor ligand binding domain L702H/H875Y/F877L/T878A with DHT,X-RAY DIFFRACTION,2.2,2022-12-13T00:00:00.000+00:00,2023-04-12T00:00:00.000+00:00,1,1
AR,P10275,8FGZ,Crystal structure of mutant Androgen Receptor ligand binding domain L702H/H875Y/F877L with DHT,X-RAY DIFFRACTION,1.61,2022-12-13T00:00:00.000+00:00,2023-04-12T00:00:00.000+00:00,1,2
AR,P10275,8FH0,Crystal structure of mutant Androgen Receptor ligand binding domain H875Y/F877L/T878A with DHT,X-RAY DIFFRACTION,1.59,2022-12-13T00:00:00.000+00:00,2023-04-12T00:00:00.000+00:00,1,2
AR,P10275,8FH1,Crystal structure of mutant Androgen Receptor ligand binding domain F877L/T878A with DHT,X-RAY DIFFRACTION,1.69,2022-12-13T00:00:00.000+00:00,2023-04-12T00:00:00.000+00:00,1,2
AR,P10275,8FH2,Crystal structure of mutant Androgen Receptor ligand binding domain L702H/H875Y with DHT,X-RAY DIFFRACTION,1.59,2022-12-13T00:00:00.000+00:00,2023-04-12T00:00:00.000+00:00,1,2
AR,P10275,8RM6,Crystal Structure of Human Androgen Receptor DNA Binding Domain Bound to its Response Element: C3(1)ARE,X-RAY DIFFRACTION,2.05,2024-01-05T00:00:00.000+00:00,2024-04-24T00:00:00.000+00:00,3,1
AR,P10275,8RM7,Crystal Structure of Human Androgen Receptor DNA Binding Domain Bound to its Response Element: MMTV-177 GRE/ARE,X-RAY DIFFRACTION,2.25,2024-01-05T00:00:00.000+00:00,2024-04-24T00:00:00.000+00:00,3,1
AR,P10275,9GZD,Androgen Receptor ligand-binding domain in complex with 11-ketodihydrotestosterone,X-RAY DIFFRACTION,1.91,2024-10-03T00:00:00.000+00:00,2026-04-15T00:00:00.000+00:00,1,5
CAR,Q14994,1XV9,"crystal structure of CAR/RXR heterodimer bound with SRC1 peptide, fatty acid, and 5b-pregnane-3,20-dione.",X-RAY DIFFRACTION,2.7,2004-10-27T00:00:00.000+00:00,2004-12-28T00:00:00.000+00:00,3,2
CAR,Q14994,1XVP,"crystal structure of CAR/RXR heterodimer bound with SRC1 peptide, fatty acid and CITCO",X-RAY DIFFRACTION,2.6,2004-10-28T00:00:00.000+00:00,2004-12-28T00:00:00.000+00:00,3,2
COUP_TF1,P10589,2EBL,"Solution structure of the Zinc finger, C4-type domain of human COUP transcription factor 1",SOLUTION NMR,,2007-02-09T00:00:00.000+00:00,2008-02-19T00:00:00.000+00:00,1,1
COUP_TF2,P24468,3CJW,Crystal structure of the human COUP-TFII ligand binding domain,X-RAY DIFFRACTION,1.48,2008-03-14T00:00:00.000+00:00,2008-10-07T00:00:00.000+00:00,1,0
DAX1,P51843,4RWV,"Crystal structure of PIP3 bound human nuclear receptor LRH-1 (Liver Receptor Homolog 1, NR5A2) in complex with a co-regulator DAX-1 (NR0B1) peptide at 1.86 A resolution",X-RAY DIFFRACTION,1.859,2014-12-05T00:00:00.000+00:00,2015-01-21T00:00:00.000+00:00,2,3
EAR2,P10588,8C5L,NR2F6 ligand binding domain in complex with NSD1 peptide,X-RAY DIFFRACTION,2.6,2023-01-09T00:00:00.000+00:00,2024-01-10T00:00:00.000+00:00,2,0
ESR1,P03372,11SD,Covalent stabilizer compound 6 for the interaction between 14-3-3 sigma and Estrogen receptor-alpha peptide,X-RAY DIFFRACTION,2.816,2026-03-11T00:00:00.000+00:00,2026-08-26T00:00:00.000+00:00,2,1
ESR1,P03372,11SE,Covalent stabilizer compound 8 for the interaction between 14-3-3 sigma and Estrogen receptor-alpha peptide,X-RAY DIFFRACTION,2.239,2026-03-11T00:00:00.000+00:00,2026-08-26T00:00:00.000+00:00,2,3
ESR1,P03372,11SF,Covalent stabilizer compound 9 for the interaction between 14-3-3 sigma and Estrogen receptor-alpha peptide,X-RAY DIFFRACTION,2.24,2026-03-11T00:00:00.000+00:00,2026-08-26T00:00:00.000+00:00,2,1
ESR1,P03372,11SG,Covalent stabilizer compound 11 for the interaction between 14-3-3 sigma and Estrogen receptor-alpha peptide,X-RAY DIFFRACTION,2.6,2026-03-11T00:00:00.000+00:00,2026-08-26T00:00:00.000+00:00,2,1
ESR1,P03372,11SH,Covalent stabilizer compound 12 for the interaction between 14-3-3 sigma and Estrogen receptor-alpha peptide,X-RAY DIFFRACTION,2.2,2026-03-11T00:00:00.000+00:00,2026-08-26T00:00:00.000+00:00,2,1
ESR1,P03372,11SI,Covalent stabilizer compound 15A for the interaction between 14-3-3 sigma and Estrogen receptor-alpha peptide,X-RAY DIFFRACTION,2.5,2026-03-11T00:00:00.000+00:00,2026-08-26T00:00:00.000+00:00,2,1
ESR1,P03372,11SJ,Covalent stabilizer compound 15B for the interaction between 14-3-3 sigma and Estrogen receptor-alpha peptide,X-RAY DIFFRACTION,2.4,2026-03-11T00:00:00.000+00:00,2026-08-26T00:00:00.000+00:00,2,1
ESR1,P03372,11ZU,Covalent stabilizer compound 7 for the interaction between 14-3-3 sigma and Estrogen receptor-alpha peptide,X-RAY DIFFRACTION,2.25,2026-03-20T00:00:00.000+00:00,2026-09-02T00:00:00.000+00:00,2,1
ESR1,P03372,1A52,ESTROGEN RECEPTOR ALPHA LIGAND-BINDING DOMAIN COMPLEXED TO ESTRADIOL,X-RAY DIFFRACTION,2.8,1998-02-19T00:00:00.000+00:00,1998-09-16T00:00:00.000+00:00,1,2
ESR1,P03372,1ERE,HUMAN ESTROGEN RECEPTOR LIGAND-BINDING DOMAIN IN COMPLEX WITH 17BETA-ESTRADIOL,X-RAY DIFFRACTION,3.1,1997-09-08T00:00:00.000+00:00,1998-09-16T00:00:00.000+00:00,1,1
ESR1,P03372,1ERR,HUMAN ESTROGEN RECEPTOR LIGAND-BINDING DOMAIN IN COMPLEX WITH RALOXIFENE,X-RAY DIFFRACTION,2.6,1997-09-08T00:00:00.000+00:00,1998-09-16T00:00:00.000+00:00,1,1
ESR1,P03372,1G50,CRYSTAL STRUCTURE OF A WILD TYPE HER ALPHA LBD AT 2.9 ANGSTROM RESOLUTION,X-RAY DIFFRACTION,2.9,2000-10-30T00:00:00.000+00:00,2002-02-06T00:00:00.000+00:00,1,1
ESR1,P03372,1GWQ,HUMAN OESTROGEN RECEPTOR ALPHA LIGAND-BINDING DOMAIN IN COMPLEX WITH RALOXIFENE CORE AND TIF2 NRBOX2 PEPTIDE,X-RAY DIFFRACTION,2.45,2002-03-22T00:00:00.000+00:00,2002-08-29T00:00:00.000+00:00,2,1
ESR1,P03372,1GWR,HUMAN OESTROGEN RECEPTOR ALPHA LIGAND-BINDING DOMAIN IN COMPLEX WITH 17BETA-OESTRADIOL AND TIF2 NRBOX3 PEPTIDE,X-RAY DIFFRACTION,2.4,2002-03-22T00:00:00.000+00:00,2002-08-29T00:00:00.000+00:00,2,1
ESR1,P03372,1HCP,DNA RECOGNITION BY THE OESTROGEN RECEPTOR: FROM SOLUTION TO THE CRYSTAL,SOLUTION NMR,,1993-11-23T00:00:00.000+00:00,1995-11-23T00:00:00.000+00:00,1,1
ESR1,P03372,1HCQ,THE CRYSTAL STRUCTURE OF THE ESTROGEN RECEPTOR DNA-BINDING DOMAIN BOUND TO DNA: HOW RECEPTORS DISCRIMINATE BETWEEN THEIR RESPONSE ELEMENTS,X-RAY DIFFRACTION,2.4,1995-01-04T00:00:00.000+00:00,1995-11-23T00:00:00.000+00:00,3,1
ESR1,P03372,1L2I,"Human Estrogen Receptor alpha Ligand-binding Domain in Complex with (R,R)-5,11-cis-diethyl-5,6,11,12-tetrahydrochrysene-2,8-diol and a Glucocorticoid Receptor Interacting Protein 1 NR box II Peptide",X-RAY DIFFRACTION,1.95,2002-02-21T00:00:00.000+00:00,2002-05-01T00:00:00.000+00:00,2,2
ESR1,P03372,1PCG,Helix-stabilized cyclic peptides as selective inhibitors of steroid receptor-coactivator interactions,X-RAY DIFFRACTION,2.7,2003-05-16T00:00:00.000+00:00,2003-10-28T00:00:00.000+00:00,2,1
ESR1,P03372,1QKT,MUTANT ESTROGEN NUCLEAR RECEPTOR LIGAND BINDING DOMAIN COMPLEXED WITH ESTRADIOL,X-RAY DIFFRACTION,2.2,1999-08-05T00:00:00.000+00:00,2000-08-18T00:00:00.000+00:00,1,1
ESR1,P03372,1QKU,WILD TYPE ESTROGEN NUCLEAR RECEPTOR LIGAND BINDING DOMAIN COMPLEXED WITH ESTRADIOL,X-RAY DIFFRACTION,3.2,1999-08-05T00:00:00.000+00:00,2000-08-18T00:00:00.000+00:00,1,1
ESR1,P03372,1R5K,Human Estrogen Receptor alpha Ligand-Binding Domain In Complex With GW5638,X-RAY DIFFRACTION,2.7,2003-10-10T00:00:00.000+00:00,2004-11-23T00:00:00.000+00:00,1,1
ESR1,P03372,1SJ0,Human Estrogen Receptor Alpha Ligand-binding Domain in Complex with the Antagonist Ligand 4-D,X-RAY DIFFRACTION,1.9,2004-03-02T00:00:00.000+00:00,2004-04-27T00:00:00.000+00:00,1,1
ESR1,P03372,1UOM,The Structure of Estrogen Receptor in Complex with a Selective and Potent Tetrahydroisochiolin Ligand.,X-RAY DIFFRACTION,2.28,2003-04-11T00:00:00.000+00:00,2003-07-03T00:00:00.000+00:00,1,1
ESR1,P03372,1X7E,CRYSTAL STRUCTURE OF ESTROGEN RECEPTOR ALPHA COMPLEXED WITH WAY-244,X-RAY DIFFRACTION,2.8,2004-08-13T00:00:00.000+00:00,2005-03-01T00:00:00.000+00:00,2,1
ESR1,P03372,1X7R,CRYSTAL STRUCTURE OF ESTROGEN RECEPTOR ALPHA COMPLEXED WITH GENISTEIN,X-RAY DIFFRACTION,2.0,2004-08-16T00:00:00.000+00:00,2005-03-01T00:00:00.000+00:00,2,1
ESR1,P03372,1XP1,HUMAN ESTROGEN RECEPTOR ALPHA LIGAND-BINDING DOMAIN IN COMPLEX WITH COMPOUND 15,X-RAY DIFFRACTION,1.8,2004-10-07T00:00:00.000+00:00,2004-12-07T00:00:00.000+00:00,1,1
ESR1,P03372,1XP6,HUMAN ESTROGEN RECEPTOR ALPHA LIGAND-BINDING DOMAIN IN COMPLEX WITH COMPOUND 16,X-RAY DIFFRACTION,1.7,2004-10-08T00:00:00.000+00:00,2004-12-07T00:00:00.000+00:00,1,1
ESR1,P03372,1XP9,HUMAN ESTROGEN RECEPTOR ALPHA LIGAND-BINDING DOMAIN IN COMPLEX WITH COMPOUND 18,X-RAY DIFFRACTION,1.8,2004-10-08T00:00:00.000+00:00,2004-12-07T00:00:00.000+00:00,1,1
ESR1,P03372,1XPC,HUMAN ESTROGEN RECEPTOR ALPHA LIGAND-BINDING DOMAIN IN COMPLEX WITH COMPOUND 19,X-RAY DIFFRACTION,1.6,2004-10-08T00:00:00.000+00:00,2004-12-07T00:00:00.000+00:00,1,1
ESR1,P03372,1XQC,X-ray structure of ERalpha LBD bound to a tetrahydroisoquinoline SERM ligand at 2.05A resolution,X-RAY DIFFRACTION,2.05,2004-10-12T00:00:00.000+00:00,2005-02-01T00:00:00.000+00:00,1,1
ESR1,P03372,1YIM,Human estrogen receptor alpha ligand-binding domain in complex with compound 4,X-RAY DIFFRACTION,1.9,2005-01-12T00:00:00.000+00:00,2005-07-26T00:00:00.000+00:00,1,1
ESR1,P03372,1YIN,Human estrogen receptor alpha ligand-binding domain in complex with compound 3F,X-RAY DIFFRACTION,2.2,2005-01-12T00:00:00.000+00:00,2005-07-26T00:00:00.000+00:00,1,1
ESR1,P03372,1ZKY,Human Estrogen Receptor Alpha Ligand-Binding Domain In Complex With OBCP-3M and A Glucocorticoid Receptor Interacting Protein 1 Nr Box II Peptide,X-RAY DIFFRACTION,2.25,2005-05-04T00:00:00.000+00:00,2006-05-09T00:00:00.000+00:00,2,1
ESR1,P03372,2AYR,A SERM Designed for the Treatment of Uterine Leiomyoma with Unique Tissue Specificity for Uterus and Ovaries in Rats,X-RAY DIFFRACTION,1.9,2005-09-07T00:00:00.000+00:00,2005-11-22T00:00:00.000+00:00,1,1
ESR1,P03372,2B1V,Human estrogen receptor alpha ligand-binding domain in complex with OBCP-1M and a glucocorticoid receptor interacting protein 1 NR box II peptide,X-RAY DIFFRACTION,1.8,2005-09-16T00:00:00.000+00:00,2006-05-09T00:00:00.000+00:00,2,1
ESR1,P03372,2B1Z,Human estrogen receptor alpha ligand-binding domain in complex with 17methyl-17alpha-dihydroequilenin and a glucoc interacting protein 1 NR box II peptide,X-RAY DIFFRACTION,1.78,2005-09-16T00:00:00.000+00:00,2006-09-19T00:00:00.000+00:00,2,1
ESR1,P03372,2B23,Human estrogen receptor alpha ligand-binding domain and a glucocorticoid receptor-interacting protein 1 NR box II peptide,X-RAY DIFFRACTION,2.1,2005-09-16T00:00:00.000+00:00,2006-09-19T00:00:00.000+00:00,2,0
ESR1,P03372,2BJ4,ESTROGEN RECEPTOR ALPHA LBD IN COMPLEX WITH A PHAGE-DISPLAY DERIVED PEPTIDE ANTAGONIST,X-RAY DIFFRACTION,2.0,2005-01-28T00:00:00.000+00:00,2005-02-16T00:00:00.000+00:00,3,1
ESR1,P03372,2FAI,Human Estrogen Receptor Alpha Ligand-Binding Domain In Complex With OBCP-2M and A Glucocorticoid Receptor Interacting Protein 1 NR Box II Peptide,X-RAY DIFFRACTION,2.1,2005-12-07T00:00:00.000+00:00,2006-05-09T00:00:00.000+00:00,2,1
ESR1,P03372,2G44,Human Estrogen Receptor Alpha Ligand-Binding Domain In Complex With OBCP-1M-G and A Glucocorticoid Receptor Interacting Protein 1 NR Box II Peptide,X-RAY DIFFRACTION,2.65,2006-02-21T00:00:00.000+00:00,2007-01-09T00:00:00.000+00:00,2,1
ESR1,P03372,2G5O,Human estrogen receptor alpha ligand-binding domain in complex with 2-(but-1-enyl)-17beta-estradiol and a glucocorticoid receptor interacting protein 1 NR BOX II Peptide,X-RAY DIFFRACTION,2.3,2006-02-23T00:00:00.000+00:00,2007-03-06T00:00:00.000+00:00,2,1
ESR1,P03372,2I0J,Benzopyrans are Selective Estrogen Receptor beta Agonists (SERBAs) with Novel Activity in Models of Benign Prostatic Hyperplasia,X-RAY DIFFRACTION,2.9,2006-08-10T00:00:00.000+00:00,2006-10-24T00:00:00.000+00:00,1,1
ESR1,P03372,2IOG,Human estrogen receptor alpha ligand-binding domain in complex with compound 11F,X-RAY DIFFRACTION,1.6,2006-10-10T00:00:00.000+00:00,2007-10-09T00:00:00.000+00:00,1,1
ESR1,P03372,2IOK,Human estrogen receptor alpha ligand-binding domain in complex with compound 1D,X-RAY DIFFRACTION,2.4,2006-10-10T00:00:00.000+00:00,2007-10-09T00:00:00.000+00:00,1,1
ESR1,P03372,2JF9,ESTROGEN RECEPTOR ALPHA LBD IN COMPLEX WITH A TAMOXIFEN-SPECIFIC PEPTIDE ANTAGONIST,X-RAY DIFFRACTION,2.1,2007-01-29T00:00:00.000+00:00,2007-02-20T00:00:00.000+00:00,2,4
ESR1,P03372,2JFA,ESTROGEN RECEPTOR ALPHA LBD IN COMPLEX WITH AN AFFINITY-SELECTED COREPRESSOR PEPTIDE,X-RAY DIFFRACTION,2.55,2007-01-29T00:00:00.000+00:00,2007-02-20T00:00:00.000+00:00,3,2
ESR1,P03372,2LLO,Solution NMR-derived structure of calmodulin N-lobe bound with ER alpha peptide,SOLUTION NMR,,2011-11-15T00:00:00.000+00:00,2012-02-01T00:00:00.000+00:00,2,1
ESR1,P03372,2LLQ,Solution nmr-derived structure of calmodulin c-lobe bound with er alpha peptide,SOLUTION NMR,,2011-11-15T00:00:00.000+00:00,2012-02-01T00:00:00.000+00:00,2,1
ESR1,P03372,2OCF,Human estrogen receptor alpha ligand-binding domain in complex with estradiol and the E2#23 FN3 monobody,X-RAY DIFFRACTION,2.95,2006-12-20T00:00:00.000+00:00,2007-11-06T00:00:00.000+00:00,2,1
ESR1,P03372,2OUZ,Crystal Structure of Estrogen Receptor alpha-lasofoxifene complex,X-RAY DIFFRACTION,2.0,2007-02-12T00:00:00.000+00:00,2007-05-08T00:00:00.000+00:00,1,1
ESR1,P03372,2P15,Crystal structure of the ER alpha ligand binding domain with the agonist ortho-trifluoromethylphenylvinyl estradiol,X-RAY DIFFRACTION,1.94,2007-03-02T00:00:00.000+00:00,2007-05-01T00:00:00.000+00:00,2,1
ESR1,P03372,2POG,Benzopyrans as Selective Estrogen Receptor b Agonists (SERBAs). Part 2: Structure Activity Relationship Studies on the Benzopyran Scaffold.,X-RAY DIFFRACTION,1.84,2007-04-26T00:00:00.000+00:00,2007-09-11T00:00:00.000+00:00,1,1
ESR1,P03372,2Q6J,Crystal Structure of Estrogen Receptor alpha Complexed to a B-N Substituted Ligand,X-RAY DIFFRACTION,2.7,2007-06-05T00:00:00.000+00:00,2007-06-26T00:00:00.000+00:00,2,1
ESR1,P03372,2Q70,Estrogen receptor alpha ligand-binding domain complxed to a benzopyran ligand,X-RAY DIFFRACTION,1.95,2007-06-05T00:00:00.000+00:00,2007-08-07T00:00:00.000+00:00,1,1
ESR1,P03372,2QA6,"Crystal Structure of Estrogen Receptor Alpha mutant 537S Complexed with 4-(6-hydroxy-1H-indazol-3-yl)benzene-1,3-diol",X-RAY DIFFRACTION,2.6,2007-06-14T00:00:00.000+00:00,2008-03-18T00:00:00.000+00:00,2,1
ESR1,P03372,2QA8,Crystal Structure of the Estrogen Receptor Alpha Ligand Binding Domain Mutant 537S Complexed with Genistein,X-RAY DIFFRACTION,1.85,2007-06-14T00:00:00.000+00:00,2008-03-18T00:00:00.000+00:00,3,1
ESR1,P03372,2QAB,Crystal Structure of Estrogen Receptor Alpha Ligand Binding Domain Mutant 537S Complexed with an Ethyl Indazole Compound,X-RAY DIFFRACTION,1.89,2007-06-14T00:00:00.000+00:00,2008-03-18T00:00:00.000+00:00,2,1
ESR1,P03372,2QE4,Estrogen receptor alpha ligand-binding domain in complex with a benzopyran agonist,X-RAY DIFFRACTION,2.4,2007-06-22T00:00:00.000+00:00,2007-09-04T00:00:00.000+00:00,1,1
ESR1,P03372,2QGT,Crystal Structure of the Estrogen Receptor Alpha Ligand Binding Domain Complexed to an Ether Estradiol Compound,X-RAY DIFFRACTION,2.15,2007-06-29T00:00:00.000+00:00,2008-03-18T00:00:00.000+00:00,2,1
ESR1,P03372,2QGW,Crystal Structure of the Estrogen Receptor Alpha Ligand Binding Domain Complexed with a Chloro-Indazole Compound,X-RAY DIFFRACTION,2.39,2007-06-29T00:00:00.000+00:00,2008-03-18T00:00:00.000+00:00,2,1
ESR1,P03372,2QH6,Crystal Structure of the Estrogen Receptor Alpha Ligand Binding Domain Complexed with an Oxabicyclic diarylethylene Compound,X-RAY DIFFRACTION,2.7,2007-06-29T00:00:00.000+00:00,2008-03-18T00:00:00.000+00:00,2,1
ESR1,P03372,2QR9,Crystal Structure of the Estrogen Receptor Alpha Ligand Binding Domain Complexed with an Oxabicyclic Derivative Compound,X-RAY DIFFRACTION,2.0,2007-07-27T00:00:00.000+00:00,2008-03-18T00:00:00.000+00:00,2,1
ESR1,P03372,2QSE,Crystal Structure of the Estrogen Receptor Alpha Ligand Binding Domain complexed with Burned Meat Compound 4-OH-PhIP,X-RAY DIFFRACTION,1.85,2007-07-30T00:00:00.000+00:00,2008-03-18T00:00:00.000+00:00,2,1
ESR1,P03372,2QXM,Crystal Structure of the Estrogen Receptor Alpha Ligand Binding Domain Complexed to Burned Meat Compound PhIP,X-RAY DIFFRACTION,2.3,2007-08-12T00:00:00.000+00:00,2008-03-18T00:00:00.000+00:00,2,1
ESR1,P03372,2QXS,Crystal Structure of Antagonizing Mutant 536S of the Estrogen Receptor Alpha Ligand Binding Domain Complexed to Raloxifene,X-RAY DIFFRACTION,1.7,2007-08-12T00:00:00.000+00:00,2008-09-02T00:00:00.000+00:00,1,1
ESR1,P03372,2QZO,Crystal Structure of the Estrogen Receptor Alpha Ligand Binding Domain Complexed with WAY-169916,X-RAY DIFFRACTION,1.72,2007-08-16T00:00:00.000+00:00,2008-08-26T00:00:00.000+00:00,3,1
ESR1,P03372,2R6W,Estrogen receptor alpha ligand-binding domain complexed to a SERM,X-RAY DIFFRACTION,2.0,2007-09-06T00:00:00.000+00:00,2008-04-08T00:00:00.000+00:00,1,1
ESR1,P03372,2R6Y,Estrogen receptor alpha ligand-binding domain in complex with a SERM,X-RAY DIFFRACTION,2.0,2007-09-06T00:00:00.000+00:00,2008-04-08T00:00:00.000+00:00,1,1
ESR1,P03372,2YAT,Crystal structure of estradiol derived metal chelate and estrogen receptor-ligand binding domain complex,X-RAY DIFFRACTION,2.602,2011-02-24T00:00:00.000+00:00,2011-06-01T00:00:00.000+00:00,1,3
ESR1,P03372,2YJA,Stapled Peptides binding to Estrogen Receptor alpha.,X-RAY DIFFRACTION,1.82,2011-05-19T00:00:00.000+00:00,2011-08-03T00:00:00.000+00:00,2,1
ESR1,P03372,3CBM,SET7/9-ER-AdoMet complex,X-RAY DIFFRACTION,1.69,2008-02-22T00:00:00.000+00:00,2008-05-13T00:00:00.000+00:00,2,2
ESR1,P03372,3CBO,SET7/9-ER-AdoHcy complex,X-RAY DIFFRACTION,1.65,2008-02-22T00:00:00.000+00:00,2008-05-13T00:00:00.000+00:00,2,3
ESR1,P03372,3CBP,Set7/9-ER-Sinefungin complex,X-RAY DIFFRACTION,1.42,2008-02-22T00:00:00.000+00:00,2008-05-13T00:00:00.000+00:00,2,3
ESR1,P03372,3DT3,Human Estrogen receptor alpha LBD with GW368,X-RAY DIFFRACTION,2.4,2008-07-14T00:00:00.000+00:00,2008-09-09T00:00:00.000+00:00,1,1
ESR1,P03372,3ERD,HUMAN ESTROGEN RECEPTOR ALPHA LIGAND-BINDING DOMAIN IN COMPLEX WITH DIETHYLSTILBESTROL AND A GLUCOCORTICOID RECEPTOR INTERACTING PROTEIN 1 NR BOX II PEPTIDE,X-RAY DIFFRACTION,2.03,1999-03-31T00:00:00.000+00:00,1999-04-08T00:00:00.000+00:00,2,3
ESR1,P03372,3ERT,HUMAN ESTROGEN RECEPTOR ALPHA LIGAND-BINDING DOMAIN IN COMPLEX WITH 4-HYDROXYTAMOXIFEN,X-RAY DIFFRACTION,1.9,1999-03-30T00:00:00.000+00:00,1999-04-08T00:00:00.000+00:00,1,1
ESR1,P03372,3HLV,"Crystal structure of human Estrogen Receptor Alpha Ligand-Binding Domain in complex with a Glucocorticoid Receptor Interacting Protein 1 Nr Box II Peptide and 16-alpha-hydroxy-estrone ((8S,9R,13S,14R,16R)-3,16-dihydroxy-13-methyl-7,8,9,11,12,14,15, 16-octahydro-6H-cyclopenta[a]phenanthren-17-one",X-RAY DIFFRACTION,3.0,2009-05-28T00:00:00.000+00:00,2010-06-02T00:00:00.000+00:00,2,1
ESR1,P03372,3HM1,"Crystal structure of human Estrogen Receptor Alpha Ligand-Binding Domain in complex with a Glucocorticoid Receptor Interacting Protein 1 Nr Box II Peptide and estrone ((8R,9S,13S,14S)-3-hydroxy-13-methyl-7,8,9,11,12,14,15,16-octahydro-6H-cyclopenta[a]phenanthren-17-one)",X-RAY DIFFRACTION,2.33,2009-05-28T00:00:00.000+00:00,2010-06-02T00:00:00.000+00:00,2,1
ESR1,P03372,3L03,"Crystal Structure of human Estrogen Receptor alpha Ligand-Binding Domain in complex with a Glucocorticoid Receptor Interacting Protein 1 Nr Box II peptide and Estetrol (Estra-1,3,5(10)-triene-3,15 alpha,16alpha,17beta-tetrol)",X-RAY DIFFRACTION,1.896,2009-12-09T00:00:00.000+00:00,2010-12-08T00:00:00.000+00:00,2,3
ESR1,P03372,3OS8,Estrogen Receptor,X-RAY DIFFRACTION,2.031,2010-09-08T00:00:00.000+00:00,2010-11-10T00:00:00.000+00:00,2,1
ESR1,P03372,3OS9,Estrogen Receptor,X-RAY DIFFRACTION,2.303,2010-09-08T00:00:00.000+00:00,2010-11-10T00:00:00.000+00:00,1,1
ESR1,P03372,3OSA,Estrogen Receptor,X-RAY DIFFRACTION,2.296,2010-09-08T00:00:00.000+00:00,2010-11-10T00:00:00.000+00:00,1,1
ESR1,P03372,3Q95,Crystal structure of human estrogen receptor alpha LBD in complex with GRIP peptide and estriol,X-RAY DIFFRACTION,2.05,2011-01-07T00:00:00.000+00:00,2012-01-11T00:00:00.000+00:00,3,2
ESR1,P03372,3UU7,Crystal structure of hERa-LBD (Y537S) in complex with bisphenol-A,X-RAY DIFFRACTION,2.196,2011-11-28T00:00:00.000+00:00,2012-08-22T00:00:00.000+00:00,3,1
ESR1,P03372,3UUA,Crystal structure of hERa-LBD (Y537S) in complex with bisphenol-AF,X-RAY DIFFRACTION,2.05,2011-11-28T00:00:00.000+00:00,2012-08-22T00:00:00.000+00:00,3,1
ESR1,P03372,3UUC,Crystal structure of hERa-LBD (wt) in complex with bisphenol-C,X-RAY DIFFRACTION,2.1,2011-11-28T00:00:00.000+00:00,2012-08-22T00:00:00.000+00:00,1,1
ESR1,P03372,3UUD,Crystal structure of hERa-LBD (Y537S) in complex with estradiol,X-RAY DIFFRACTION,1.6,2011-11-28T00:00:00.000+00:00,2012-08-22T00:00:00.000+00:00,3,3
ESR1,P03372,4AA6,The oestrogen receptor recognizes an imperfectly palindromic response element through an alternative side-chain conformation,X-RAY DIFFRACTION,2.6,2011-11-30T00:00:00.000+00:00,2011-12-14T00:00:00.000+00:00,3,1
ESR1,P03372,4DMA,Crystal structure of ERa LBD in complex with RU100132,X-RAY DIFFRACTION,2.3,2012-02-07T00:00:00.000+00:00,2012-03-07T00:00:00.000+00:00,2,1
ESR1,P03372,4IU7,"Crystal Structure of the Estrogen Receptor alpha Ligand-binding Domain in Complex with Constrained WAY-derivative, 2b",X-RAY DIFFRACTION,2.29,2013-01-20T00:00:00.000+00:00,2013-03-27T00:00:00.000+00:00,2,1
ESR1,P03372,4IUI,"Crystal Structure of the Estrogen Receptor alpha Ligand-binding Domain in Complex with Dynamic WAY derivative, 4a",X-RAY DIFFRACTION,2.3,2013-01-21T00:00:00.000+00:00,2013-03-27T00:00:00.000+00:00,2,1
ESR1,P03372,4IV2,"Crystal Structure of the Estrogen Receptor alpha Ligand-binding Domain in Complex with Dynamic WAY-derivative, 5a",X-RAY DIFFRACTION,2.14,2013-01-22T00:00:00.000+00:00,2013-03-27T00:00:00.000+00:00,2,1
ESR1,P03372,4IV4,"Crystal Structure of the Estrogen Receptor alpha Ligand-binding Domain in Complex with Constrained WAY-derivative, 5b",X-RAY DIFFRACTION,2.3,2013-01-22T00:00:00.000+00:00,2013-03-27T00:00:00.000+00:00,2,1
ESR1,P03372,4IVW,"Crystal Structure of the Estrogen Receptor alpha Ligand-binding Domain in Complex with Constrained WAY-derivative, 6b",X-RAY DIFFRACTION,2.06,2013-01-23T00:00:00.000+00:00,2013-03-27T00:00:00.000+00:00,2,1
ESR1,P03372,4IVY,"Crystal Structure of the Estrogen Receptor alpha Ligand-binding Domain in Complex with Dynamic WAY-derivative, 7a",X-RAY DIFFRACTION,1.95,2013-01-23T00:00:00.000+00:00,2013-03-27T00:00:00.000+00:00,2,1
ESR1,P03372,4IW6,"Crystal Structure of the Estrogen Receptor alpha Ligand-binding Domain in Complex with Constrained WAY-derivative, 7b",X-RAY DIFFRACTION,1.98,2013-01-23T00:00:00.000+00:00,2013-03-27T00:00:00.000+00:00,2,1
ESR1,P03372,4IW8,"Crystal Structure of the Estrogen Receptor alpha Ligand-binding Domain in Complex with Dynamic WAY-derivative, 9a",X-RAY DIFFRACTION,2.0375,2013-01-23T00:00:00.000+00:00,2013-03-27T00:00:00.000+00:00,2,1
ESR1,P03372,4IWC,Crystal Structure of the Estrogen Receptor alpha Ligand-binding Domain in Complex with a Dynamic Thiophene-derivative,X-RAY DIFFRACTION,2.24,2013-01-23T00:00:00.000+00:00,2013-03-27T00:00:00.000+00:00,2,1
ESR1,P03372,4IWF,Crystal Structure of the Estrogen Receptor alpha Ligand-binding Domain in Complex with a Dynamic Oxime-derivative,X-RAY DIFFRACTION,1.932,2013-01-23T00:00:00.000+00:00,2013-03-27T00:00:00.000+00:00,2,1
ESR1,P03372,4JC3,14-3-3 protein interaction with Estrogen Receptor Alpha provides a novel drug target interface,X-RAY DIFFRACTION,2.05,2013-02-21T00:00:00.000+00:00,2013-05-15T00:00:00.000+00:00,2,1
ESR1,P03372,4JDD,14-3-3 protein interaction with Estrogen Receptor Alpha provides a novel drug target interface,X-RAY DIFFRACTION,2.1,2013-02-25T00:00:00.000+00:00,2013-05-15T00:00:00.000+00:00,2,1
ESR1,P03372,4MG5,Crystal structure of hERa-LBD (Y537S) in complex with chlordecone,X-RAY DIFFRACTION,2.05,2013-08-28T00:00:00.000+00:00,2014-09-03T00:00:00.000+00:00,2,2
ESR1,P03372,4MG6,Crystal structure of hERa-LBD (Y537S) in complex with benzylbutylphtalate,X-RAY DIFFRACTION,2.1,2013-08-28T00:00:00.000+00:00,2014-09-03T00:00:00.000+00:00,2,2
ESR1,P03372,4MG7,Crystal structure of hERa-LBD (Y537S) in complex with ferutinine,X-RAY DIFFRACTION,2.15,2013-08-28T00:00:00.000+00:00,2014-09-03T00:00:00.000+00:00,3,2
ESR1,P03372,4MG8,Crystal structure of hERa-LBD (Y537S) in complex with alpha-zearalanol,X-RAY DIFFRACTION,1.85,2013-08-28T00:00:00.000+00:00,2014-09-03T00:00:00.000+00:00,3,3
ESR1,P03372,4MG9,Crystal structure of hERa-LBD (Y537S) in complex with butylparaben,X-RAY DIFFRACTION,2.0,2013-08-28T00:00:00.000+00:00,2014-09-03T00:00:00.000+00:00,3,2
ESR1,P03372,4MGA,Crystal structure of hERa-LBD (Y537S) in complex with 4-tert-octylphenol,X-RAY DIFFRACTION,1.8,2013-08-28T00:00:00.000+00:00,2014-09-03T00:00:00.000+00:00,3,1
ESR1,P03372,4MGB,Crystal structure of hERa-LBD (Y537S) in complex with TCBPA,X-RAY DIFFRACTION,1.85,2013-08-28T00:00:00.000+00:00,2014-09-03T00:00:00.000+00:00,3,2
ESR1,P03372,4MGC,Crystal structure of hERa-LBD (Y537S) in complex with benzophenone-2,X-RAY DIFFRACTION,2.15,2013-08-28T00:00:00.000+00:00,2014-09-03T00:00:00.000+00:00,2,2
ESR1,P03372,4MGD,Crystal structure of hERa-LBD (Y537S) in complex with HPTE,X-RAY DIFFRACTION,1.9,2013-08-28T00:00:00.000+00:00,2014-09-03T00:00:00.000+00:00,3,3
ESR1,P03372,4O6F,Structural Basis of Estrogen Receptor Alpha Methylation Mediated by Histone Methyltransferase SmyD2,X-RAY DIFFRACTION,2.822,2013-12-20T00:00:00.000+00:00,2014-03-26T00:00:00.000+00:00,2,4
ESR1,P03372,4PP6,Crystal Structure of the Estrogen Receptor alpha Ligand-binding Domain in Complex with Resveratrol,X-RAY DIFFRACTION,2.201,2014-02-26T00:00:00.000+00:00,2014-05-07T00:00:00.000+00:00,2,1
ESR1,P03372,4PPP,Crystal Structure of the Estrogen Receptor alpha Ligand-binding Domain in Complex with Fluoro-Resveratrol,X-RAY DIFFRACTION,2.686,2014-02-27T00:00:00.000+00:00,2014-05-07T00:00:00.000+00:00,2,1
ESR1,P03372,4PPS,Crystal Structure of the Estrogen Receptor alpha Ligand-binding Domain in Complex with an A-CD ring estrogen derivative,X-RAY DIFFRACTION,1.929,2014-02-27T00:00:00.000+00:00,2014-05-07T00:00:00.000+00:00,2,1
ESR1,P03372,4PXM,The Estrogen Receptor Alpha Ligand Binding Domain D538G Mutant in Complex with Estradiol and a glucocorticoid receptor-interacting protein 1 NR box II peptide,X-RAY DIFFRACTION,1.9,2014-03-24T00:00:00.000+00:00,2015-04-08T00:00:00.000+00:00,2,1
ESR1,P03372,4Q13,Apo Estrogen Receptor Alpha Ligand Binding Domain D538G Mutant with a glucocorticoid receptor-interacting protein 1 NR box II peptide,X-RAY DIFFRACTION,2.24,2014-04-02T00:00:00.000+00:00,2015-04-08T00:00:00.000+00:00,2,0
ESR1,P03372,4Q50,The Estrogen Receptor Alpha Ligand Binding Domain D538G Mutant in Complex with 4-hydroxytamoxifen,X-RAY DIFFRACTION,3.07,2014-04-15T00:00:00.000+00:00,2015-04-15T00:00:00.000+00:00,1,2
ESR1,P03372,4TUZ,Crystal structure of hERa-LBD (Y537S) in complex with alpha-zearalenol,X-RAY DIFFRACTION,1.9,2014-06-25T00:00:00.000+00:00,2015-01-28T00:00:00.000+00:00,3,3
ESR1,P03372,4TV1,Crystal structure of hERa-LBD (Y537S) in complex with propylparaben,X-RAY DIFFRACTION,1.85,2014-06-25T00:00:00.000+00:00,2015-01-28T00:00:00.000+00:00,3,4
ESR1,P03372,4XI3,Estrogen Receptor Alpha Ligand Binding Domain in Complex with Bazedoxifene,X-RAY DIFFRACTION,2.491,2015-01-06T00:00:00.000+00:00,2016-01-13T00:00:00.000+00:00,1,1
ESR1,P03372,4ZN7,Crystal Structure of the ER-alpha Ligand-binding Domain (Y537S) in complex with Diethylstilbestrol,X-RAY DIFFRACTION,1.934,2015-05-04T00:00:00.000+00:00,2016-05-04T00:00:00.000+00:00,2,1
ESR1,P03372,4ZN9,Crystal Structure of the ER-alpha Ligand-binding Domain (Y537S) in complex with Oxabicyclic Heptene Sulfonate (OBHS),X-RAY DIFFRACTION,2.215,2015-05-04T00:00:00.000+00:00,2015-09-09T00:00:00.000+00:00,2,1
ESR1,P03372,4ZNH,Crystal Structure of the ER-alpha Ligand-binding Domain (Y537S) in complex with a 2-Fluoro-substituted OBHS derivative,X-RAY DIFFRACTION,1.933,2015-05-04T00:00:00.000+00:00,2016-05-04T00:00:00.000+00:00,2,1
ESR1,P03372,4ZNS,Crystal Structure of the ER-alpha Ligand-binding Domain (Y537S) in complex with a 3-Fluoro-substituted OBHS derivative,X-RAY DIFFRACTION,1.86,2015-05-05T00:00:00.000+00:00,2016-05-04T00:00:00.000+00:00,2,1
ESR1,P03372,4ZNT,Crystal Structure of the ER-alpha Ligand-binding Domain (Y537S) in complex with a 3-Bromo-substituted OBHS derivative,X-RAY DIFFRACTION,1.903,2015-05-05T00:00:00.000+00:00,2016-05-04T00:00:00.000+00:00,2,1
ESR1,P03372,4ZNU,Crystal Structure of the ER-alpha Ligand-binding Domain (Y537S) in complex with a 2-Methyl-substituted OBHS derivative,X-RAY DIFFRACTION,2.4,2015-05-05T00:00:00.000+00:00,2016-05-04T00:00:00.000+00:00,2,1
ESR1,P03372,4ZNV,Crystal Structure of the ER-alpha Ligand-binding Domain (Y537S) in complex with a 2-Methoxy-substituted OBHS derivative,X-RAY DIFFRACTION,1.771,2015-05-05T00:00:00.000+00:00,2016-05-04T00:00:00.000+00:00,2,1
ESR1,P03372,4ZNW,Crystal Structure of the ER-alpha Ligand-binding Domain (Y537S) in complex with a 4-Bromo-substituted OBHS derivative,X-RAY DIFFRACTION,2.31,2015-05-05T00:00:00.000+00:00,2016-05-04T00:00:00.000+00:00,2,1
ESR1,P03372,5AAU,"Optimization of a novel binding motif to to (E)-3-(3,5-difluoro-4-((1R,3R)-2-(2-fluoro-2-methylpropyl)-3-methyl-2,3,4,9-tetrahydro-1H- pyrido(3,4-b)indol-1-yl)phenyl)acrylic acid (AZD9496), a potent and orally bioavailable selective estrogen receptor downregulator and antagonist",X-RAY DIFFRACTION,1.9,2015-07-28T00:00:00.000+00:00,2015-10-14T00:00:00.000+00:00,1,1
ESR1,P03372,5AAV,"Optimization of a novel binding motif to to (E)-3-(3,5-difluoro-4-((1R,3R)-2-(2-fluoro-2-methylpropyl)-3-methyl-2,3,4,9-tetrahydro-1H- pyrido(3,4-b)indol-1-yl)phenyl)acrylic acid (AZD9496), a potent and orally bioavailable selective estrogen receptor downregulator and antagonist",X-RAY DIFFRACTION,1.95,2015-07-29T00:00:00.000+00:00,2015-10-14T00:00:00.000+00:00,2,1
ESR1,P03372,5ACC,"A Novel Oral Selective Estrogen Receptor Down-regulator, AZD9496, drives Tumour Growth Inhibition in Estrogen Receptor positive and ESR1 Mutant Models",X-RAY DIFFRACTION,1.88,2015-08-15T00:00:00.000+00:00,2015-12-16T00:00:00.000+00:00,1,1
ESR1,P03372,5AK2,Oxyphenylpropenoic acids as Oral Selective Estrogen Receptor Down- Regulators.,X-RAY DIFFRACTION,2.19,2015-02-27T00:00:00.000+00:00,2015-04-22T00:00:00.000+00:00,1,1
ESR1,P03372,5DI7,"Crystal Structure of the ER-alpha Ligand-binding Domain in complex with an methyl-substituted A-CD ring estrogen derivative (1S,3aR,5S,7aS)-5-(4-hydroxy-2-methylphenyl)-7a-methyloctahydro-1H-inden-1-ol",X-RAY DIFFRACTION,2.241,2015-08-31T00:00:00.000+00:00,2016-05-04T00:00:00.000+00:00,2,1
ESR1,P03372,5DID,"Crystal Structure of the ER-alpha Ligand-binding Domain in complex with a difluoro-substituted A-CD ring estrogen derivative (1S,3aR,5S,7aS)-5-(2,3-difluoro-4-hydroxyphenyl)-7a-methyloctahydro-1H-inden-1-ol",X-RAY DIFFRACTION,2.24,2015-08-31T00:00:00.000+00:00,2016-05-04T00:00:00.000+00:00,2,1
ESR1,P03372,5DIE,"Crystal Structure of the ER-alpha Ligand-binding Domain in complex with a trifluoro-substituted A-CD ring estrogen derivative (1S,3aR,5S,7aS)-7a-methyl-5-(2,3,5-trifluoro-4-hydroxyphenyl)octahydro-1H-inden-1-ol",X-RAY DIFFRACTION,2.24,2015-08-31T00:00:00.000+00:00,2016-05-04T00:00:00.000+00:00,2,1
ESR1,P03372,5DIG,"Crystal Structure of the ER-alpha Ligand-binding Domain in complex with a trifluoromethyl-substituted A-CD ring estrogen derivative (1S,3aR,5S,7aS)-5-[4-hydroxy-2-(trifluoromethyl)phenyl]-7a-methyloctahydro-1H-inden-1-ol",X-RAY DIFFRACTION,2.24,2015-09-01T00:00:00.000+00:00,2016-05-04T00:00:00.000+00:00,2,1
ESR1,P03372,5DK9,"Crystal Structure of the ER-alpha Ligand-binding Domain in complex with a phenylamino-substituted ethyl triaryl-ethylene derivative 4,4'-{2-[3-(phenylamino)phenyl]but-1-ene-1,1-diyl}diphenol",X-RAY DIFFRACTION,2.28,2015-09-03T00:00:00.000+00:00,2016-05-04T00:00:00.000+00:00,2,1
ESR1,P03372,5DKB,"Crystal Structure of the ER-alpha Ligand-binding Domain in complex with a 3-methylphenylamino-substituted ethyl triaryl-ethylene derivative 4,4'-(2-{3-[(3-methylphenyl)amino]phenyl}but-1-ene-1,1-diyl)diphenol",X-RAY DIFFRACTION,2.4,2015-09-03T00:00:00.000+00:00,2016-05-04T00:00:00.000+00:00,2,1
ESR1,P03372,5DKE,"Crystal Structure of the ER-alpha Ligand-binding Domain in complex with a 3-naphthyl-substituted, methyl, cis-diaryl-ethylene compound 4,4'-[2-(naphthalen-2-yl)prop-1-ene-1,1-diyl]diphenol",X-RAY DIFFRACTION,2.6,2015-09-03T00:00:00.000+00:00,2016-05-04T00:00:00.000+00:00,2,1
ESR1,P03372,5DKG,"Crystal Structure of the ER-alpha Ligand-binding Domain in complex with a t-butyl-substituted, methyl, triaryl-ethylene derivative 4,4'-[2-(4-tert-butylphenyl)prop-1-ene-1,1-diyl]diphenol",X-RAY DIFFRACTION,2.15,2015-09-03T00:00:00.000+00:00,2016-05-04T00:00:00.000+00:00,2,1
ESR1,P03372,5DKS,"Crystal Structure of the ER-alpha Ligand-binding Domain in complex with a 2-naphthylamino-substituted, ethyl, triaryl-ethylene derivative 4,4'-{2-[3-(naphthalen-1-ylamino)phenyl]but-1-ene-1,1-diyl}diphenol",X-RAY DIFFRACTION,2.6,2015-09-03T00:00:00.000+00:00,2016-05-04T00:00:00.000+00:00,2,1
ESR1,P03372,5DL4,"Crystal Structure of the ER-alpha Ligand-binding Domain in complex with a phenylamino-substituted, methyl, triaryl-ethylene derivative 4,4'-{2-[3-(phenylamino)phenyl]prop-1-ene-1,1-diyl}diphenol",X-RAY DIFFRACTION,2.1,2015-09-04T00:00:00.000+00:00,2016-05-04T00:00:00.000+00:00,2,1
ESR1,P03372,5DLR,"Crystal Structure of the ER-alpha Ligand-binding Domain in complex with a triaryl-ethylene compound 4,4'-(2-phenylethene-1,1-diyl)diphenol",X-RAY DIFFRACTION,2.26,2015-09-07T00:00:00.000+00:00,2016-05-04T00:00:00.000+00:00,2,1
ESR1,P03372,5DMC,"Crystal Structure of the ER-alpha Ligand-binding Domain in complex with a nitrile-substituted triaryl-ethylene derivative 3,3-bis(4-hydroxyphenyl)-2-phenylprop-2-enenitrile",X-RAY DIFFRACTION,2.403,2015-09-08T00:00:00.000+00:00,2016-05-04T00:00:00.000+00:00,2,1
ESR1,P03372,5DMF,"Crystal Structure of the ER-alpha Ligand-binding Domain in complex with a 4-fluorophenylamino-substituted, methyl triaryl-ethylene derivative 4,4'-(2-{3-[(4-fluorophenyl)amino]phenyl}prop-1-ene-1,1-diyl)diphenol",X-RAY DIFFRACTION,2.4,2015-09-08T00:00:00.000+00:00,2016-05-04T00:00:00.000+00:00,2,1
ESR1,P03372,5DP0,"Crystal Structure of the ER-alpha Ligand-binding Domain in complex with a 4-fluorophenylamino-substituted triaryl-ethylene derivative 4,4'-(2-{3-[(4-fluorophenyl)amino]phenyl}ethene-1,1-diyl)diphenol",X-RAY DIFFRACTION,2.382,2015-09-11T00:00:00.000+00:00,2016-05-04T00:00:00.000+00:00,2,1
ESR1,P03372,5DRJ,"Crystal Structure of the ER-alpha Ligand-binding Domain in complex with a dichloro-substituted, 3-methyl 2,5-diarylthiophene-core ligand 4,4'-(3-methylthiene-2,5-diyl)bis(3-chlorophenol)",X-RAY DIFFRACTION,2.07,2015-09-15T00:00:00.000+00:00,2016-05-04T00:00:00.000+00:00,2,1
ESR1,P03372,5DRM,"Crystal Structure of the ER-alpha Ligand-binding Domain in complex with a dichloro-substituted, 2,5-diarylthiophene-core ligand 4,4'-thiene-2,5-diylbis(3-chlorophenol)",X-RAY DIFFRACTION,2.241,2015-09-16T00:00:00.000+00:00,2016-05-04T00:00:00.000+00:00,2,1
ESR1,P03372,5DTV,"Crystal Structure of the ER-alpha Ligand-binding Domain in complex with a dimethyl-substituted, 3,4-diarylthiophene dioxide core ligand",X-RAY DIFFRACTION,2.295,2015-09-18T00:00:00.000+00:00,2016-05-04T00:00:00.000+00:00,2,1
ESR1,P03372,5DU5,"Crystal Structure of the ER-alpha Ligand-binding Domain in complex with a dichloro-substituted, 3,4-diarylthiophene dioxide core ligand",X-RAY DIFFRACTION,2.195,2015-09-18T00:00:00.000+00:00,2016-05-04T00:00:00.000+00:00,2,1
ESR1,P03372,5DUE,"Crystal Structure of the ER-alpha Ligand-binding Domain in Complex with a para-Hydroxyl-substituted, Sulfoxide-bridged Oxabicyclic Heptene Sulfonate (SOBHS)-2 Analog 4-hydroxyphenyl (1S,2S,4S,5S,6R,7S)-5,6-bis(4-hydroxy-2-methylphenyl)-7-thiabicyclo[2.2.1]heptane-2-sulfonate 7-oxide",X-RAY DIFFRACTION,2.09,2015-09-18T00:00:00.000+00:00,2016-05-04T00:00:00.000+00:00,2,1
ESR1,P03372,5DUG,"Crystal Structure of the ER-alpha Ligand-binding Domain in Complex with a Sulfoxide-bridged Oxabicyclic Heptene Sulfonate (SOBHS)-2 analog phenyl (1S,2S,4S,7S)-5,6-bis(4-hydroxy-2-methylphenyl)-7-thiabicyclo[2.2.1]hept-5-ene-2-sulfonate 7-oxide",X-RAY DIFFRACTION,2.252,2015-09-18T00:00:00.000+00:00,2016-05-04T00:00:00.000+00:00,2,1
ESR1,P03372,5DUH,"Crystal Structure of the ER-alpha Ligand-binding Domain in Complex with a Sulfoxide-bridged Oxabicyclic Heptene Sulfonate (SOBHS)-3 analog phenyl (1S,2S,4S,7S)-5,6-bis(4-hydroxy-3-methylphenyl)-7-thiabicyclo[2.2.1]hept-5-ene-2-sulfonate 7-oxide",X-RAY DIFFRACTION,2.24,2015-09-18T00:00:00.000+00:00,2016-05-04T00:00:00.000+00:00,2,1
ESR1,P03372,5DVS,"Crystal Structure of the ER-alpha Ligand-binding Domain in Complex with a 2-Methyl-substituted Triaryl-imine 4,4'-[(2-methylphenyl)carbonimidoyl]diphenol",X-RAY DIFFRACTION,2.28,2015-09-21T00:00:00.000+00:00,2016-05-04T00:00:00.000+00:00,2,1
ESR1,P03372,5DVV,"Crystal Structure of the ER-alpha Ligand-binding Domain in Complex with a Triaryl-imine analog 4,4'-(phenylcarbonimidoyl)diphenol",X-RAY DIFFRACTION,2.505,2015-09-21T00:00:00.000+00:00,2016-05-04T00:00:00.000+00:00,2,1
ESR1,P03372,5DWE,"Crystal Structure of the ER-alpha Ligand-binding Domain in Complex with a 2-Chloro-substituted Triaryl-imine analog 4,4'-[(2-chlorophenyl)carbonimidoyl]diphenol",X-RAY DIFFRACTION,1.92,2015-09-22T00:00:00.000+00:00,2016-05-04T00:00:00.000+00:00,2,1
ESR1,P03372,5DWG,"Crystal Structure of the ER-alpha Ligand-binding Domain in Complex with the Triaryl-substituted Imine Analog, 4-{(E)-(4-hydroxyphenyl)[(2-methylphenyl)imino]methyl}benzene-1,3-diol",X-RAY DIFFRACTION,2.3,2015-09-22T00:00:00.000+00:00,2016-05-04T00:00:00.000+00:00,2,1
ESR1,P03372,5DWI,"Crystal Structure of the ER-alpha Ligand-binding Domain in Complex with a Resorcinyl 2-Chloro-substituted Diaryl-imine analog 4-[(E)-[(2-chlorophenyl)imino](4-hydroxyphenyl)methyl]benzene-1,3-diol",X-RAY DIFFRACTION,2.43,2015-09-22T00:00:00.000+00:00,2016-05-04T00:00:00.000+00:00,2,1
ESR1,P03372,5DWJ,"Crystal Structure of the ER-alpha Ligand-binding Domain in Complex with a Resorcinyl 4-Fluoro-substituted Diaryl-imine analog 4-[(E)-[(4-fluorophenyl)imino](4-hydroxyphenyl)methyl]benzene-1,3-diol",X-RAY DIFFRACTION,2.001,2015-09-22T00:00:00.000+00:00,2016-05-04T00:00:00.000+00:00,2,1
ESR1,P03372,5DX3,Estrogen Receptor Alpha Ligand Binding Domain Y537S Mutant in Complex with Stapled Peptide SRC2-P3 and Estradiol,X-RAY DIFFRACTION,2.0903,2015-09-23T00:00:00.000+00:00,2016-07-20T00:00:00.000+00:00,3,2
ESR1,P03372,5DXB,Estrogen Receptor Alpha Ligand Binding Domain Y537S Mutant in Complex with Stapled Peptide SRC2-P1 and Estradiol,X-RAY DIFFRACTION,2.08,2015-09-23T00:00:00.000+00:00,2016-07-27T00:00:00.000+00:00,3,3
ESR1,P03372,5DXE,Estrogen Receptor Alpha Ligand Binding Domain Y537S Mutant in Complex with Stapled Peptide SRC2-P4 and Estradiol,X-RAY DIFFRACTION,1.5,2015-09-23T00:00:00.000+00:00,2016-08-03T00:00:00.000+00:00,2,1
ESR1,P03372,5DXG,Estrogen Receptor Alpha Ligand Binding Domain Y537S Mutant in Complex with Stapled Peptide SRC2-P5,X-RAY DIFFRACTION,1.86,2015-09-23T00:00:00.000+00:00,2016-07-27T00:00:00.000+00:00,2,2
ESR1,P03372,5DXK,"Crystal Structure of the ER-alpha Ligand-binding Domain in Complex with the Cyclofenil Derivative 4,4'-[(9s)-bicyclo[3.3.1]non-9-ylmethanediyl]diphenol",X-RAY DIFFRACTION,2.226,2015-09-23T00:00:00.000+00:00,2016-05-04T00:00:00.000+00:00,2,1
ESR1,P03372,5DXM,"Crystal Structure of the ER-alpha Ligand-binding Domain in Complex with the Cyclofenil Derivative 3-[(E)-(1s,5s)-bicyclo[3.3.1]non-9-ylidene(4-hydroxyphenyl)methyl]phenol",X-RAY DIFFRACTION,2.37,2015-09-23T00:00:00.000+00:00,2016-05-04T00:00:00.000+00:00,2,1
ESR1,P03372,5DXP,"Crystal Structure of the ER-alpha Ligand-binding Domain in Complex with the Cyclofenil Derivative 4-[(E)-(1s,5s)-bicyclo[3.3.1]non-9-ylidene(phenyl)methyl]phenol",X-RAY DIFFRACTION,2.201,2015-09-23T00:00:00.000+00:00,2016-05-04T00:00:00.000+00:00,2,1
ESR1,P03372,5DXQ,"Crystal Structure of the ER-alpha Ligand-binding Domain in Complex with the Cyclofenil Derivative 4,4'-[(1s,5s)-bicyclo[3.3.1]non-9-ylidenemethanediyl]diphenol",X-RAY DIFFRACTION,2.4,2015-09-23T00:00:00.000+00:00,2016-05-04T00:00:00.000+00:00,2,1
ESR1,P03372,5DXR,"Crystal Structure of the ER-alpha Ligand-binding Domain in Complex with the Cyclofenil Derivative 4,4'-{[(3R)-3-methylcyclohexylidene]methanediyl}diphenol",X-RAY DIFFRACTION,2.28,2015-09-23T00:00:00.000+00:00,2016-05-04T00:00:00.000+00:00,2,1
ESR1,P03372,5DY8,"Crystal Structure of the ER-alpha Ligand-binding Domain in Complex with the Cyclofenil Derivative 4,4'-{[(3S)-3-ethylcyclohexylidene]methanediyl}diphenol",X-RAY DIFFRACTION,2.031,2015-09-24T00:00:00.000+00:00,2016-05-04T00:00:00.000+00:00,2,1
ESR1,P03372,5DYB,"Crystal Structure of the ER-alpha Ligand-binding Domain in Complex with the Cyclofenil Derivative 4,4'-(3,4-dihydronaphthalen-2(1H)-ylidenemethanediyl)diphenol",X-RAY DIFFRACTION,2.27,2015-09-24T00:00:00.000+00:00,2016-05-04T00:00:00.000+00:00,2,1
ESR1,P03372,5DYD,"Crystal Structure of the ER-alpha Ligand-binding Domain in Complex with the Cyclofenil Derivative 4,4'-{[(3S)-3-(methylsulfanyl)cyclohexylidene]methanediyl}diphenol",X-RAY DIFFRACTION,2.485,2015-09-24T00:00:00.000+00:00,2016-05-04T00:00:00.000+00:00,2,1
ESR1,P03372,5DZ0,"Crystal Structure of the ER-alpha Ligand-binding Domain in Complex with the Cyclofenil Derivative 4,4'-[(4-methylcyclohexylidene)methanediyl]diphenol",X-RAY DIFFRACTION,2.24,2015-09-25T00:00:00.000+00:00,2016-05-04T00:00:00.000+00:00,2,1
ESR1,P03372,5DZ1,"Crystal Structure of the ER-alpha Ligand-binding Domain in Complex with the Cyclofenil Derivative 4,4'-[(4-ethylcyclohexylidene)methanediyl]diphenol",X-RAY DIFFRACTION,2.2,2015-09-25T00:00:00.000+00:00,2016-05-04T00:00:00.000+00:00,2,1
ESR1,P03372,5DZ3,"Crystal Structure of the ER-alpha Ligand-binding Domain in Complex with the Cyclofenil Derivative 4,4'-{[4-(fluoromethyl)cyclohexylidene]methanediyl}diphenol",X-RAY DIFFRACTION,2.15,2015-09-25T00:00:00.000+00:00,2016-05-04T00:00:00.000+00:00,2,1
ESR1,P03372,5DZH,"Crystal Structure of the ER-alpha Ligand-binding Domain in Complex with the Cyclofenil Derivative 4,4'-{[4-(2-hydroxyethyl)cyclohexylidene]methanediyl}diphenol",X-RAY DIFFRACTION,2.11,2015-09-25T00:00:00.000+00:00,2016-05-04T00:00:00.000+00:00,2,1
ESR1,P03372,5DZI,"Crystal Structure of the ER-alpha Ligand-binding Domain in Complex with the Cyclofenil Derivative 4,4'-{[(3S)-3-(2-hydroxyethyl)cyclohexylidene]methanediyl}diphenol",X-RAY DIFFRACTION,1.9,2015-09-25T00:00:00.000+00:00,2016-05-04T00:00:00.000+00:00,2,1
ESR1,P03372,5E0W,"Crystal Structure of the ER-alpha Ligand-binding Domain in Complex with the Cyclofenil Derivative 4,4'-{[(3S)-3-(4-hydroxyphenyl)cyclohexylidene]methanediyl}diphenol",X-RAY DIFFRACTION,2.0,2015-09-29T00:00:00.000+00:00,2016-05-04T00:00:00.000+00:00,2,1
ESR1,P03372,5E0X,"Crystal Structure of the ER-alpha Ligand-binding Domain in Complex with the Cyclofenil Derivative 4,4'-{[(3S)-3-(4-methoxyphenyl)cyclohexylidene]methanediyl}diphenol",X-RAY DIFFRACTION,2.014,2015-09-29T00:00:00.000+00:00,2016-05-04T00:00:00.000+00:00,2,1
ESR1,P03372,5E14,"Crystal Structure of the ER-alpha Ligand-binding Domain in Complex with the Cyclofenil Derivative 4,4'-{[(3R)-3-phenylcyclohexylidene]methanediyl}diphenol",X-RAY DIFFRACTION,2.22,2015-09-29T00:00:00.000+00:00,2016-05-04T00:00:00.000+00:00,2,1
ESR1,P03372,5E15,"Crystal Structure of the ER-alpha Ligand-binding Domain in Complex with the Cyclofenil Derivative 4,4'-{[4-(2-hydroxyethyl)cyclohexylidene]methanediyl}diphenol",X-RAY DIFFRACTION,2.1,2015-09-29T00:00:00.000+00:00,2016-05-04T00:00:00.000+00:00,2,1
ESR1,P03372,5E19,Crystal Structure of the ER-alpha Ligand-binding Domain in Complex with the Cyclofenil Derivative methyl {4-[bis(4-hydroxyphenyl)methylidene]cyclohexyl}acetate,X-RAY DIFFRACTION,2.24,2015-09-29T00:00:00.000+00:00,2016-05-04T00:00:00.000+00:00,2,1
ESR1,P03372,5E1C,Crystal Structure of the ER-alpha Ligand-binding Domain in Complex with the Cyclofenil Derivative dimethyl {(1S)-3-[bis(4-hydroxyphenyl)methylidene]cyclohexyl}propanedioate,X-RAY DIFFRACTION,1.98,2015-09-29T00:00:00.000+00:00,2016-05-04T00:00:00.000+00:00,2,1
ESR1,P03372,5EGV,"Crystal Structure of the ER-alpha Ligand-binding Domain (Y537S) in Complex the 3,4-diaryl-furan derivative 3-chloranyl-4-[4-(2-chloranyl-4-oxidanyl-phenyl)furan-3-yl]phenol",X-RAY DIFFRACTION,2.863,2015-10-27T00:00:00.000+00:00,2016-05-04T00:00:00.000+00:00,2,1
ESR1,P03372,5EHJ,"Crystal Structure of the ER-alpha Ligand-binding Domain in Complex with the Cyclofenil Derivative 4,4'-[(4aR,8aR)-octahydronaphthalen-2(1H)-ylidenemethanediyl]diphenol",X-RAY DIFFRACTION,2.5,2015-10-28T00:00:00.000+00:00,2016-05-04T00:00:00.000+00:00,2,1
ESR1,P03372,5EI1,"Crystal Structure of the ER-alpha Ligand-binding Domain (Y537S) in Complex with the imidazopyridine derivative 2-(4-hydroxyphenyl)-3-iodanyl-imidazo[1,2-a]pyridin-6-ol",X-RAY DIFFRACTION,2.4,2015-10-29T00:00:00.000+00:00,2016-05-04T00:00:00.000+00:00,2,1
ESR1,P03372,5EIT,"Crystal Structure of the ER-alpha Ligand-binding Domain (Y537S) in Complex with the imidazopyridine derivative 2-(4-hydroxyphenyl)-3-(trifluoromethyl)imidazo[1,2-a]pyridin-6-ol",X-RAY DIFFRACTION,2.68,2015-10-30T00:00:00.000+00:00,2016-05-04T00:00:00.000+00:00,2,1
ESR1,P03372,5FQP,Selective estrogen receptor downregulator antagonists: Tetrahydroisoquinoline phenols 1.,X-RAY DIFFRACTION,1.88,2015-12-14T00:00:00.000+00:00,2016-02-10T00:00:00.000+00:00,1,1
ESR1,P03372,5FQR,Selective estrogen receptor downregulator antagonists: Tetrahydroisoquinoline phenols 2.,X-RAY DIFFRACTION,1.88,2015-12-14T00:00:00.000+00:00,2016-02-10T00:00:00.000+00:00,1,1
ESR1,P03372,5FQS,Selective estrogen receptor downregulator antagonists: Tetrahydroisoquinoline phenols 3.,X-RAY DIFFRACTION,1.94,2015-12-14T00:00:00.000+00:00,2016-02-10T00:00:00.000+00:00,1,1
ESR1,P03372,5FQT,Selective estrogen receptor downregulator antagonists: Tetrahydroisoquinoline phenols 4.,X-RAY DIFFRACTION,1.99,2015-12-14T00:00:00.000+00:00,2016-02-10T00:00:00.000+00:00,1,1
ESR1,P03372,5FQV,Selective estrogen receptor downregulator antagonists: Tetrahydroisoquinoline phenols 5.,X-RAY DIFFRACTION,1.74,2015-12-14T00:00:00.000+00:00,2016-02-10T00:00:00.000+00:00,1,1
ESR1,P03372,5GS4,Crystal structure of estrogen receptor alpha in complex with a stabilized peptide antagonist,X-RAY DIFFRACTION,2.4,2016-08-13T00:00:00.000+00:00,2017-08-30T00:00:00.000+00:00,2,2
ESR1,P03372,5GTR,estrogen receptor alpha in complex with a stabilized peptide antagonist 6,X-RAY DIFFRACTION,2.804,2016-08-23T00:00:00.000+00:00,2017-08-30T00:00:00.000+00:00,2,1
ESR1,P03372,5HYR,Estrogen Receptor Alpha Ligand Binding Domain Y537S Mutant in Complex with Stapled Peptide SRC2-SP2 and Estradiol,X-RAY DIFFRACTION,2.271,2016-02-01T00:00:00.000+00:00,2016-05-25T00:00:00.000+00:00,2,2
ESR1,P03372,5JMM,Crystal structure of hERa-LBD (Y537S) in complex with biochanin A,X-RAY DIFFRACTION,2.1,2016-04-29T00:00:00.000+00:00,2017-05-10T00:00:00.000+00:00,3,3
ESR1,P03372,5KCC,Crystal Structure of the ER-alpha Ligand-binding Domain (Y537S) in Complex with Oxabicyclic Heptene Sulfonamide (OBHS-N),X-RAY DIFFRACTION,2.386,2016-06-06T00:00:00.000+00:00,2016-11-16T00:00:00.000+00:00,2,1
ESR1,P03372,5KCD,Crystal Structure of the ER-alpha Ligand-binding Domain (Y537S) in Complex with an N-methyl Substituted OBHS-N derivative,X-RAY DIFFRACTION,1.82,2016-06-06T00:00:00.000+00:00,2016-11-16T00:00:00.000+00:00,2,1
ESR1,P03372,5KCE,"Crystal Structure of the ER-alpha Ligand-binding Domain (Y537S) in Complex with an N-methyl, 2-chlorobenzyl OBHS-N derivative",X-RAY DIFFRACTION,1.847,2016-06-06T00:00:00.000+00:00,2016-11-16T00:00:00.000+00:00,2,1
ESR1,P03372,5KCF,"Crystal Structure of the ER-alpha Ligand-binding Domain (Y537S) in Complex with an N-ethyl, 4-methoxybenzyl OBHS-N derivative",X-RAY DIFFRACTION,2.07,2016-06-06T00:00:00.000+00:00,2016-11-16T00:00:00.000+00:00,2,2
ESR1,P03372,5KCT,"Crystal Structure of the ER-alpha Ligand-binding Domain (Y537S) in Complex with an N-ethyl, 4-chlorobenzyl OBHS-N derivative",X-RAY DIFFRACTION,1.6,2016-06-07T00:00:00.000+00:00,2016-11-16T00:00:00.000+00:00,2,2
ESR1,P03372,5KCU,"Crystal Structure of the ER-alpha Ligand-binding Domain (Y537S) in Complex with an N-ethyl, alpha-naphthyl OBHS-N derivative",X-RAY DIFFRACTION,2.03,2016-06-07T00:00:00.000+00:00,2016-11-16T00:00:00.000+00:00,2,1
ESR1,P03372,5KCW,Crystal Structure of the ER-alpha Ligand-binding Domain (Y537S) in Complex with an N-trifluoroethyl OBHS-N derivative,X-RAY DIFFRACTION,1.905,2016-06-07T00:00:00.000+00:00,2016-11-16T00:00:00.000+00:00,2,1
ESR1,P03372,5KD9,Crystal Structure of the ER-alpha Ligand-binding Domain (Y537S) in Complex with an N-trifluoroethyl 4-chlorobenzyl OBHS-N derivative,X-RAY DIFFRACTION,1.78,2016-06-07T00:00:00.000+00:00,2016-11-16T00:00:00.000+00:00,2,1
ESR1,P03372,5KR9,Crystal Structure of the ER-alpha Ligand-binding Domain (Y537S) in Complex with Coumestrol,X-RAY DIFFRACTION,2.25,2016-07-07T00:00:00.000+00:00,2017-02-15T00:00:00.000+00:00,2,1
ESR1,P03372,5KRA,Crystal Structure of the ER-alpha Ligand-binding Domain (Y537S) in Complex with DDT and DDE,X-RAY DIFFRACTION,2.401,2016-07-07T00:00:00.000+00:00,2017-02-15T00:00:00.000+00:00,2,2
ESR1,P03372,5KRC,Crystal Structure of the ER-alpha Ligand-binding Domain (Y537S) in Complex with Zearalenone,X-RAY DIFFRACTION,2.4,2016-07-07T00:00:00.000+00:00,2017-02-15T00:00:00.000+00:00,2,1
ESR1,P03372,5KRF,"Crystal Structure of the ER-alpha Ligand-binding Domain (Y537S) in Complex with the Dynamic WAY derivative, 1a",X-RAY DIFFRACTION,2.193,2016-07-07T00:00:00.000+00:00,2017-02-15T00:00:00.000+00:00,2,1
ESR1,P03372,5KRH,Crystal Structure of the ER-alpha Ligand-binding Domain (Y537S) in Complex with 16-benzylidene estrone,X-RAY DIFFRACTION,2.243,2016-07-07T00:00:00.000+00:00,2017-02-15T00:00:00.000+00:00,2,1
ESR1,P03372,5KRI,Crystal Structure of the ER-alpha Ligand-binding Domain (Y537S) in Complex with 16b-benzyl 17b-estradiol,X-RAY DIFFRACTION,2.247,2016-07-07T00:00:00.000+00:00,2017-01-18T00:00:00.000+00:00,2,1
ESR1,P03372,5KRJ,Crystal Structure of the ER-alpha Ligand-binding Domain (Y537S) in Complex with an a-naphthyl Substituted OBHS derivative,X-RAY DIFFRACTION,2.7,2016-07-07T00:00:00.000+00:00,2017-01-18T00:00:00.000+00:00,2,1
ESR1,P03372,5KRK,"Crystal Structure of the ER-alpha Ligand-binding Domain (Y537S) in Complex with 4,4'-((5-bromo-2,3-dihydro-1H-inden-1-ylidene)methylene)diphenol",X-RAY DIFFRACTION,2.391,2016-07-07T00:00:00.000+00:00,2017-01-18T00:00:00.000+00:00,2,1
ESR1,P03372,5KRL,"Crystal Structure of the ER-alpha Ligand-binding Domain (Y537S) in Complex with the A-CD ring estrogen, (1S,7aS)-5-(2-chloro-4-hydroxyphenyl)-7a-methyl-2,3,3a,4,7,7a-hexahydro-1H-inden-1-ol",X-RAY DIFFRACTION,2.4,2016-07-07T00:00:00.000+00:00,2017-01-18T00:00:00.000+00:00,2,1
ESR1,P03372,5KRM,"Crystal Structure of the ER-alpha Ligand-binding Domain (Y537S) in Complex with the A-CD ring estrogen, (1S,7aS)-5-(2,5-difluoro-4-hydroxyphenyl)-7a-methyl-2,3,3a,4,7,7a-hexahydro-1H-inden-1-ol",X-RAY DIFFRACTION,2.24,2016-07-07T00:00:00.000+00:00,2017-01-18T00:00:00.000+00:00,2,1
ESR1,P03372,5KRO,"Crystal Structure of the ER-alpha Ligand-binding Domain (Y537S) in Complex with the Methyl(phenyl)amino-substituted Estrogen, (8R,9S,13S,14S,17S)-13-methyl-17-(methyl(phenyl)amino)-7,8,9,11,12,13,14,15,16,17-decahydro-6H-cyclopenta[a]phenanthren-3-ol",X-RAY DIFFRACTION,2.1,2016-07-07T00:00:00.000+00:00,2017-01-18T00:00:00.000+00:00,2,1
ESR1,P03372,5N10,Cucurbit[8]uril and 14-3-3 based binary bivalent supramolecular-protein assembly platform,X-RAY DIFFRACTION,1.6,2017-02-04T00:00:00.000+00:00,2017-05-24T00:00:00.000+00:00,3,2
ESR1,P03372,5T0X,Solution NMR-derived structure of calmodulin bound with ER alpha peptides,SOLUTION NMR,,2016-08-16T00:00:00.000+00:00,2017-02-15T00:00:00.000+00:00,2,1
ESR1,P03372,5T1Z,Estrogen Receptor Alpha Ligand Binding Domain Y537S Mutant in Complex with Ethoxytriphenylethylene and GRIP Peptide,X-RAY DIFFRACTION,2.102,2016-08-22T00:00:00.000+00:00,2017-08-30T00:00:00.000+00:00,2,1
ESR1,P03372,5T92,"ESTROGEN RECEPTOR ALPHA LIGAND BINDING DOMAIN IN COMPLEX WITH (2E)-3-{4-[(1R)-2-(4-fluorophenyl)-6-hydroxy-1-methy l-1,2,3,4- tetrahydroisoquinolin-1-yl]phenyl}prop-2-enoic acid",X-RAY DIFFRACTION,2.22,2016-09-09T00:00:00.000+00:00,2017-03-29T00:00:00.000+00:00,1,1
ESR1,P03372,5T97,"ESTROGEN RECEPTOR ALPHA LIGAND BINDING DOMAIN IN COMPLEX WITH (2E)-3-(4-{(1R)-6-hydroxy-1-methyl-2-[4-(propan-2 -yl)phenyl]-1,2,3,4- tetrahydroisoquinolin-1-yl}phenyl)prop-2-enoic acid",X-RAY DIFFRACTION,3.0,2016-09-09T00:00:00.000+00:00,2017-03-29T00:00:00.000+00:00,1,1
ESR1,P03372,5TLD,"Crystal Structure of the ER-alpha Ligand-binding Domain (Y537S) in Complex with the phenylamino-substituted estrogen, (8R,9S,13S,14S,17S)-13-methyl-17-(phenylamino)-7,8,9,11,12,13,14,15,16,17-decahydro-6H-cyclopenta[a]phenanthren-3-ol",X-RAY DIFFRACTION,2.375,2016-10-11T00:00:00.000+00:00,2017-01-18T00:00:00.000+00:00,2,1
ESR1,P03372,5TLF,"Crystal Structure of the ER-alpha Ligand-binding Domain (Y537S) in Complex with the Constrained WAY Derivative, 4-(2-(3-methylbut-2-en-1-yl)-7-(trifluoromethyl)-2H-indazol-3-yl)benzene-1,3-diol",X-RAY DIFFRACTION,2.204,2016-10-11T00:00:00.000+00:00,2017-01-18T00:00:00.000+00:00,2,1
ESR1,P03372,5TLG,"Crystal Structure of the ER-alpha Ligand-binding Domain (Y537S) in Complex with (E)-4,4''-dihydroxy-3'-((hydroxyiminio)methyl)-[1,1':2',1''-terphenyl]-4'-olate",X-RAY DIFFRACTION,2.228,2016-10-11T00:00:00.000+00:00,2017-01-18T00:00:00.000+00:00,2,1
ESR1,P03372,5TLL,"Crystal Structure of the ER-alpha Ligand-binding Domain (Y537S) in Complex with (E)-2-chloro-4'-hydroxy-4-((hydroxyiminio)methyl)-[1,1'-biphenyl]-3-olate",X-RAY DIFFRACTION,2.423,2016-10-11T00:00:00.000+00:00,2017-01-18T00:00:00.000+00:00,2,1
ESR1,P03372,5TLM,"Crystal Structure of the ER-alpha Ligand-binding Domain (Y537S) in Complex with 4,4',4''-(thiophene-2,3,5-triyl)triphenol",X-RAY DIFFRACTION,2.497,2016-10-11T00:00:00.000+00:00,2017-01-18T00:00:00.000+00:00,2,1
ESR1,P03372,5TLO,Crystal Structure of the ER-alpha Ligand-binding Domain (Y537S) in Complex with a Squaric Acid-linked Dimeric Estrogen,X-RAY DIFFRACTION,2.28,2016-10-11T00:00:00.000+00:00,2017-01-18T00:00:00.000+00:00,2,1
ESR1,P03372,5TLP,"Crystal Structure of the ER-alpha Ligand-binding Domain (Y537S) in Complex with the OBHS-BSC Analog, 3-fluorophenyl (1R,2R,4S)-5-(4-hydroxyphenyl)-6-(4-(2-(piperidin-1-yl)ethoxy)phenyl)-7-oxabicyclo[2.2.1]hept-5-ene-2-sulfonate and 3-methyl-6-phenyl-3H-imidazo[4,5-b]pyridin-2-amine",X-RAY DIFFRACTION,2.08,2016-10-11T00:00:00.000+00:00,2017-01-18T00:00:00.000+00:00,2,2
ESR1,P03372,5TLT,"Crystal Structure of the ER-alpha Ligand-binding Domain (Y537S) in Complex with octane-1,8-diyl bis(2,3-bis(4-hydroxyphenyl)pentanoate)",X-RAY DIFFRACTION,1.903,2016-10-12T00:00:00.000+00:00,2017-01-18T00:00:00.000+00:00,2,1
ESR1,P03372,5TLU,"Crystal Structure of the ER-alpha Ligand-binding Domain (Y537S) in Complex with the PEG-linked Dimeric Estrogen, EE2-(eg)6-EE2-amine",X-RAY DIFFRACTION,2.223,2016-10-12T00:00:00.000+00:00,2017-01-18T00:00:00.000+00:00,2,1
ESR1,P03372,5TLV,"Crystal Structure of the ER-alpha Ligand-binding Domain (Y537S) in Complex with 4,4'-(thiophene-2,3-diyl)bis(3-fluorophenol)",X-RAY DIFFRACTION,2.323,2016-10-12T00:00:00.000+00:00,2017-01-18T00:00:00.000+00:00,2,1
ESR1,P03372,5TLX,"Crystal Structure of the ER-alpha Ligand-binding Domain (Y537S) in Complex with 3,4-bis(4-hydroxyphenyl)thiophene 1,1-dioxide",X-RAY DIFFRACTION,2.103,2016-10-12T00:00:00.000+00:00,2017-01-18T00:00:00.000+00:00,2,2
ESR1,P03372,5TLY,"Crystal Structure of the ER-alpha Ligand-binding Domain (Y537S) in Complex with 3,4-bis(2-fluoro-4-hydroxyphenyl)thiophene 1,1-dioxide",X-RAY DIFFRACTION,2.143,2016-10-12T00:00:00.000+00:00,2017-01-18T00:00:00.000+00:00,2,1
ESR1,P03372,5TM1,"Crystal Structure of the ER-alpha Ligand-binding Domain (Y537S) in Complex with 2,5-bis(2-fluoro-4-hydroxyphenyl)thiophene 1-oxide",X-RAY DIFFRACTION,2.231,2016-10-12T00:00:00.000+00:00,2017-01-18T00:00:00.000+00:00,2,1
ESR1,P03372,5TM2,"Crystal Structure of the ER-alpha Ligand-binding Domain (Y537S) in Complex with 2,5-bis(2-chloro-4-hydroxyphenyl)thiophene 1-oxide",X-RAY DIFFRACTION,2.603,2016-10-12T00:00:00.000+00:00,2017-01-18T00:00:00.000+00:00,2,1
ESR1,P03372,5TM3,"Crystal Structure of the ER-alpha Ligand-binding Domain (Y537S) in Complex with 2,3-bis(2-chloro-4-hydroxyphenyl)thiophene 1-oxide",X-RAY DIFFRACTION,2.194,2016-10-12T00:00:00.000+00:00,2017-01-18T00:00:00.000+00:00,2,1
ESR1,P03372,5TM4,"Crystal Structure of the ER-alpha Ligand-binding Domain (Y537S) in Complex with the OBHS-ASC Analog, 5-(4-((1R,4S,6R)-6-((3-chlorophenoxy)sulfonyl)-3-(4-hydroxyphenyl)-7-oxabicyclo[2.2.1]hept-2-en-2-yl)phenoxy)pentanoic acid",X-RAY DIFFRACTION,2.25,2016-10-12T00:00:00.000+00:00,2017-01-18T00:00:00.000+00:00,2,1
ESR1,P03372,5TM5,"Crystal Structure of the ER-alpha Ligand-binding Domain (Y537S) in Complex with the OBHS-ASC compound, 5-(4-((1R,4S,6R)-6-((4-bromophenoxy)sulfonyl)-3-(4-hydroxyphenyl)-7-oxabicyclo[2.2.1]hept-2-en-2-yl)phenoxy)pentanoic acid",X-RAY DIFFRACTION,2.24,2016-10-12T00:00:00.000+00:00,2017-01-18T00:00:00.000+00:00,2,1
ESR1,P03372,5TM6,"Crystal Structure of the ER-alpha Ligand-binding Domain (Y537S) in Complex with the OBHS-ASC compound, 6-(4-((1R,4S,6R)-6-((4-bromophenoxy)sulfonyl)-3-(4-hydroxyphenyl)-7-oxabicyclo[2.2.1]hept-2-en-2-yl)phenoxy)hexanoic acid",X-RAY DIFFRACTION,2.542,2016-10-12T00:00:00.000+00:00,2017-01-18T00:00:00.000+00:00,2,1
ESR1,P03372,5TM7,"Crystal Structure of the ER-alpha Ligand-binding Domain (Y537S) in Complex with the OBHS-ASC compound, 7-(4-((1R,4S,6R)-6-((3-chlorophenoxy)sulfonyl)-3-(4-hydroxyphenyl)-7-oxabicyclo[2.2.1]hept-2-en-2-yl)phenoxy)heptanoic acid",X-RAY DIFFRACTION,2.4,2016-10-12T00:00:00.000+00:00,2017-01-18T00:00:00.000+00:00,2,1
ESR1,P03372,5TM8,"Crystal Structure of the ER-alpha Ligand-binding Domain (Y537S) in Complex with the OBHS-ASC compound, 7-(4-((1R,4S,6R)-6-((4-bromophenoxy)sulfonyl)-3-(4-hydroxyphenyl)-7-oxabicyclo[2.2.1]hept-2-en-2-yl)phenoxy)heptanoic acid",X-RAY DIFFRACTION,1.99,2016-10-12T00:00:00.000+00:00,2017-01-18T00:00:00.000+00:00,2,1
ESR1,P03372,5TM9,"Crystal Structure of the ER-alpha Ligand-binding Domain (Y537S) in Complex with the OBHS-ASC Analog, (E)-3-(4-((1R,4S,6R)-6-((3-chlorophenoxy)sulfonyl)-3-(4-hydroxyphenyl)-7-oxabicyclo[2.2.1]hept-2-en-2-yl)phenyl)acrylic acid",X-RAY DIFFRACTION,2.5,2016-10-12T00:00:00.000+00:00,2017-01-18T00:00:00.000+00:00,2,1
ESR1,P03372,5TML,"Crystal Structure of the ER-alpha Ligand-binding Domain (Y537S) in Complex with the OBHS-ASC compound, (E)-6-(4-((1R,4S,6R)-6-((3-chlorophenoxy)sulfonyl)-3-(4-hydroxyphenyl)-7-oxabicyclo[2.2.1]hept-2-en-2-yl)phenyl)hex-5-enoic acid",X-RAY DIFFRACTION,2.25,2016-10-13T00:00:00.000+00:00,2017-01-18T00:00:00.000+00:00,2,1
ESR1,P03372,5TMM,"Crystal Structure of the ER-alpha Ligand-binding Domain (Y537S) in Complex with the OBHS-ASC analog, (E)-6-(4-((1R,4S,6R)-6-((4-bromophenoxy)sulfonyl)-3-(4-hydroxyphenyl)-7-oxabicyclo[2.2.1]hept-2-en-2-yl)phenyl)hex-5-enoic acid",X-RAY DIFFRACTION,2.2,2016-10-13T00:00:00.000+00:00,2017-01-18T00:00:00.000+00:00,2,1
ESR1,P03372,5TMO,"Crystal Structure of the ER-alpha Ligand-binding Domain (Y537S) in Complex with the Arene Core OBHS derivative, phenyl 4,4''-dihydroxy-[1,1':2',1''-terphenyl]-4'-sulfonate",X-RAY DIFFRACTION,2.172,2016-10-13T00:00:00.000+00:00,2017-01-18T00:00:00.000+00:00,2,1
ESR1,P03372,5TMQ,"Crystal Structure of the ER-alpha Ligand-binding Domain (Y537S) in Complex with the Arene Core OBHS derivative, 4-bromophenyl 4,4''-dihydroxy-[1,1':2',1''-terphenyl]-4'-sulfonate",X-RAY DIFFRACTION,2.24,2016-10-13T00:00:00.000+00:00,2017-01-18T00:00:00.000+00:00,2,1
ESR1,P03372,5TMR,"Crystal Structure of the ER-alpha Ligand-binding Domain (Y537S) in Complex with the Cyclofenil-ASC derivative, ethyl (E)-3-(4-(cyclohexylidene(4-hydroxyphenyl)methyl)phenyl)acrylate",X-RAY DIFFRACTION,2.296,2016-10-13T00:00:00.000+00:00,2017-01-18T00:00:00.000+00:00,2,1
ESR1,P03372,5TMS,"Crystal Structure of the ER-alpha Ligand-binding Domain (Y537S) in Complex with the Cyclofenil-ASC derivative, ethyl (E)-3-(4-(bicyclo[3.3.1]nonan-9-ylidene(4-hydroxyphenyl)methyl)phenyl)acrylate",X-RAY DIFFRACTION,2.24,2016-10-13T00:00:00.000+00:00,2017-01-18T00:00:00.000+00:00,2,1
ESR1,P03372,5TMT,"Crystal Structure of the ER-alpha Ligand-binding Domain (Y537S) in Complex with 4,4'-((1,3-dihydro-2H-inden-2-ylidene)methylene)diphenol",X-RAY DIFFRACTION,2.051,2016-10-13T00:00:00.000+00:00,2017-01-18T00:00:00.000+00:00,2,1
ESR1,P03372,5TMU,"Crystal Structure of the ER-alpha Ligand-binding Domain (Y537S) in Complex with 4,4'-(cycloheptylidenemethylene)diphenol",X-RAY DIFFRACTION,2.429,2016-10-13T00:00:00.000+00:00,2017-01-18T00:00:00.000+00:00,2,1
ESR1,P03372,5TMV,"Crystal Structure of the ER-alpha Ligand-binding Domain (Y537S) in Complex with the OBHS analog, 4-iodophenyl (1S,2R,4S)-5,6-bis(4-hydroxyphenyl)-7-oxabicyclo[2.2.1]hept-5-ene-2-sulfonate",X-RAY DIFFRACTION,2.38,2016-10-13T00:00:00.000+00:00,2017-01-18T00:00:00.000+00:00,2,1
ESR1,P03372,5TMW,"Crystal Structure of the ER-alpha Ligand-binding Domain (Y537S) in Complex with the OBHS derivative, 4-acetamidophenyl (1S,2R,4S)-5,6-bis(4-hydroxyphenyl)-7-oxabicyclo[2.2.1]hept-5-ene-2-sulfonate",X-RAY DIFFRACTION,2.286,2016-10-13T00:00:00.000+00:00,2017-01-18T00:00:00.000+00:00,2,1
ESR1,P03372,5TMZ,"Crystal Structure of the ER-alpha Ligand-binding Domain (Y537S) in Complex with the estradiol derivative, (8S,9S,13S,14S,17S)-16-(3-methoxybenzyl)-13-methyl-7,8,9,11,12,13,14,15,16,17-decahydro-6H-cyclopenta[a]phenanthrene-3,17-diol",X-RAY DIFFRACTION,2.207,2016-10-13T00:00:00.000+00:00,2017-01-18T00:00:00.000+00:00,2,1
ESR1,P03372,5TN1,"Crystal Structure of the ER-alpha Ligand-binding Domain (Y537S) in Complex with the estradiol derivative, (8S,9S,13S,14S,E)-17-((4-isopropylphenyl)imino)-13-methyl-7,8,9,11,12,13,14,15,16,17-decahydro-6H-cyclopenta[a]phenanthren-3-ol",X-RAY DIFFRACTION,2.055,2016-10-13T00:00:00.000+00:00,2017-01-18T00:00:00.000+00:00,2,1
ESR1,P03372,5TN3,"Crystal Structure of the ER-alpha Ligand-binding Domain (Y537S) in Complex with the estradiol derivative, (8S,9S,13S,14S)-17-((4-isopropylphenyl)amino)-13-methyl-7,8,9,11,12,13,14,15,16,17-decahydro-6H-cyclopenta[a]phenanthren-3-ol",X-RAY DIFFRACTION,2.543,2016-10-13T00:00:00.000+00:00,2017-01-18T00:00:00.000+00:00,2,1
ESR1,P03372,5TN4,"Crystal Structure of the ER-alpha Ligand-binding Domain (Y537S) in Complex with the ACD-ring estrogen, (S)-5-(4-hydroxy-3,5-dimethylphenyl)-2,3-dihydro-1H-inden-1-ol",X-RAY DIFFRACTION,1.857,2016-10-13T00:00:00.000+00:00,2017-01-18T00:00:00.000+00:00,2,1
ESR1,P03372,5TN5,"Crystal Structure of the ER-alpha Ligand-binding Domain (Y537S) in Complex with the AC-ring estrogen, (1S,3aS,5S,7aS)-5-(4-hydroxyphenyl)-7a-methyloctahydro-1H-inden-1-ol",X-RAY DIFFRACTION,1.892,2016-10-13T00:00:00.000+00:00,2017-01-18T00:00:00.000+00:00,2,1
ESR1,P03372,5TN6,"Crystal Structure of the ER-alpha Ligand-binding Domain (Y537S) in Complex with the Spiro BC-estradiol, (1S,1'S,3a'S,7a'S)-7a'-methyl-1',2,2',3,3',3a',4',6',7',7a'-decahydro-1,5'-spirobi[indene]-1',5-diol",X-RAY DIFFRACTION,2.091,2016-10-13T00:00:00.000+00:00,2017-01-18T00:00:00.000+00:00,2,1
ESR1,P03372,5TN7,"Crystal Structure of the ER-alpha Ligand-binding Domain (Y537S) in Complex with (E)-3'-fluoro-4'-hydroxy-3-((hydroxyiminio)methyl)-[1,1'-biphenyl]-4-olate",X-RAY DIFFRACTION,2.238,2016-10-13T00:00:00.000+00:00,2017-01-18T00:00:00.000+00:00,2,1
ESR1,P03372,5TN8,"Crystal Structure of the ER-alpha Ligand-binding Domain (Y537S) in Complex with (E)-4'-hydroxy-3-((hydroxyiminio)methyl)-[1,1'-biphenyl]-4-olate",X-RAY DIFFRACTION,2.652,2016-10-13T00:00:00.000+00:00,2017-01-18T00:00:00.000+00:00,2,1
ESR1,P03372,5TN9,"Crystal Structure of the ER-alpha Ligand-binding Domain (L372S,L536S) in Complex with the OBHS-BSC, 4-bromophenyl (1R,2R,4S)-5-(4-hydroxyphenyl)-6-(4-(2-(piperidin-1-yl)ethoxy)phenyl)-7-oxabicyclo[2.2.1]hept-5-ene-2-sulfonate",X-RAY DIFFRACTION,2.253,2016-10-13T00:00:00.000+00:00,2017-02-15T00:00:00.000+00:00,1,1
ESR1,P03372,5TNB,"Crystal Structure of the ER-alpha Ligand-binding Domain (L372S,L536S) in Complex with the OBHS-BSC, 4-bromophenyl (1R,2R,4S)-6-(4-(2-(dimethylamino)ethoxy)phenyl)-5-(4-hydroxyphenyl)-7-oxabicyclo[2.2.1]hept-5-ene-2-sulfonate",X-RAY DIFFRACTION,2.08,2016-10-13T00:00:00.000+00:00,2017-02-15T00:00:00.000+00:00,1,1
ESR1,P03372,5U2B,"Crystal Structure of the ER-alpha Ligand-binding Domain (Y537S) in Complex with the phenylamino-substituted estrogen, (8R,9S,13S,14S,17S)-13-methyl-17-(phenylamino)-7,8,9,11,12,13,14,15,16,17-decahydro-6H-cyclopenta[a]phenanthren-3-ol, without a coactivator peptide",X-RAY DIFFRACTION,2.22,2016-11-30T00:00:00.000+00:00,2017-04-26T00:00:00.000+00:00,1,1
ESR1,P03372,5U2D,Crystal Structure of the ER-alpha Ligand-binding Domain (Y537S) in complex with Oxabicyclic Heptene Sulfonate (OBHS),X-RAY DIFFRACTION,1.86,2016-11-30T00:00:00.000+00:00,2017-04-05T00:00:00.000+00:00,2,1
ESR1,P03372,5UFW,Estrogen Receptor Alpha Ligand Binding Domain in Complex with OP1154,X-RAY DIFFRACTION,1.583,2017-01-06T00:00:00.000+00:00,2018-01-10T00:00:00.000+00:00,1,1
ESR1,P03372,5UFX,Estrogen Receptor Alpha Ligand Binding Domain in Complex with OP1074,X-RAY DIFFRACTION,1.5503,2017-01-06T00:00:00.000+00:00,2018-01-10T00:00:00.000+00:00,1,1
ESR1,P03372,5W9C,"Estrogen Receptor Alpha Ligand Binding Domain C381S, C417S, C530S in Complex with 4-hydroxytamoxifen",X-RAY DIFFRACTION,1.802,2017-06-23T00:00:00.000+00:00,2018-06-13T00:00:00.000+00:00,1,1
ESR1,P03372,5W9D,"Estrogen Receptor Alpha Ligand Binding Domain C381S, C417S, C530S Mutant in Complex with Endoxifen",X-RAY DIFFRACTION,1.6464,2017-06-23T00:00:00.000+00:00,2017-10-11T00:00:00.000+00:00,1,1
ESR1,P03372,5WGD,Estrogen Receptor Alpha Ligand Binding Domain in Complex with Estradiol and SRC2-LP1,X-RAY DIFFRACTION,1.8,2017-07-14T00:00:00.000+00:00,2018-06-13T00:00:00.000+00:00,3,1
ESR1,P03372,5WGQ,Estrogen Receptor Alpha Ligand Binding Domain in Complex with Estradiol and SRC2-BCP1,X-RAY DIFFRACTION,2.3,2017-07-14T00:00:00.000+00:00,2018-06-13T00:00:00.000+00:00,2,1
ESR1,P03372,6B0F,ESTROGEN RECEPTOR ALPHA LIGAND BINDING DOMAIN IN COMPLEX WITH LSZ102,X-RAY DIFFRACTION,2.86,2017-09-14T00:00:00.000+00:00,2018-04-04T00:00:00.000+00:00,1,2
ESR1,P03372,6C42,Estrogen Receptor Alpha Ligand Binding Domain in Complex with OP1156,X-RAY DIFFRACTION,1.997,2018-01-11T00:00:00.000+00:00,2018-02-14T00:00:00.000+00:00,1,1
ESR1,P03372,6CBZ,Estrogen Receptor Alpha Ligand Binding Domain Y537S Mutant in Complex with Estradiol and GRIP Peptide,X-RAY DIFFRACTION,1.65,2018-02-05T00:00:00.000+00:00,2018-02-28T00:00:00.000+00:00,3,2
ESR1,P03372,6CHW,Estrogen Receptor Alpha Y537S covalently bound to antagonist H3B-5942.,X-RAY DIFFRACTION,1.89,2018-02-23T00:00:00.000+00:00,2018-03-21T00:00:00.000+00:00,1,3
ESR1,P03372,6CHZ,Estrogen Receptor Alpha Y537S bound to antagonist H3B-9224.,X-RAY DIFFRACTION,1.68,2018-02-23T00:00:00.000+00:00,2018-03-21T00:00:00.000+00:00,1,2
ESR1,P03372,6CZN,Estrogen Receptor Alpha Ligand Binding Domain Y537S Mutant in Complex with Z2OHTPE and a glucocorticoid receptor-interacting protein 1 NR box II peptide,X-RAY DIFFRACTION,2.5,2018-04-09T00:00:00.000+00:00,2019-03-20T00:00:00.000+00:00,2,1
ESR1,P03372,6D0F,Estrogen Receptor Alpha Ligand Binding Domain Y537S Mutant in Complex with 3OHTPE and GRIP Peptide,X-RAY DIFFRACTION,2.5,2018-04-10T00:00:00.000+00:00,2019-04-17T00:00:00.000+00:00,2,1
ESR1,P03372,6DF6,Crystal structure of estrogen receptor alpha in complex with receptor degrader 16ab,X-RAY DIFFRACTION,2.5,2018-05-14T00:00:00.000+00:00,2019-02-20T00:00:00.000+00:00,1,2
ESR1,P03372,6DFN,Crystal structure of estrogen receptor alpha in complex with receptor degrader 16aa,X-RAY DIFFRACTION,2.1,2018-05-15T00:00:00.000+00:00,2019-02-20T00:00:00.000+00:00,1,4
ESR1,P03372,6HHP,Ternary complex of Estrogen Receptor alpha peptide and 14-3-3 sigma C42 mutant bound to disulfide fragment PPI stabilizer 1,X-RAY DIFFRACTION,1.802,2018-08-28T00:00:00.000+00:00,2019-02-27T00:00:00.000+00:00,2,2
ESR1,P03372,6HKB,Ternary complex of Estrogen Receptor alpha peptide and 14-3-3 sigma C42 mutant bound to disulfide fragment PPI stabilizer 3,X-RAY DIFFRACTION,1.7,2018-09-06T00:00:00.000+00:00,2019-02-27T00:00:00.000+00:00,2,2
ESR1,P03372,6HKF,Ternary complex of Estrogen Receptor alpha peptide and 14-3-3 sigma C42 mutant bound to disulfide fragment PPI stabilizer 4,X-RAY DIFFRACTION,1.801,2018-09-06T00:00:00.000+00:00,2019-02-27T00:00:00.000+00:00,2,2
ESR1,P03372,6HMU,Ternary complex of Estrogen Receptor alpha peptide and 14-3-3 sigma C45 mutant bound to disulfide fragment PPI stabilizer 6,X-RAY DIFFRACTION,1.2,2018-09-12T00:00:00.000+00:00,2019-02-27T00:00:00.000+00:00,2,2
ESR1,P03372,6IAR,Tricyclic indazoles a novel class of selective estrogen receptor degrader antagonists,X-RAY DIFFRACTION,1.84,2018-11-27T00:00:00.000+00:00,2019-01-23T00:00:00.000+00:00,1,1
ESR1,P03372,6OWC,Mutant estrogen receptor alpha (ERa) Y537S covalently bound to H3B-6545.,X-RAY DIFFRACTION,1.85,2019-05-09T00:00:00.000+00:00,2019-06-19T00:00:00.000+00:00,1,2
ESR1,P03372,6PET,Crystal structure of 8-hydroxychromene compound 30 bound to estrogen receptor alpha,X-RAY DIFFRACTION,2.203,2019-06-20T00:00:00.000+00:00,2019-07-17T00:00:00.000+00:00,1,4
ESR1,P03372,6PFM,Crystal structure of GDC-0927 bound to estrogen receptor alpha,X-RAY DIFFRACTION,2.84,2019-06-21T00:00:00.000+00:00,2019-07-17T00:00:00.000+00:00,1,1
ESR1,P03372,6PIT,Estrogen Receptor Alpha Ligand Binding Domain Y537S Mutant in Complex with SRC2 Stapled Peptide 41A and Estradiol,X-RAY DIFFRACTION,2.25,2019-06-27T00:00:00.000+00:00,2019-10-16T00:00:00.000+00:00,3,1
ESR1,P03372,6PSJ,Bazedoxifene in Complex with Y537S Estrogen Receptor Alpha Ligand Binding Domain,X-RAY DIFFRACTION,1.8,2019-07-12T00:00:00.000+00:00,2019-11-20T00:00:00.000+00:00,1,1
ESR1,P03372,6SBO,Estrogen receptor mutant L536S,X-RAY DIFFRACTION,1.48,2019-07-22T00:00:00.000+00:00,2019-11-27T00:00:00.000+00:00,1,1
ESR1,P03372,6SQ0,"ERa_L536S (L536S/C381S/C471S,C530S) in complex with a bridged tetracyclic indole (compound 8)",X-RAY DIFFRACTION,1.77,2019-09-03T00:00:00.000+00:00,2019-10-30T00:00:00.000+00:00,1,1
ESR1,P03372,6SUO,"ERa_L536S (L536S/C381S/C471S,C530S) in complex with a tricyclic indole (compound 6)",X-RAY DIFFRACTION,1.74,2019-09-16T00:00:00.000+00:00,2019-10-30T00:00:00.000+00:00,1,1
ESR1,P03372,6TJM,Crystal structure of an Estrogen Receptor alpha 8-mer phosphopeptide in complex with 14-3-3sigma stabilized by Pyrrolidone1,X-RAY DIFFRACTION,1.85,2019-11-26T00:00:00.000+00:00,2020-04-29T00:00:00.000+00:00,2,2
ESR1,P03372,6TL3,Crystal structure of an Estrogen Receptor alpha 8-mer phosphopeptide in complex with 14-3-3sigma stabilized by a Pyrrolidone1 derivative,X-RAY DIFFRACTION,2.455,2019-11-30T00:00:00.000+00:00,2020-04-29T00:00:00.000+00:00,2,1
ESR1,P03372,6V87,Estrogen Receptor Alpha Ligand Binding Domain Y537S in Complex with 4-Hydroxytamoxifen,X-RAY DIFFRACTION,2.4,2019-12-10T00:00:00.000+00:00,2019-12-25T00:00:00.000+00:00,1,1
ESR1,P03372,6V8T,Estrogen Receptor Alpha Ligand Binding Domain Y537S in Complex with LSZ102,X-RAY DIFFRACTION,2.1,2019-12-12T00:00:00.000+00:00,2019-12-25T00:00:00.000+00:00,1,1
ESR1,P03372,6VGH,Estrogen Receptor Alpha Ligand Binding Domain Y537S Mutant In Complex with Lasofoxifene,X-RAY DIFFRACTION,2.1,2020-01-08T00:00:00.000+00:00,2020-02-12T00:00:00.000+00:00,1,1
ESR1,P03372,6VJD,Estrogen Receptor Alpha Ligand Binding Domain in Complex with Lasofoxifene,X-RAY DIFFRACTION,1.8,2020-01-15T00:00:00.000+00:00,2020-02-26T00:00:00.000+00:00,1,1
ESR1,P03372,6VPF,Estrogen Receptor Alpha Ligand Binding Domain in Complex with the Selective Estrogen Receptor Modulator Clomiphene,X-RAY DIFFRACTION,1.6,2020-02-03T00:00:00.000+00:00,2020-09-16T00:00:00.000+00:00,1,1
ESR1,P03372,6WOK,Crystal structure of estrogen receptor alpha in complex with receptor degrader 6,X-RAY DIFFRACTION,2.309,2020-04-24T00:00:00.000+00:00,2020-07-01T00:00:00.000+00:00,1,2
ESR1,P03372,6ZOQ,Oestrogen receptor ligand binding domain in complex with compound 16,X-RAY DIFFRACTION,1.8,2020-07-07T00:00:00.000+00:00,2021-01-20T00:00:00.000+00:00,1,1
ESR1,P03372,6ZOR,Oestrogen receptor ligand binding domain in complex with compound 28,X-RAY DIFFRACTION,1.97,2020-07-07T00:00:00.000+00:00,2021-01-20T00:00:00.000+00:00,1,1
ESR1,P03372,6ZOS,Oestrogen receptor ligand binding domain in complex with compound 18,X-RAY DIFFRACTION,2.0,2020-07-07T00:00:00.000+00:00,2021-01-20T00:00:00.000+00:00,1,1
ESR1,P03372,7B9M,Cys-45-tethered stabilizer 3 of 14-3-3(sigma)/ERa PPI,X-RAY DIFFRACTION,1.7,2020-12-14T00:00:00.000+00:00,2021-07-07T00:00:00.000+00:00,2,2
ESR1,P03372,7B9R,Cys-45-tethered stabilizer 4 of 14-3-3(sigma)/ERa PPI,X-RAY DIFFRACTION,1.15,2020-12-14T00:00:00.000+00:00,2021-07-07T00:00:00.000+00:00,2,2
ESR1,P03372,7B9T,Cys-45-tethered stabilizer 5 of 14-3-3(sigma)/ERa PPI,X-RAY DIFFRACTION,1.15,2020-12-14T00:00:00.000+00:00,2021-07-07T00:00:00.000+00:00,2,2
ESR1,P03372,7BA3,Cys-42-tethered stabilizer 6 of 14-3-3(sigma)/ERa PPI,X-RAY DIFFRACTION,1.4,2020-12-15T00:00:00.000+00:00,2021-07-07T00:00:00.000+00:00,2,2
ESR1,P03372,7BA5,Cys-42-tethered stabilizer 7 of 14-3-3(sigma)/ERa PPI,X-RAY DIFFRACTION,1.45,2020-12-15T00:00:00.000+00:00,2021-07-07T00:00:00.000+00:00,2,2
ESR1,P03372,7BA6,Cys-42-tethered stabilizer 8 of 14-3-3(sigma)/ERa PPI,X-RAY DIFFRACTION,1.4,2020-12-15T00:00:00.000+00:00,2021-07-07T00:00:00.000+00:00,2,2
ESR1,P03372,7BA7,Cys-42-tethered stabilizer 9 of 14-3-3(sigma)/ERa PPI,X-RAY DIFFRACTION,1.45,2020-12-15T00:00:00.000+00:00,2021-07-07T00:00:00.000+00:00,2,2
ESR1,P03372,7BA8,Cys-42-tethered stabilizer 10 of 14-3-3(sigma)/ERa PPI,X-RAY DIFFRACTION,1.2,2020-12-15T00:00:00.000+00:00,2021-07-07T00:00:00.000+00:00,2,2
ESR1,P03372,7BA9,Cys-42-tethered stabilizer 11 of 14-3-3(sigma)/ERa PPI,X-RAY DIFFRACTION,1.48,2020-12-15T00:00:00.000+00:00,2021-07-07T00:00:00.000+00:00,2,2
ESR1,P03372,7BAA,Cys-42-tethered stabilizer 12 of 14-3-3(sigma)/ERa PPI,X-RAY DIFFRACTION,1.1,2020-12-15T00:00:00.000+00:00,2021-07-07T00:00:00.000+00:00,2,2
ESR1,P03372,7BAB,Cys-42-tethered stabilizer 13 of 14-3-3(sigma)/ERa PPI,X-RAY DIFFRACTION,1.3,2020-12-15T00:00:00.000+00:00,2021-07-07T00:00:00.000+00:00,2,2
ESR1,P03372,7JHD,Estrogen Receptor Alpha Ligand Binding Domain Y537S in Complex with TTC-352 and GRIP Peptide,X-RAY DIFFRACTION,2.402,2020-07-20T00:00:00.000+00:00,2020-11-25T00:00:00.000+00:00,2,1
ESR1,P03372,7KBS,Estrogen Receptor Alpha Ligand Binding Domain in Complex with Raloxifene,X-RAY DIFFRACTION,1.834,2020-10-02T00:00:00.000+00:00,2020-11-18T00:00:00.000+00:00,1,1
ESR1,P03372,7MSA,GDC-9545 in complex with estrogen receptor alpha,X-RAY DIFFRACTION,2.24,2021-05-10T00:00:00.000+00:00,2021-06-02T00:00:00.000+00:00,1,2
ESR1,P03372,7N9O,Estrogen Receptor Alpha Ligand Binding Domain in Complex with Aliphatic SERD S-C10(15),X-RAY DIFFRACTION,2.0,2021-06-18T00:00:00.000+00:00,2022-07-06T00:00:00.000+00:00,1,1
ESR1,P03372,7NDO,"ER-PRS*(-) (L536S, L372R) in complex with raloxifene",X-RAY DIFFRACTION,1.6,2021-02-02T00:00:00.000+00:00,2021-08-25T00:00:00.000+00:00,1,3
ESR1,P03372,7NEL,ER-PRS*(+) (Y537S) in complex with estradiol and SRC-2 coactivator peptide,X-RAY DIFFRACTION,1.45,2021-02-04T00:00:00.000+00:00,2021-08-25T00:00:00.000+00:00,2,5
ESR1,P03372,7NFB,ER-PRS*(+) (Y537S) in complex with genistein and SRC-2 coactivator peptide,X-RAY DIFFRACTION,1.33,2021-02-05T00:00:00.000+00:00,2021-08-25T00:00:00.000+00:00,2,5
ESR1,P03372,7NFW,Human 14-3-3 sigma in complex with human Estrogen Receptor alpha peptide,X-RAY DIFFRACTION,1.19,2021-02-08T00:00:00.000+00:00,2021-02-17T00:00:00.000+00:00,2,0
ESR1,P03372,7NIZ,Human 14-3-3 sigma in complex with human Estrogen Receptor alpha peptide and ligands Fusicoccin-A and WR-1065,X-RAY DIFFRACTION,1.48,2021-02-14T00:00:00.000+00:00,2021-12-01T00:00:00.000+00:00,2,2
ESR1,P03372,7OPW,"Ternary complex of 14-3-3 sigma, Estrogen Receptor alfa phosphopeptide, and WQ136",X-RAY DIFFRACTION,1.81,2021-06-01T00:00:00.000+00:00,2022-06-08T00:00:00.000+00:00,2,4
ESR1,P03372,7OQ7,"Ternary complex of 14-3-3 sigma, Estrogen Receptor alfa phosphopeptide, and WQ162",X-RAY DIFFRACTION,1.6,2021-06-02T00:00:00.000+00:00,2022-06-22T00:00:00.000+00:00,2,4
ESR1,P03372,7OQ8,"Ternary complex of 14-3-3 sigma, Estrogen Receptor alfa phosphopeptide, and WQ178",X-RAY DIFFRACTION,1.43,2021-06-02T00:00:00.000+00:00,2022-06-22T00:00:00.000+00:00,2,3
ESR1,P03372,7PWT,"Crystal structure of 14-3-3 sigma in complex with a C-terminal Estrogen Receptor alpha phosphopeptide, stabilised by pyrrolidone derivative 228",X-RAY DIFFRACTION,2.312,2021-10-07T00:00:00.000+00:00,2022-12-21T00:00:00.000+00:00,2,2
ESR1,P03372,7PWZ,"Crystal structure of 14-3-3 sigma in complex with a C-terminal Estrogen Receptoralpha phosphopeptide, stabilised by Pyrrolidone1 derivative 228",X-RAY DIFFRACTION,2.5,2021-10-07T00:00:00.000+00:00,2022-12-21T00:00:00.000+00:00,2,2
ESR1,P03372,7QVJ,ESTROGEN RECEPTOR ALPHA IN COMPLEX WITH COMPOUND 29,X-RAY DIFFRACTION,1.68,2022-01-21T00:00:00.000+00:00,2023-02-01T00:00:00.000+00:00,1,1
ESR1,P03372,7QVL,OESTROGEN RECEPTOR LIGAND BINDING DOMAIN IN COMPLEX WITH COMPOUND 38,X-RAY DIFFRACTION,1.9,2022-01-21T00:00:00.000+00:00,2023-02-01T00:00:00.000+00:00,1,1
ESR1,P03372,7R62,"Estrogen Receptor Alpha Ligand Binding Domain in Complex with a Desmethyl ICI164,384 Derivative",X-RAY DIFFRACTION,1.5,2021-06-22T00:00:00.000+00:00,2022-07-06T00:00:00.000+00:00,1,1
ESR1,P03372,7RKE,"Estrogen Receptor Alpha Ligand Binding Domain Y537S in Complex with 4-(((2-chloro-5-phenylthieno[2,3-d]pyrimidin-4-yl)amino)methyl)phenol and GRIP Peptide",X-RAY DIFFRACTION,1.55,2021-07-22T00:00:00.000+00:00,2022-06-22T00:00:00.000+00:00,2,1
ESR1,P03372,7RNM,"Estrogen Receptor Alpha Ligand Binding Domain Y537S Mutant in Complex with 2-(2-Chloro-5-phenylthieno[2,3-d]pyrimidin-4-yl)isoindolin-5-ol and GRIP Peptide",X-RAY DIFFRACTION,1.9,2021-07-29T00:00:00.000+00:00,2022-08-03T00:00:00.000+00:00,2,1
ESR1,P03372,7RRX,"Crystal Structure of the ER-alpha Ligand-binding Domain (L372S, L536S) in complex with DMERI-19",X-RAY DIFFRACTION,1.78,2021-08-10T00:00:00.000+00:00,2021-09-22T00:00:00.000+00:00,1,2
ESR1,P03372,7RRY,"Crystal Structure of the ER-alpha Ligand-binding Domain (L372S, L536S) in complex with DMERI-20",X-RAY DIFFRACTION,1.87,2021-08-10T00:00:00.000+00:00,2021-09-08T00:00:00.000+00:00,1,2
ESR1,P03372,7RRZ,"Crystal Structure of the ER-alpha Ligand-binding Domain (L372S, L536S) in complex with DMERI-30",X-RAY DIFFRACTION,1.83,2021-08-10T00:00:00.000+00:00,2021-09-08T00:00:00.000+00:00,1,1
ESR1,P03372,7RS0,"Crystal Structure of the ER-alpha Ligand-binding Domain (L372S, L536S) in complex with DMERI-18",X-RAY DIFFRACTION,1.67,2021-08-10T00:00:00.000+00:00,2021-09-08T00:00:00.000+00:00,1,1
ESR1,P03372,7RS1,"Crystal Structure of the ER-alpha Ligand-binding Domain (L372S, L536S) in complex with DMERI-21",X-RAY DIFFRACTION,1.59,2021-08-10T00:00:00.000+00:00,2021-09-08T00:00:00.000+00:00,1,1
ESR1,P03372,7RS2,"Crystal Structure of the ER-alpha Ligand-binding Domain (L372S, L536S) in complex with DMERI-23",X-RAY DIFFRACTION,1.72,2021-08-10T00:00:00.000+00:00,2021-09-08T00:00:00.000+00:00,1,1
ESR1,P03372,7RS3,"Crystal Structure of the ER-alpha Ligand-binding Domain (L372S, L536S) in complex with DMERI-29",X-RAY DIFFRACTION,1.84,2021-08-10T00:00:00.000+00:00,2021-09-08T00:00:00.000+00:00,1,4
ESR1,P03372,7RS4,"Crystal Structure of the ER-alpha Ligand-binding Domain (L372S, L536S) in complex with DMERI-8",X-RAY DIFFRACTION,1.78,2021-08-10T00:00:00.000+00:00,2021-09-08T00:00:00.000+00:00,1,2
ESR1,P03372,7RS7,"Crystal Structure of the ER-alpha Ligand-binding Domain (L372S, L536S) in complex with DMERI-30",X-RAY DIFFRACTION,1.58,2021-08-11T00:00:00.000+00:00,2021-09-22T00:00:00.000+00:00,1,1
ESR1,P03372,7RS8,"Crystal Structure of the ER-alpha Ligand-binding Domain (L372S, L536S) in complex with DMERI-16",X-RAY DIFFRACTION,1.64,2021-08-11T00:00:00.000+00:00,2021-09-22T00:00:00.000+00:00,2,1
ESR1,P03372,7RS9,"Crystal Structure of the ER-alpha Ligand-binding Domain (L372S, L536S) in complex with DMERI-25",X-RAY DIFFRACTION,1.7,2021-08-11T00:00:00.000+00:00,2021-09-08T00:00:00.000+00:00,1,1
ESR1,P03372,7SFO,"Estrogen Receptor Alpha Ligand Binding Domain Y537S in Complex with 3-(((2-chloro-5-phenylthieno[2,3-d]pyrimidin-4-yl)amino)methyl)phenol and GRIP Peptide",X-RAY DIFFRACTION,1.9,2021-10-04T00:00:00.000+00:00,2022-10-12T00:00:00.000+00:00,2,1
ESR1,P03372,7T2X,"Estrogen Receptor Alpha Ligand Binding Domain Y537S in Complex with 2-chloro-4-((4-hydroxybenzyl)amino)-5-phenylthieno[2,3-d]pyrimidin-6-ol and GRIP Peptide",X-RAY DIFFRACTION,2.6,2021-12-06T00:00:00.000+00:00,2022-06-22T00:00:00.000+00:00,2,1
ESR1,P03372,7TE7,Estrogen Receptor Alpha Ligand Binding Domain in Complex with RAD1901,X-RAY DIFFRACTION,1.85,2022-01-04T00:00:00.000+00:00,2022-01-19T00:00:00.000+00:00,1,1
ESR1,P03372,7UJ7,Estrogen Receptor Alpha Ligand Binding Domain Y537S Mutant in Complex with RU39411,X-RAY DIFFRACTION,1.68,2022-03-30T00:00:00.000+00:00,2022-05-04T00:00:00.000+00:00,1,1
ESR1,P03372,7UJ8,Estrogen Receptor Alpha Ligand Binding Domain Y537S in Complex with 4-Hydroxytamoxifen,X-RAY DIFFRACTION,2.385,2022-03-30T00:00:00.000+00:00,2022-06-15T00:00:00.000+00:00,1,1
ESR1,P03372,7UJC,Raloxifene in Complex with Estrogen Receptor Alpha Ligand Binding Domain Y537S Mutation,X-RAY DIFFRACTION,1.78,2022-03-30T00:00:00.000+00:00,2022-06-15T00:00:00.000+00:00,1,1
ESR1,P03372,7UJF,Estrogen Receptor Alpha Ligand Binding Domain in Complex with a Methylated Lasofoxifene Derivative with Selective Estrogen Receptor Degrader Properties,X-RAY DIFFRACTION,1.7,2022-03-30T00:00:00.000+00:00,2022-06-15T00:00:00.000+00:00,1,1
ESR1,P03372,7UJM,Estrogen Receptor Alpha Ligand Binding Domain in Complex with a Methylated Lasofoxifene Derivative That Increases Receptor Resonance Time in the Nucleus of Breast Cancer Cells,X-RAY DIFFRACTION,1.8,2022-03-31T00:00:00.000+00:00,2022-06-15T00:00:00.000+00:00,1,1
ESR1,P03372,7UJO,Estrogen Receptor Alpha Ligand Binding Domain in Complex with RU39411,X-RAY DIFFRACTION,1.449,2022-03-31T00:00:00.000+00:00,2022-06-15T00:00:00.000+00:00,1,2
ESR1,P03372,7UJW,Estrogen Receptor Alpha Ligand Binding Domain Y537S Mutant in Complex with a Methylated Lasofoxifene Derivative that Possesses Selective Estrogen Receptor Degrader Activities,X-RAY DIFFRACTION,2.6,2022-03-31T00:00:00.000+00:00,2022-06-15T00:00:00.000+00:00,1,1
ESR1,P03372,7UJY,Estrogen receptor alpha ligand binding domain Y537S mutant in complex with a methylated lasofoxifene derivative that enhances estrogen receptor alpha nuclear resonance time,X-RAY DIFFRACTION,1.7,2022-03-31T00:00:00.000+00:00,2022-06-15T00:00:00.000+00:00,1,1
ESR1,P03372,7WNV,Crystal structure of mutant estrogen receptor alpha Y537S in complex with CO9,X-RAY DIFFRACTION,2.3,2022-01-19T00:00:00.000+00:00,2023-01-25T00:00:00.000+00:00,1,1
ESR1,P03372,7Y8F,Estrogen Receptor Alpha Ligand Binding Domain Y537S Mutant in Complex with an Inhibitor 30o and GRIP Peptide,X-RAY DIFFRACTION,2.22,2022-06-23T00:00:00.000+00:00,2023-04-26T00:00:00.000+00:00,2,3
ESR1,P03372,7Y8G,Estrogen Receptor Alpha Ligand Binding Domain Y537S Mutant in Complex with an Inhibitor 30a and GRIP Peptide,X-RAY DIFFRACTION,2.14,2022-06-23T00:00:00.000+00:00,2023-04-26T00:00:00.000+00:00,2,2
ESR1,P03372,7YMK,Estrogen Receptor Alpha Ligand Binding Domain C381S C417S Y537S Mutant in Complex with an Covalent Selective Estrogen Receptor Degrader 29c and GRIP Peptide,X-RAY DIFFRACTION,2.25,2022-07-28T00:00:00.000+00:00,2023-05-31T00:00:00.000+00:00,2,3
ESR1,P03372,8AFN,Small molecule stabilizer (compound 1) for ERalpha and 14-3-3,X-RAY DIFFRACTION,1.36,2022-07-18T00:00:00.000+00:00,2023-04-26T00:00:00.000+00:00,2,2
ESR1,P03372,8AI0,Small molecular stabilizer for ERalpha and 14-3-3sigma (1080268),X-RAY DIFFRACTION,1.6,2022-07-25T00:00:00.000+00:00,2023-09-20T00:00:00.000+00:00,2,2
ESR1,P03372,8ALR,Small molecular stabilizer for ERalpha and 14-3-3 (1080272),X-RAY DIFFRACTION,1.4,2022-08-01T00:00:00.000+00:00,2023-09-20T00:00:00.000+00:00,2,2
ESR1,P03372,8ALT,Small molecular stabilizer for ERalpha and 14-3-3 (1075311),X-RAY DIFFRACTION,1.4,2022-08-01T00:00:00.000+00:00,2023-09-20T00:00:00.000+00:00,2,2
ESR1,P03372,8ALV,Small molecular stabilizer for ERalpha and 14-3-3 (1076403),X-RAY DIFFRACTION,1.6,2022-08-01T00:00:00.000+00:00,2023-09-20T00:00:00.000+00:00,2,2
ESR1,P03372,8ALW,Small molecular stabilizer for ERalpha and 14-3-3 (1075310),X-RAY DIFFRACTION,1.5,2022-08-01T00:00:00.000+00:00,2023-09-20T00:00:00.000+00:00,2,2
ESR1,P03372,8AM7,Small molecular stabilizer for ERalpha and 14-3-3 (1076397),X-RAY DIFFRACTION,1.5,2022-08-02T00:00:00.000+00:00,2023-09-20T00:00:00.000+00:00,2,2
ESR1,P03372,8ANF,Small molecule stabilizer for ERalpha and 14-3-3 (1074359),X-RAY DIFFRACTION,1.4,2022-08-05T00:00:00.000+00:00,2023-09-20T00:00:00.000+00:00,2,2
ESR1,P03372,8AOY,Small molecule stabilizer for ERalpha and 14-3-3 (1075478),X-RAY DIFFRACTION,1.4,2022-08-09T00:00:00.000+00:00,2023-09-20T00:00:00.000+00:00,2,2
ESR1,P03372,8APS,Small molecular stabilizer for ERalpha and 14-3-3 (1083744),X-RAY DIFFRACTION,1.2,2022-08-10T00:00:00.000+00:00,2023-09-20T00:00:00.000+00:00,2,2
ESR1,P03372,8AQ1,small molecule stabilizer for ERalpha and 14-3-3 (1083743),X-RAY DIFFRACTION,1.4,2022-08-11T00:00:00.000+00:00,2023-09-20T00:00:00.000+00:00,2,2
ESR1,P03372,8AQC,Small molecular stabilizer for ERalpha and 14-3-3 (1080294),X-RAY DIFFRACTION,1.5,2022-08-12T00:00:00.000+00:00,2023-09-20T00:00:00.000+00:00,2,2
ESR1,P03372,8AQE,Small molecular stabilizer for ERalpha and 14-3-3 (1080295),X-RAY DIFFRACTION,1.6,2022-08-12T00:00:00.000+00:00,2023-09-20T00:00:00.000+00:00,2,2
ESR1,P03372,8AQZ,Small molecular stabilizer for ERalpha and 14-3-3 (1080267),X-RAY DIFFRACTION,1.4,2022-08-15T00:00:00.000+00:00,2023-09-20T00:00:00.000+00:00,2,2
ESR1,P03372,8AR4,Small molecular stabilizer for ERalpha and 14-3-3 (1080300),X-RAY DIFFRACTION,1.5,2022-08-15T00:00:00.000+00:00,2023-09-20T00:00:00.000+00:00,2,2
ESR1,P03372,8AR5,Small molecular stabilizer for ERalpha and 14-3-3 (1080265),X-RAY DIFFRACTION,1.4,2022-08-15T00:00:00.000+00:00,2023-09-20T00:00:00.000+00:00,2,2
ESR1,P03372,8ARG,Small molecular stabilizer for ERalpha and 14-3-3 (1076405),X-RAY DIFFRACTION,1.5,2022-08-16T00:00:00.000+00:00,2023-09-20T00:00:00.000+00:00,2,2
ESR1,P03372,8ARO,Small molecular stabilizer for ERalpha and 14-3-3 (1080291),X-RAY DIFFRACTION,1.6,2022-08-17T00:00:00.000+00:00,2023-09-20T00:00:00.000+00:00,2,2
ESR1,P03372,8ARQ,Small molecular stabilizer for ERalpha and 14-3-3 (1080266),X-RAY DIFFRACTION,1.4,2022-08-17T00:00:00.000+00:00,2023-09-20T00:00:00.000+00:00,2,2
ESR1,P03372,8ARR,Small molecular stabilizer for ERalpha and 14-3-3 (1076394),X-RAY DIFFRACTION,1.35,2022-08-17T00:00:00.000+00:00,2023-09-20T00:00:00.000+00:00,2,2
ESR1,P03372,8ARW,Small molecular stabilizer for ERalpha and 14-3-3 (1076402),X-RAY DIFFRACTION,1.5,2022-08-17T00:00:00.000+00:00,2023-09-20T00:00:00.000+00:00,2,2
ESR1,P03372,8ARX,Small molecular stabilizer for ERalpha and 14-3-3sigma (1074378),X-RAY DIFFRACTION,1.4,2022-08-17T00:00:00.000+00:00,2023-09-20T00:00:00.000+00:00,2,2
ESR1,P03372,8ARY,Small molecular stabilizer for ERalpha and 14-3-3 (1080273),X-RAY DIFFRACTION,1.45,2022-08-17T00:00:00.000+00:00,2023-09-20T00:00:00.000+00:00,2,2
ESR1,P03372,8ARZ,Small molecule stabilizer for ERalpha and 14-3-3 (1076406),X-RAY DIFFRACTION,1.5,2022-08-17T00:00:00.000+00:00,2023-09-20T00:00:00.000+00:00,2,2
ESR1,P03372,8AS1,Small molecular stabilizer for ERalpha and 14-3-3 (1076398),X-RAY DIFFRACTION,1.5,2022-08-17T00:00:00.000+00:00,2023-09-20T00:00:00.000+00:00,2,2
ESR1,P03372,8AT9,Small molecule stabilizer for ERalpha and 14-3-3 (1080269),X-RAY DIFFRACTION,1.4,2022-08-22T00:00:00.000+00:00,2023-09-20T00:00:00.000+00:00,2,2
ESR1,P03372,8ATP,Small molecule stabilizer (1075481) for ERalpha and 14-3-3,X-RAY DIFFRACTION,1.4,2022-08-23T00:00:00.000+00:00,2023-09-20T00:00:00.000+00:00,2,2
ESR1,P03372,8AU2,Small molecular stabilizer for ERalpha and 14-3-3 (1080293),X-RAY DIFFRACTION,1.6,2022-08-25T00:00:00.000+00:00,2023-09-20T00:00:00.000+00:00,2,2
ESR1,P03372,8AUS,Small molecular stabilizer for ERalpha and 14-3-3 (1080297),X-RAY DIFFRACTION,1.4,2022-08-25T00:00:00.000+00:00,2023-09-20T00:00:00.000+00:00,2,2
ESR1,P03372,8AUY,Small molecule stabilizer for ERalpha and 14-3-3 (1080298),X-RAY DIFFRACTION,1.5,2022-08-26T00:00:00.000+00:00,2023-09-20T00:00:00.000+00:00,2,2
ESR1,P03372,8AV3,Small molecular stabilizer for ERalpha and 14-3-3 (1075299),X-RAY DIFFRACTION,1.8,2022-08-26T00:00:00.000+00:00,2023-09-20T00:00:00.000+00:00,2,2
ESR1,P03372,8AV4,Small molecular stabilizer for ERalpha and 14-3-3 (1075305),X-RAY DIFFRACTION,1.6,2022-08-26T00:00:00.000+00:00,2023-09-20T00:00:00.000+00:00,2,2
ESR1,P03372,8AV7,Small molecular stabilizer for ERalpha and 14-3-3 (1074202 - non covalent),X-RAY DIFFRACTION,1.4,2022-08-26T00:00:00.000+00:00,2023-09-20T00:00:00.000+00:00,2,2
ESR1,P03372,8AV8,Small molecular stabilizer for ERalpha and 14-3-3 (1075300),X-RAY DIFFRACTION,1.8,2022-08-26T00:00:00.000+00:00,2023-09-06T00:00:00.000+00:00,2,2
ESR1,P03372,8AWG,small molecule stabilizer for ERalpha and 14-3-3 (1074202),X-RAY DIFFRACTION,1.8,2022-08-29T00:00:00.000+00:00,2023-09-20T00:00:00.000+00:00,2,2
ESR1,P03372,8AXE,Small molecule stabilizer for ERalpha and 14-3-3 (1074210),X-RAY DIFFRACTION,1.8,2022-08-31T00:00:00.000+00:00,2023-09-20T00:00:00.000+00:00,2,2
ESR1,P03372,8AXU,Small molecule stabilizer for ERalpha and 14-3-3 (1075297),X-RAY DIFFRACTION,1.6,2022-09-01T00:00:00.000+00:00,2023-09-20T00:00:00.000+00:00,2,2
ESR1,P03372,8AZE,Small molecule stabilizer for ERalpha and 14-3-3 (1075306),X-RAY DIFFRACTION,1.6,2022-09-06T00:00:00.000+00:00,2023-09-20T00:00:00.000+00:00,2,2
ESR1,P03372,8B39,Small molecular stabilizer for ERalpha and 14-3-3 (1080299),X-RAY DIFFRACTION,1.4,2022-09-16T00:00:00.000+00:00,2023-09-20T00:00:00.000+00:00,2,2
ESR1,P03372,8BWJ,fragment-linked stabilizer for ERa - 14-3-3 interaction (1074386),X-RAY DIFFRACTION,1.6,2022-12-06T00:00:00.000+00:00,2023-08-02T00:00:00.000+00:00,2,1
ESR1,P03372,8BWX,Fragment-linked stabilizer for 14-3-3 and ERa (1075298),X-RAY DIFFRACTION,1.6,2022-12-07T00:00:00.000+00:00,2023-08-02T00:00:00.000+00:00,2,1
ESR1,P03372,8BWZ,fragment-linked stabilizer for ERa - 14-3-3 interaction (1074393),X-RAY DIFFRACTION,1.6,2022-12-07T00:00:00.000+00:00,2023-08-02T00:00:00.000+00:00,2,1
ESR1,P03372,8BX0,fragment-linked stabilizer for ERa - 14-3-3 interaction (1074388),X-RAY DIFFRACTION,1.6,2022-12-07T00:00:00.000+00:00,2023-08-02T00:00:00.000+00:00,2,1
ESR1,P03372,8BX3,fragment-linked stabilizer for ERa - 14-3-3 interaction (1074372),X-RAY DIFFRACTION,1.2,2022-12-07T00:00:00.000+00:00,2023-08-02T00:00:00.000+00:00,2,2
ESR1,P03372,8BX4,fragment-linked stabilizer for ERa - 14-3-3 interaction (1074392),X-RAY DIFFRACTION,1.6,2022-12-07T00:00:00.000+00:00,2023-08-02T00:00:00.000+00:00,2,1
ESR1,P03372,8BXI,fragment-linked stabilizer for ERa - 14-3-3 interaction (1074361),X-RAY DIFFRACTION,1.2,2022-12-08T00:00:00.000+00:00,2023-08-02T00:00:00.000+00:00,2,2
ESR1,P03372,8BXM,fragment-linked stabilizer for ERa - 14-3-3 interaction (1074397),X-RAY DIFFRACTION,1.6,2022-12-09T00:00:00.000+00:00,2023-08-02T00:00:00.000+00:00,2,2
ESR1,P03372,8BXN,fragment-linked stabilizer for ERa - 14-3-3 interaction (1074399),X-RAY DIFFRACTION,1.6,2022-12-09T00:00:00.000+00:00,2023-08-02T00:00:00.000+00:00,2,1
ESR1,P03372,8BXO,fragment-linked stabilizer for ERa - 14-3-3 interaction (1075287),X-RAY DIFFRACTION,1.6,2022-12-09T00:00:00.000+00:00,2023-08-02T00:00:00.000+00:00,2,1
ESR1,P03372,8BXQ,fragment-linked stabilizer for ERa - 14-3-3 interaction (1075296),X-RAY DIFFRACTION,1.6,2022-12-09T00:00:00.000+00:00,2023-08-02T00:00:00.000+00:00,2,1
ESR1,P03372,8BXS,Fragment-linked stabilizer for ERa - 14-3-3 interaction (1075293),X-RAY DIFFRACTION,1.6,2022-12-09T00:00:00.000+00:00,2023-08-02T00:00:00.000+00:00,2,1
ESR1,P03372,8BY9,fragment-linked stabilizer for ERa - 14-3-3 interaction (1075292),X-RAY DIFFRACTION,1.6,2022-12-12T00:00:00.000+00:00,2023-08-02T00:00:00.000+00:00,2,1
ESR1,P03372,8BYB,fragment-linked stabilizer for ERa - 14-3-3 interaction (1074398),X-RAY DIFFRACTION,1.6,2022-12-12T00:00:00.000+00:00,2023-08-02T00:00:00.000+00:00,2,1
ESR1,P03372,8BYC,fragment-linked stabilizer for ERa - 14-3-3 interaction (1075316),X-RAY DIFFRACTION,1.6,2022-12-12T00:00:00.000+00:00,2023-08-02T00:00:00.000+00:00,2,2
ESR1,P03372,8BYD,fragment-linked stabilizer for ERa - 14-3-3 interactions (1075288),X-RAY DIFFRACTION,1.6,2022-12-12T00:00:00.000+00:00,2023-08-02T00:00:00.000+00:00,2,1
ESR1,P03372,8BYE,fragment-linked stabilizer for ERa - 14-3-3 interaction (1075313),X-RAY DIFFRACTION,1.6,2022-12-12T00:00:00.000+00:00,2023-08-02T00:00:00.000+00:00,2,1
ESR1,P03372,8BYF,fragment-linked stabilizer for ERa - 14-3-3 interaction (1047455),X-RAY DIFFRACTION,1.65,2022-12-12T00:00:00.000+00:00,2023-08-02T00:00:00.000+00:00,2,1
ESR1,P03372,8BYG,fragment-linked stabilizer for ERa - 14-3-3 interaction (1047648),X-RAY DIFFRACTION,1.7,2022-12-12T00:00:00.000+00:00,2023-08-30T00:00:00.000+00:00,2,1
ESR1,P03372,8BYO,fragment-linked stabilizer for ERa - 14-3-3 interaction (1074361),X-RAY DIFFRACTION,1.2,2023-01-18T00:00:00.000+00:00,2023-08-02T00:00:00.000+00:00,2,2
ESR1,P03372,8BYY,fragment-linked stabilizer for ERa - 14-3-3 interaction (1074395),X-RAY DIFFRACTION,1.6,2022-12-14T00:00:00.000+00:00,2023-08-02T00:00:00.000+00:00,2,1
ESR1,P03372,8BYZ,fragment-linked stabilizer for ERa - 14-3-3 interaction (AZ210),X-RAY DIFFRACTION,1.4,2022-12-14T00:00:00.000+00:00,2023-08-02T00:00:00.000+00:00,2,2
ESR1,P03372,8BZ0,single soak stabilizer for ERa - 14-3-3 interaction (AZ275),X-RAY DIFFRACTION,1.2,2022-12-14T00:00:00.000+00:00,2023-08-02T00:00:00.000+00:00,2,2
ESR1,P03372,8BZ9,single soak stabilizer for ERa - 14-3-3 interaction (AZ354),X-RAY DIFFRACTION,1.3,2022-12-14T00:00:00.000+00:00,2023-08-30T00:00:00.000+00:00,2,2
ESR1,P03372,8BZA,single soak stabilizer for ERa - 14-3-3 interaction (AZ555),X-RAY DIFFRACTION,1.25,2022-12-14T00:00:00.000+00:00,2023-08-02T00:00:00.000+00:00,2,2
ESR1,P03372,8BZB,co-soak stabilizers for ERa - 14-3-3 interaction (884_AZ275),X-RAY DIFFRACTION,1.7,2022-12-14T00:00:00.000+00:00,2023-08-02T00:00:00.000+00:00,2,3
ESR1,P03372,8BZC,co-soaked stabilizers for ERa - 14-3-3 interaction (884_AZ244),X-RAY DIFFRACTION,1.1,2022-12-14T00:00:00.000+00:00,2023-12-27T00:00:00.000+00:00,2,3
ESR1,P03372,8BZD,deAc-FC stabilizer of 14-3-3 and ERalpha,X-RAY DIFFRACTION,1.5,2022-12-14T00:00:00.000+00:00,2024-06-26T00:00:00.000+00:00,2,2
ESR1,P03372,8BZE,FC-J stabilizer for ERa and 14-3-3,X-RAY DIFFRACTION,1.43,2022-12-14T00:00:00.000+00:00,2024-06-26T00:00:00.000+00:00,2,2
ESR1,P03372,8BZF,FC-J acetonide stabilizer of 14-3-3 and ERalpha,X-RAY DIFFRACTION,1.53,2022-12-14T00:00:00.000+00:00,2023-12-27T00:00:00.000+00:00,2,2
ESR1,P03372,8BZG,FC-31 stabilizer of 14-3-3 and ERalpha,X-RAY DIFFRACTION,1.49,2022-12-14T00:00:00.000+00:00,2024-06-26T00:00:00.000+00:00,2,2
ESR1,P03372,8BZH,FC-NAc stabilizer of 14-3-3 and ERalpha,X-RAY DIFFRACTION,1.46,2022-12-14T00:00:00.000+00:00,2024-06-26T00:00:00.000+00:00,2,2
ESR1,P03372,8BZT,FC-NAg stabilizer of 14-3-3 and ERalpha,X-RAY DIFFRACTION,1.65,2022-12-15T00:00:00.000+00:00,2024-06-26T00:00:00.000+00:00,2,2
ESR1,P03372,8BZW,Co-soaked stabilizers for ERa - 14-3-3 interaction (844_AZ210),X-RAY DIFFRACTION,1.1,2022-12-15T00:00:00.000+00:00,2023-08-02T00:00:00.000+00:00,2,3
ESR1,P03372,8C04,Co-soaked stabilizers for ERa - 14-3-3 interaction (884_AZ354),X-RAY DIFFRACTION,1.1,2022-12-15T00:00:00.000+00:00,2023-08-02T00:00:00.000+00:00,2,3
ESR1,P03372,8C0K,fragment-linked stabilizer for ERa - 14-3-3 interaction (1075302),X-RAY DIFFRACTION,1.4,2022-12-17T00:00:00.000+00:00,2023-08-02T00:00:00.000+00:00,2,2
ESR1,P03372,8C0L,FC-THF stabilizer of 14-3-3 and ERalpha,X-RAY DIFFRACTION,1.6,2022-12-17T00:00:00.000+00:00,2024-07-10T00:00:00.000+00:00,2,1
ESR1,P03372,8C42,"Ternary structure of 14-3-3sigma, PKA-responsive ERa phosphopeptide and Fusicoccin-A",X-RAY DIFFRACTION,1.4,2022-12-30T00:00:00.000+00:00,2023-12-27T00:00:00.000+00:00,2,2
ESR1,P03372,8C4F,Small molecule amidine soak in 14-3-3/ERa (AZ037),X-RAY DIFFRACTION,1.4,2023-01-03T00:00:00.000+00:00,2023-08-02T00:00:00.000+00:00,2,2
ESR1,P03372,8C4G,Small molecule amidine soak in 14-3-3/ERa (AZ132),X-RAY DIFFRACTION,1.46,2023-01-03T00:00:00.000+00:00,2023-08-02T00:00:00.000+00:00,2,2
ESR1,P03372,8DU6,"Estrogen Receptor Alpha Ligand Binding Domain in Complex with (1'-(4-((1-ethylazetidin-3-yl)oxy)phenyl)-6'-hydroxy-1',4'-dihydro-2'<i>H</i>-spiro[cyclopropane-1,3'-isoquinolin]-2'-yl)(phenyl)methanone",X-RAY DIFFRACTION,2.1,2022-07-27T00:00:00.000+00:00,2022-11-09T00:00:00.000+00:00,1,1
ESR1,P03372,8DU8,"Estrogen Receptor Alpha Ligand Binding Domain in Complex with (6-hydroxy-1-(4-((1-propylazetidin-3-yl)oxy)phenyl)-3,4-dihydroisoquinolin-2(1H)-yl)(phenyl)methanone",X-RAY DIFFRACTION,1.47,2022-07-27T00:00:00.000+00:00,2022-11-09T00:00:00.000+00:00,1,1
ESR1,P03372,8DU9,"Estrogen Receptor Alpha Ligand Binding Domain in Complex with (6-hydroxy-1-(4-(2-(piperidin-1-yl)ethoxy)phenyl)-3,4-dihydroisoquinolin-2(1H)-yl)(phenyl)methanone",X-RAY DIFFRACTION,2.5,2022-07-27T00:00:00.000+00:00,2022-11-09T00:00:00.000+00:00,1,1
ESR1,P03372,8DUB,"Estrogen Receptor Alpha Ligand Binding Domain in Complex with ((1'-(4-((1-ethylpyrrolidin-3-yl)methyl)phenyl)-6'-hydroxy-1',4'-dihydro-2'<i>H</i>-spiro[cyclopropane-1,3'-isoquinolin]-2'-yl)(phenyl)methanone",X-RAY DIFFRACTION,1.84,2022-07-27T00:00:00.000+00:00,2022-11-16T00:00:00.000+00:00,1,1
ESR1,P03372,8DUC,"Estrogen Receptor Alpha Ligand Binding Domain in Complex with (1'-(4-(2-(1-ethylpyrrolidin-3-yl)ethoxy)phenyl)-6'-hydroxy-1',4'-dihydro-2'<i>H</i>-spiro[cyclopropane-1,3'-isoquinolin]-2'-yl)(phenyl)methanone",X-RAY DIFFRACTION,1.7,2022-07-27T00:00:00.000+00:00,2022-11-09T00:00:00.000+00:00,1,1
ESR1,P03372,8DUD,"Estrogen Receptor Alpha Ligand Binding Domain in Complex with (6'-hydroxy-1'-(4-(2-(1-propylpyrrolidin-3-yl)ethoxy)phenyl)-1',4'-dihydro-2'<i>H</i>-spiro[cyclopropane-1,3'-isoquinolin]-2'-yl)(phenyl)methanone",X-RAY DIFFRACTION,1.81,2022-07-27T00:00:00.000+00:00,2022-11-09T00:00:00.000+00:00,1,1
ESR1,P03372,8DUG,"Estrogen Receptor Alpha Ligand Binding Domain in Complex with (6'-hydroxy-1'-(4-(2-((<i>S</i>)-3-methylpyrrolidin-1-yl)ethoxy)phenyl)-1',4'-dihydro-2'<i>H</i>-spiro[cyclopropane-1,3'-isoquinolin]-2'-yl)(phenyl)methanone",X-RAY DIFFRACTION,2.2,2022-07-27T00:00:00.000+00:00,2022-11-09T00:00:00.000+00:00,1,1
ESR1,P03372,8DUH,"Estrogen Receptor Alpha Ligand Binding Domain in Complex with (6'-hydroxy-1'-(4-(2-((<i>R</i>)-2-methylpyrrolidin-1-yl)ethoxy)phenyl)-1',4'-dihydro-2'<i>H</i>-spiro[cyclopropane-1,3'-isoquinolin]-2'-yl)(phenyl)methanone",X-RAY DIFFRACTION,1.9,2022-07-27T00:00:00.000+00:00,2022-11-09T00:00:00.000+00:00,1,1
ESR1,P03372,8DUI,"Estrogen Receptor Alpha Ligand Binding Domain in Complex with (1'-(4-(2-(dimethylamino)ethoxy)phenyl)-6'-hydroxy-1',4'-dihydro-2'<i>H</i>-spiro[cyclopropane-1,3'-isoquinolin]-2'-yl)(phenyl)methanone",X-RAY DIFFRACTION,2.04,2022-07-27T00:00:00.000+00:00,2022-11-09T00:00:00.000+00:00,1,1
ESR1,P03372,8DUK,"Estrogen Receptor Alpha Ligand Binding Domain in Complex with (6'-hydroxy-1'-(4-(2-(methylamino)ethoxy)phenyl)-1',4'-dihydro-2'<i>H</i>-spiro[cyclopropane-1,3'-isoquinolin]-2'-yl)(phenyl)methanone",X-RAY DIFFRACTION,1.7,2022-07-27T00:00:00.000+00:00,2023-07-05T00:00:00.000+00:00,1,1
ESR1,P03372,8DUS,"Estrogen Receptor Alpha Ligand Binding Domain in Complex with (1'-(4-(2-(ethylamino)ethoxy)phenyl)-6'-hydroxy-1',4'-dihydro-2'<i>H</i>-spiro[cyclopropane-1,3'-isoquinolin]-2'-yl)(phenyl)methanone",X-RAY DIFFRACTION,1.9,2022-07-27T00:00:00.000+00:00,2022-11-09T00:00:00.000+00:00,1,1
ESR1,P03372,8DV5,"Estrogen Receptor Alpha Ligand Binding Domain in Complex with (6'-hydroxy-1'-(4-((1-pentylpyrrolidin-3-yl)methoxy)phenyl)-1',4'-dihydro-2'<i>H</i>-spiro[cyclopropane-1,3'-isoquinolin]-2'-yl)(phenyl)methanone",X-RAY DIFFRACTION,1.85,2022-07-28T00:00:00.000+00:00,2022-11-09T00:00:00.000+00:00,1,1
ESR1,P03372,8DV7,"Estrogen Receptor Alpha Ligand Binding Domain in Complex with (6'-hydroxy-1'-(4-(2-(1-propylpyrrolidin-3-yl)ethyl)phenyl)-1',4'-dihydro-2'<i>H</i>-spiro[cyclopropane-1,3'-isoquinolin]-2'-yl)(phenyl)methanone",X-RAY DIFFRACTION,1.59,2022-07-28T00:00:00.000+00:00,2022-11-09T00:00:00.000+00:00,1,1
ESR1,P03372,8DV8,"Estrogen Receptor Alpha Ligand Binding Domain in Complex with (6'-hydroxy-1'-(4-((2-(1-propylpyrrolidin-3-yl)ethyl)thio)phenyl)-1',4'-dihydro-2'<i>H</i>-spiro[cyclopropane-1,3'-isoquinolin]-2'-yl)(phenyl)methanone",X-RAY DIFFRACTION,1.7,2022-07-28T00:00:00.000+00:00,2022-11-09T00:00:00.000+00:00,1,1
ESR1,P03372,8DVB,"Estrogen Receptor Alpha Ligand Binding Domain in Complex with (1'-(4-((1-butylpyrrolidin-3-yl)methoxy)phenyl)-6'-hydroxy-1',4'-dihydro-2'<i>H</i>-spiro[cyclopropane-1,3'-isoquinolin]-2'-yl)(phenyl)methanone",X-RAY DIFFRACTION,2.19,2022-07-28T00:00:00.000+00:00,2022-11-16T00:00:00.000+00:00,1,1
ESR1,P03372,8EV1,Dual Modulators,X-RAY DIFFRACTION,1.83,2022-10-19T00:00:00.000+00:00,2022-12-28T00:00:00.000+00:00,3,2
ESR1,P03372,8EV2,Dual Modulators,X-RAY DIFFRACTION,2.01,2022-10-19T00:00:00.000+00:00,2022-12-28T00:00:00.000+00:00,2,2
ESR1,P03372,8VV1,Estrogen receptor alpha ligand binding domain in complex with palazestrant,X-RAY DIFFRACTION,2.196,2024-01-30T00:00:00.000+00:00,2025-03-19T00:00:00.000+00:00,1,2
ESR1,P03372,8VYT,"Crystal Structure of the ER-alpha Ligand-binding Domain (L372S, L536S) in complex with k-411",X-RAY DIFFRACTION,1.61,2024-02-09T00:00:00.000+00:00,2024-06-12T00:00:00.000+00:00,1,1
ESR1,P03372,8VYX,"Crystal Structure of the ER-alpha Ligand-binding Domain (L372S, L536S) in complex with k-410",X-RAY DIFFRACTION,1.69,2024-02-09T00:00:00.000+00:00,2024-06-12T00:00:00.000+00:00,1,1
ESR1,P03372,8VZ0,"Crystal Structure of the ER-alpha Ligand-binding Domain (L372S, L536S) in complex with k-400",X-RAY DIFFRACTION,1.86,2024-02-09T00:00:00.000+00:00,2024-06-12T00:00:00.000+00:00,1,1
ESR1,P03372,8VZ1,"Crystal Structure of the ER-alpha Ligand-binding Domain (L372S, L536S) in complex with k-409",X-RAY DIFFRACTION,1.82,2024-02-09T00:00:00.000+00:00,2024-06-12T00:00:00.000+00:00,1,1
ESR1,P03372,8VZP,"Crystal Structure of the ER-alpha Ligand-binding Domain (L372S, L536S) in complex with k-403",X-RAY DIFFRACTION,1.72,2024-02-12T00:00:00.000+00:00,2024-06-12T00:00:00.000+00:00,1,1
ESR1,P03372,8VZQ,"Crystal Structure of the ER-alpha Ligand-binding Domain (L372S, L536S) in complex with k-406",X-RAY DIFFRACTION,1.75,2024-02-12T00:00:00.000+00:00,2024-06-12T00:00:00.000+00:00,1,2
ESR1,P03372,8W03,"Crystal Structure of the ER-alpha Ligand-binding Domain (L372S, L536S) in complex with k-1154",X-RAY DIFFRACTION,1.68,2024-02-13T00:00:00.000+00:00,2024-06-12T00:00:00.000+00:00,1,1
ESR1,P03372,8W07,"Crystal Structure of the ER-alpha Ligand-binding Domain (L372S, L536S) in complex with k-402",X-RAY DIFFRACTION,1.83,2024-02-13T00:00:00.000+00:00,2024-06-12T00:00:00.000+00:00,1,2
ESR1,P03372,8ZZR,A metastable contact and structural disorder in the estrogen receptor transactivation domain,,,2018-09-26T00:00:00.000+00:00,2019-01-02T00:00:00.000+00:00,1,0
ESR1,P03372,9B25,"Crystal Structure of the ER-alpha Ligand-binding Domain (L372S, L536S) in complex with NA98",X-RAY DIFFRACTION,1.45,2024-03-14T00:00:00.000+00:00,2025-08-27T00:00:00.000+00:00,1,1
ESR1,P03372,9B2B,Estrogen Receptor Alpha Ligand Binding Domain in Complex with a Complete Estrogen Receptor Antagonists that Favors Tetramer Formation,X-RAY DIFFRACTION,2.08,2024-03-14T00:00:00.000+00:00,2025-08-27T00:00:00.000+00:00,1,1
ESR1,P03372,9BPX,"Estrogen Receptor Alpha Ligand Binding Domain Y537S Mutant in Complex with (1'-(4-((1-butylpyrrolidin-3-yl)methoxy)phenyl)-6'-hydroxy-1',4'-dihydro-2'<i>H</i>-spiro[cyclopropane-1,3'-isoquinolin]-2'-yl)(phenyl)methanone",X-RAY DIFFRACTION,2.2,2024-05-08T00:00:00.000+00:00,2025-02-12T00:00:00.000+00:00,1,3
ESR1,P03372,9BQE,"Estrogen Receptor Alpha Ligand Binding Domain Y537S Mutant in Complex with (6'-hydroxy-1'-(4-(2-(1-propylpyrrolidin-3-yl)ethoxy)phenyl)-1',4'-dihydro-2'<i>H</i>-spiro[cyclopropane-1,3'-isoquinolin]-2'-yl)(phenyl)methanone",X-RAY DIFFRACTION,1.98,2024-05-09T00:00:00.000+00:00,2024-06-19T00:00:00.000+00:00,1,1
ESR1,P03372,9BU1,"Estrogen Receptor Alpha Ligand Binding Domain Y537S Mutant in Complex with (6'-hydroxy-1'-(4-((1-propylazetidin-3-yl)methoxy)phenyl)-1',4'-dihydro-2'H-spiro[cyclopropane-1,3'-isoquinolin]-2'-yl)(phenyl)methanone",X-RAY DIFFRACTION,1.75,2024-05-16T00:00:00.000+00:00,2024-06-19T00:00:00.000+00:00,1,1
ESR1,P03372,9EBG,Crystal structure of the hERalpha LBD complexed with androstenediol and SRC 2-2 peptide,X-RAY DIFFRACTION,2.02,2024-11-12T00:00:00.000+00:00,2025-11-19T00:00:00.000+00:00,2,1
ESR1,P03372,9ECK,Estrogen receptor alpha,X-RAY DIFFRACTION,3.2,2024-11-14T00:00:00.000+00:00,2026-06-24T00:00:00.000+00:00,1,1
ESR1,P03372,9I6S,14-3-3sigma binding to the ERa peptide and compound 28,X-RAY DIFFRACTION,1.3,2025-01-31T00:00:00.000+00:00,2025-07-30T00:00:00.000+00:00,2,2
ESR1,P03372,9I6T,14-3-3sigma binding to the ERa peptide and compound 32,X-RAY DIFFRACTION,1.3,2025-01-31T00:00:00.000+00:00,2025-07-30T00:00:00.000+00:00,2,3
ESR1,P03372,9I6U,14-3-3sigma binding to the ERa peptide and compound 33,X-RAY DIFFRACTION,1.3,2025-01-31T00:00:00.000+00:00,2025-07-30T00:00:00.000+00:00,2,3
ESR1,P03372,9I6V,14-3-3sigma binding to the ERa peptide and compound 40,X-RAY DIFFRACTION,1.3,2025-01-31T00:00:00.000+00:00,2025-07-30T00:00:00.000+00:00,2,3
ESR1,P03372,9I6W,14-3-3sigma binding to the ERa peptide and compound 41,X-RAY DIFFRACTION,1.3,2025-01-31T00:00:00.000+00:00,2025-07-30T00:00:00.000+00:00,2,3
ESR1,P03372,9I6X,14-3-3sigma binding to the ERa peptide and compound 42,X-RAY DIFFRACTION,1.3,2025-01-31T00:00:00.000+00:00,2025-07-30T00:00:00.000+00:00,2,3
ESR1,P03372,9I6Y,14-3-3sigma binding to the ERa peptide and compound 1,X-RAY DIFFRACTION,1.5,2025-01-31T00:00:00.000+00:00,2025-07-30T00:00:00.000+00:00,2,3
ESR1,P03372,9I6Z,14-3-3sigma binding to the ERa peptide and compound 2,X-RAY DIFFRACTION,1.4,2025-01-31T00:00:00.000+00:00,2025-07-30T00:00:00.000+00:00,2,3
ESR1,P03372,9I70,14-3-3sigma binding to the ERa peptide and compound 17,X-RAY DIFFRACTION,1.4,2025-01-31T00:00:00.000+00:00,2025-07-30T00:00:00.000+00:00,2,3
ESR1,P03372,9I71,14-3-3sigma binding to the ERa peptide and compound 19,X-RAY DIFFRACTION,1.35,2025-01-31T00:00:00.000+00:00,2025-07-30T00:00:00.000+00:00,2,3
ESR1,P03372,9I72,14-3-3sigma binding to the ERa peptide and compound 10,X-RAY DIFFRACTION,1.35,2025-01-31T00:00:00.000+00:00,2025-07-30T00:00:00.000+00:00,2,4
ESR1,P03372,9I73,14-3-3sigma binding to the ERa peptide and compound 20,X-RAY DIFFRACTION,1.4,2025-01-31T00:00:00.000+00:00,2025-07-30T00:00:00.000+00:00,2,3
ESR1,P03372,9I74,14-3-3sigma binding to the ERa peptide and compound 21,X-RAY DIFFRACTION,1.5,2025-01-31T00:00:00.000+00:00,2025-07-30T00:00:00.000+00:00,2,3
ESR1,P03372,9I75,14-3-3sigma binding to the ERa peptide and compound 25,X-RAY DIFFRACTION,1.4,2025-01-31T00:00:00.000+00:00,2025-07-30T00:00:00.000+00:00,2,4
ESR1,P03372,9SV3,Local refinement of EloB/EloC/VHL/CV2a/14-3-3zeta/ERa from pose 1,ELECTRON MICROSCOPY,4.3,2025-09-30T00:00:00.000+00:00,2025-12-03T00:00:00.000+00:00,5,1
ESR1,P03372,9VT5,Estrogen Receptor Alpha Ligand Binding Domain Y537S Mutant in Complex with Compound 4 and GRIP Peptide,X-RAY DIFFRACTION,2.27,2025-07-10T00:00:00.000+00:00,2026-07-15T00:00:00.000+00:00,1,1
ESR1,P03372,9VTU,Estrogen Receptor Alpha Ligand Binding Domain Y537S Mutant in Complex with Compound 20a and GRIP Peptide,X-RAY DIFFRACTION,2.09,2025-07-11T00:00:00.000+00:00,2026-07-15T00:00:00.000+00:00,1,1
ESR1,P03372,9W11,Crystal Structure of the ER-alpha Ligand-binding Domain (Y537S) in Complex with beta-zearalenol,X-RAY DIFFRACTION,1.83,2025-07-25T00:00:00.000+00:00,2026-03-18T00:00:00.000+00:00,1,4
ESR1,P03372,9W12,Crystal Structure of the ER-alpha Ligand-binding Domain (Y537S) in Complex with ZOL-P,X-RAY DIFFRACTION,1.75,2025-07-25T00:00:00.000+00:00,2026-03-18T00:00:00.000+00:00,1,4
ESR1,P03372,9W13,Crystal Structure of the ER-alpha Ligand-binding Domain (Y537S) in Complex with ZEN-P,X-RAY DIFFRACTION,2.05,2025-07-25T00:00:00.000+00:00,2026-03-18T00:00:00.000+00:00,1,4
ESR1,P03372,9WB2,Estrogen Receptor Alpha Ligand Binding Domain Y537S Mutant in Complex with Compound No.33 and GRIP Peptide,X-RAY DIFFRACTION,1.95,2025-08-13T00:00:00.000+00:00,2026-08-19T00:00:00.000+00:00,2,3
ESR1,P03372,9Y7E,Covalent stabilizer of the interaction between 14-3-3 sigma and Estrogen receptor-alpha peptide,X-RAY DIFFRACTION,2.28,2025-09-09T00:00:00.000+00:00,2026-08-26T00:00:00.000+00:00,2,1
ESR1,P03372,9YC4,Covalent stabilizer of the interaction between 14-3-3 sigma and Estrogen receptor-alpha peptide,X-RAY DIFFRACTION,2.152,2025-09-18T00:00:00.000+00:00,2026-09-02T00:00:00.000+00:00,2,1
ESR2,Q92731,1L2J,"Human Estrogen Receptor beta Ligand-binding Domain in Complex with (R,R)-5,11-cis-diethyl-5,6,11,12-tetrahydrochrysene-2,8-diol",X-RAY DIFFRACTION,2.95,2002-02-21T00:00:00.000+00:00,2002-05-01T00:00:00.000+00:00,1,1
ESR2,Q92731,1NDE,Estrogen Receptor beta with Selective Triazine Modulator,X-RAY DIFFRACTION,3.0,2002-12-09T00:00:00.000+00:00,2002-12-18T00:00:00.000+00:00,1,1
ESR2,Q92731,1QKM,HUMAN OESTROGEN RECEPTOR BETA LIGAND-BINDING DOMAIN IN COMPLEX WITH PARTIAL AGONIST GENISTEIN,X-RAY DIFFRACTION,1.8,1999-07-27T00:00:00.000+00:00,2000-07-28T00:00:00.000+00:00,1,1
ESR2,Q92731,1U3Q,Crystal Structure of Estrogen Receptor beta complexed with CL-272,X-RAY DIFFRACTION,2.4,2004-07-22T00:00:00.000+00:00,2005-07-26T00:00:00.000+00:00,1,1
ESR2,Q92731,1U3R,Crystal Structure of Estrogen Receptor beta complexed with WAY-338,X-RAY DIFFRACTION,2.21,2004-07-22T00:00:00.000+00:00,2005-07-26T00:00:00.000+00:00,2,1
ESR2,Q92731,1U3S,Crystal Structure of Estrogen Receptor beta complexed with WAY-797,X-RAY DIFFRACTION,2.5,2004-07-22T00:00:00.000+00:00,2005-07-26T00:00:00.000+00:00,2,1
ESR2,Q92731,1U9E,CRYSTAL STRUCTURE OF ESTROGEN RECEPTOR BETA COMPLEXED WITH WAY-397,X-RAY DIFFRACTION,2.4,2004-08-09T00:00:00.000+00:00,2005-03-01T00:00:00.000+00:00,2,1
ESR2,Q92731,1X76,CRYSTAL STRUCTURE OF ESTROGEN RECEPTOR BETA COMPLEXED WITH WAY-697,X-RAY DIFFRACTION,2.2,2004-08-13T00:00:00.000+00:00,2005-03-01T00:00:00.000+00:00,2,1
ESR2,Q92731,1X78,CRYSTAL STRUCTURE OF ESTROGEN RECEPTOR BETA COMPLEXED WITH WAY-244,X-RAY DIFFRACTION,2.3,2004-08-13T00:00:00.000+00:00,2005-03-01T00:00:00.000+00:00,2,1
ESR2,Q92731,1X7B,CRYSTAL STRUCTURE OF ESTROGEN RECEPTOR BETA COMPLEXED WITH ERB-041,X-RAY DIFFRACTION,2.3,2004-08-13T00:00:00.000+00:00,2005-03-01T00:00:00.000+00:00,2,1
ESR2,Q92731,1X7J,CRYSTAL STRUCTURE OF ESTROGEN RECEPTOR BETA COMPLEXED WITH GENISTEIN,X-RAY DIFFRACTION,2.3,2004-08-14T00:00:00.000+00:00,2005-03-01T00:00:00.000+00:00,2,1
ESR2,Q92731,1YY4,Crystal structure of estrogen receptor beta complexed with 1-chloro-6-(4-hydroxy-phenyl)-naphthalen-2-ol,X-RAY DIFFRACTION,2.7,2005-02-23T00:00:00.000+00:00,2006-02-28T00:00:00.000+00:00,2,1
ESR2,Q92731,1YYE,Crystal structure of estrogen receptor beta complexed with way-202196,X-RAY DIFFRACTION,2.03,2005-02-24T00:00:00.000+00:00,2006-02-28T00:00:00.000+00:00,2,1
ESR2,Q92731,1ZAF,Crystal structure of estrogen receptor beta complexed with 3-Bromo-6-hydroxy-2-(4-hydroxy-phenyl)-inden-1-one,X-RAY DIFFRACTION,2.2,2005-04-06T00:00:00.000+00:00,2006-04-11T00:00:00.000+00:00,2,1
ESR2,Q92731,2FSZ,A second binding site for hydroxytamoxifen within the coactivator-binding groove of estrogen receptor beta,X-RAY DIFFRACTION,2.2,2006-01-23T00:00:00.000+00:00,2006-07-11T00:00:00.000+00:00,1,1
ESR2,Q92731,2GIU,Human estrogen receptor beta ligand-binding domain in complex with compound 45,X-RAY DIFFRACTION,2.2,2006-03-29T00:00:00.000+00:00,2006-10-10T00:00:00.000+00:00,1,1
ESR2,Q92731,2I0G,Benzopyrans are Selective Estrogen Receptor beta Agonists (SERBAs) with Novel Activity in Models of Benign Prostatic Hyperplasia,X-RAY DIFFRACTION,2.5,2006-08-10T00:00:00.000+00:00,2006-10-24T00:00:00.000+00:00,1,1
ESR2,Q92731,2JJ3,Estrogen receptor beta ligand binding domain in complex with a Benzopyran agonist,X-RAY DIFFRACTION,2.28,2007-07-03T00:00:00.000+00:00,2007-08-07T00:00:00.000+00:00,1,1
ESR2,Q92731,2NV7,Crystal Structure of Estrogen Receptor Beta Complexed with WAY-555,X-RAY DIFFRACTION,2.1,2006-11-10T00:00:00.000+00:00,2007-08-21T00:00:00.000+00:00,2,1
ESR2,Q92731,2QTU,Estrogen receptor beta ligand-binding domain complexed to a benzopyran ligand,X-RAY DIFFRACTION,2.53,2007-08-02T00:00:00.000+00:00,2007-10-30T00:00:00.000+00:00,1,1
ESR2,Q92731,2YJD,Stapled peptide bound to Estrogen Receptor Beta,X-RAY DIFFRACTION,1.93,2011-05-19T00:00:00.000+00:00,2011-08-03T00:00:00.000+00:00,2,1
ESR2,Q92731,2YLY,Sulfonamides as selective Estrogen Receptor beta Agonists.,X-RAY DIFFRACTION,3.2,2011-06-06T00:00:00.000+00:00,2012-06-13T00:00:00.000+00:00,1,2
ESR2,Q92731,2Z4B,Estrogen receptor beta ligand-binding domain complexed to a benzopyran ligand,X-RAY DIFFRACTION,2.34,2007-06-14T00:00:00.000+00:00,2007-08-07T00:00:00.000+00:00,1,1
ESR2,Q92731,3OLL,Crystal structure of phosphorylated estrogen receptor beta ligand binding domain,X-RAY DIFFRACTION,1.5,2010-08-26T00:00:00.000+00:00,2010-11-17T00:00:00.000+00:00,2,1
ESR2,Q92731,3OLS,Crystal structure of estrogen receptor beta ligand binding domain,X-RAY DIFFRACTION,2.2,2010-08-26T00:00:00.000+00:00,2010-11-17T00:00:00.000+00:00,2,1
ESR2,Q92731,3OMO,Fragment-Based Design of novel Estrogen Receptor Ligands,X-RAY DIFFRACTION,2.21,2010-08-27T00:00:00.000+00:00,2011-03-16T00:00:00.000+00:00,2,1
ESR2,Q92731,3OMP,Fragment-Based Design of novel Estrogen Receptor Ligands,X-RAY DIFFRACTION,2.05,2010-08-27T00:00:00.000+00:00,2011-03-16T00:00:00.000+00:00,2,1
ESR2,Q92731,3OMQ,Fragment-Based Design of novel Estrogen Receptor Ligands,X-RAY DIFFRACTION,1.97,2010-08-27T00:00:00.000+00:00,2011-03-16T00:00:00.000+00:00,2,1
ESR2,Q92731,4J24,Estrogen Receptor in complex with proline-flanked LXXLL peptides,X-RAY DIFFRACTION,2.1,2013-02-04T00:00:00.000+00:00,2013-03-13T00:00:00.000+00:00,2,1
ESR2,Q92731,4J26,Estrogen Receptor in complex with proline-flanked LXXLL peptides,X-RAY DIFFRACTION,2.3,2013-02-04T00:00:00.000+00:00,2013-03-13T00:00:00.000+00:00,2,1
ESR2,Q92731,4ZI1,HUMAN ESTROGEN RECEPTOR BETA LIGAND-BINDING DOMAIN IN COMPLEX WITH KB095285 AND CIA12 COACTIVATOR PEPTIDE,X-RAY DIFFRACTION,2.1,2015-04-27T00:00:00.000+00:00,2016-06-29T00:00:00.000+00:00,2,1
ESR2,Q92731,5TOA,Crystal Structure of ER beta bound to Estradiol,X-RAY DIFFRACTION,2.5,2016-10-17T00:00:00.000+00:00,2017-06-28T00:00:00.000+00:00,1,1
ESR2,Q92731,7XVY,Human Estrogen Receptor beta Ligand-binding Domain in Complex with S-DPN,X-RAY DIFFRACTION,1.544,2022-05-25T00:00:00.000+00:00,2022-07-20T00:00:00.000+00:00,2,1
ESR2,Q92731,7XVZ,Human Estrogen Receptor beta Ligand-binding Domain in Complex with (R)-3-(2-chloro-4-hydroxyphenyl)-2-(4-hydroxyphenyl)propanenitrile,X-RAY DIFFRACTION,2.08,2022-05-25T00:00:00.000+00:00,2022-07-20T00:00:00.000+00:00,2,1
ESR2,Q92731,7XWP,Human Estrogen Receptor beta Ligand-binding Domain in Complex with (S)-3-(2-chloro-4-hydroxyphenyl)-2-(4-hydroxyphenyl)propanenitrile,X-RAY DIFFRACTION,1.919,2022-05-27T00:00:00.000+00:00,2022-07-20T00:00:00.000+00:00,2,1
ESR2,Q92731,7XWQ,Human Estrogen Receptor beta Ligand-binding Domain in Complex with (R)-2-(2-chloro-4-hydroxyphenyl)-3-(4-hydroxyphenyl)propanenitrile,X-RAY DIFFRACTION,1.89,2022-05-27T00:00:00.000+00:00,2022-07-20T00:00:00.000+00:00,2,1
ESR2,Q92731,7XWR,Human Estrogen Receptor beta Ligand-binding Domain in Complex with (S)-2-(2-chloro-4-hydroxyphenyl)-3-(4-hydroxyphenyl)propanenitrile,X-RAY DIFFRACTION,2.164,2022-05-27T00:00:00.000+00:00,2022-07-20T00:00:00.000+00:00,2,1
ESR2,Q92731,9EBL,Crystal structure of the hERbeta LBD complexed with androstenediol and SRC 2-2 peptide (crystal form 1),X-RAY DIFFRACTION,2.2,2024-11-12T00:00:00.000+00:00,2025-11-19T00:00:00.000+00:00,2,1
ESR2,Q92731,9ECF,Crystal structure of the hERbeta LBD complexed with androstenediol and SRC 2-2 peptide (crystal form 2),X-RAY DIFFRACTION,2.0,2024-11-14T00:00:00.000+00:00,2025-11-19T00:00:00.000+00:00,2,1
ESRRA,P11474,1XB7,X-ray structure of ERRalpha LBD in complex with a PGC-1alpha peptide at 2.5A resolution,X-RAY DIFFRACTION,2.5,2004-08-30T00:00:00.000+00:00,2004-09-14T00:00:00.000+00:00,2,1
ESRRA,P11474,2PJL,Crystal Structure of Human Estrogen-Related Receptor alpha in Complex with a Synthetic Inverse Agonist reveals its Novel Molecular Mechanism,X-RAY DIFFRACTION,2.3,2007-04-16T00:00:00.000+00:00,2007-06-12T00:00:00.000+00:00,1,1
ESRRA,P11474,3D24,Crystal structure of ligand-binding domain of estrogen-related receptor alpha (ERRalpha) in complex with the peroxisome proliferators-activated receptor coactivator-1alpha box3 peptide (PGC-1alpha),X-RAY DIFFRACTION,2.11,2008-05-07T00:00:00.000+00:00,2008-06-10T00:00:00.000+00:00,2,0
ESRRA,P11474,3K6P,Estrogen Related Receptor alpha in Complex with an Ether Based Ligand,X-RAY DIFFRACTION,1.996,2009-10-09T00:00:00.000+00:00,2010-10-20T00:00:00.000+00:00,1,1
ESRRA,P11474,7E2E,Crystal structure of the Estrogen-Related Receptor alpha (ERRalpha) ligand-binding domain (LBD) in complex with an agonist DS45500853 and a PGC-1alpha peptide,X-RAY DIFFRACTION,2.7,2021-02-05T00:00:00.000+00:00,2021-06-30T00:00:00.000+00:00,2,2
ESRRA,P11474,9LVP,Crystal structure of estrogen related receptor-alpha DNA binding domain complexed with MPC1 promoter,X-RAY DIFFRACTION,2.79,2025-02-12T00:00:00.000+00:00,2026-02-18T00:00:00.000+00:00,3,2
ESRRB,O95718,1LO1,ESTROGEN RELATED RECEPTOR 2 DNA BINDING DOMAIN IN COMPLEX WITH DNA,SOLUTION NMR,,2002-05-05T00:00:00.000+00:00,2003-04-22T00:00:00.000+00:00,3,1
ESRRB,O95718,6LIT,Estrogen-related receptor beta(ERR2) in complex with BPA,X-RAY DIFFRACTION,2.0,2019-12-13T00:00:00.000+00:00,2020-10-07T00:00:00.000+00:00,2,1
ESRRB,O95718,6LN4,Estrogen-related receptor beta(ERR2) in complex with PGC1a-2a,X-RAY DIFFRACTION,2.61,2019-12-28T00:00:00.000+00:00,2020-10-07T00:00:00.000+00:00,2,0
ESRRG,P62508,1KV6,X-ray structure of the orphan nuclear receptor ERR3 ligand-binding domain in the constitutively active conformation,X-RAY DIFFRACTION,2.7,2002-01-25T00:00:00.000+00:00,2003-01-25T00:00:00.000+00:00,2,0
ESRRG,P62508,1TFC,CRYSTAL STRUCTURE OF THE LIGAND-BINDING DOMAIN OF THE ESTROGEN-RELATED RECEPTOR GAMMA IN COMPLEX WITH A STEROID RECEPTOR COACTIVATOR-1 PEPTIDE,X-RAY DIFFRACTION,2.4,2004-05-27T00:00:00.000+00:00,2004-07-27T00:00:00.000+00:00,2,0
ESRRG,P62508,1VJB,crystal structure of the ligand-binding domain of the estrogen-related receptor gamma in complex with 4-hydroxytamoxifen,X-RAY DIFFRACTION,3.2,2004-02-03T00:00:00.000+00:00,2004-06-08T00:00:00.000+00:00,1,1
ESRRG,P62508,2E2R,Crystal structure of human estrogen-related receptor gamma ligand binding domain complex with bisphenol A,X-RAY DIFFRACTION,1.6,2006-11-16T00:00:00.000+00:00,2007-09-11T00:00:00.000+00:00,1,2
ESRRG,P62508,2EWP,Crystal structure of Estrogen Related Receptor-3 (ERR-gamma) ligand binding domaind with tamoxifen analog GSK5182,X-RAY DIFFRACTION,2.3,2005-11-04T00:00:00.000+00:00,2006-05-09T00:00:00.000+00:00,1,1
ESRRG,P62508,2GP7,Estrogen Related Receptor-gamma ligand binding domain,X-RAY DIFFRACTION,2.45,2006-04-17T00:00:00.000+00:00,2006-09-26T00:00:00.000+00:00,1,1
ESRRG,P62508,2GPO,Estrogen Related Receptor-gamma ligand binding domain complexed with a synthetic peptide from RIP140,X-RAY DIFFRACTION,1.95,2006-04-18T00:00:00.000+00:00,2006-09-26T00:00:00.000+00:00,2,0
ESRRG,P62508,2GPP,Estrogen Related Receptor-gamma ligand binding domain complexed with a RIP140 peptide and synthetic ligand GSK4716,X-RAY DIFFRACTION,2.6,2006-04-18T00:00:00.000+00:00,2006-09-26T00:00:00.000+00:00,2,1
ESRRG,P62508,2GPU,Estrogen Related Receptor-gamma ligand binding domain complexed with 4-hydroxy-tamoxifen,X-RAY DIFFRACTION,1.7,2006-04-18T00:00:00.000+00:00,2006-09-26T00:00:00.000+00:00,1,1
ESRRG,P62508,2GPV,Estrogen Related Receptor-gamma ligand binding domain complexed with 4-hydroxy-tamoxifen and a SMRT peptide,X-RAY DIFFRACTION,2.85,2006-04-18T00:00:00.000+00:00,2006-09-26T00:00:00.000+00:00,2,1
ESRRG,P62508,2P7A,Crystal Structure of Estrogen Related Receptor g in complex with 3-methyl phenol,X-RAY DIFFRACTION,2.3,2007-03-20T00:00:00.000+00:00,2008-02-26T00:00:00.000+00:00,1,1
ESRRG,P62508,2P7G,X-ray Structure of Estrogen Related Receptor g in complex with Bisphenol A.,X-RAY DIFFRACTION,2.1,2007-03-20T00:00:00.000+00:00,2008-02-26T00:00:00.000+00:00,1,2
ESRRG,P62508,2P7Z,Estrogen Related Receptor Gamma in complex with 4-hydroxy-tamoxifen,X-RAY DIFFRACTION,2.5,2007-03-21T00:00:00.000+00:00,2008-02-26T00:00:00.000+00:00,1,1
ESRRG,P62508,2ZAS,"Crystal structure of human estrogen-related receptor gamma ligand binding domain complex with 4-alpha-cumylphenol, a bisphenol A derivative",X-RAY DIFFRACTION,2.0,2007-10-09T00:00:00.000+00:00,2008-10-07T00:00:00.000+00:00,1,2
ESRRG,P62508,2ZBS,Crystal structure of human estrogen-related receptor gamma ligand binding domain apo form,X-RAY DIFFRACTION,1.8,2007-10-27T00:00:00.000+00:00,2008-10-07T00:00:00.000+00:00,1,0
ESRRG,P62508,2ZKC,Crystal structure of human estrogen-related receptor gamma ligand binding domain complex with bisphenol Z,X-RAY DIFFRACTION,1.7,2008-03-14T00:00:00.000+00:00,2009-03-17T00:00:00.000+00:00,1,2
ESRRG,P62508,5YSO,Crystal structure of Estrogen Related Receptor-3 (ERR-gamma) ligand binding domain with DN200434,X-RAY DIFFRACTION,2.501,2017-11-14T00:00:00.000+00:00,2018-12-26T00:00:00.000+00:00,1,1
ESRRG,P62508,6A6K,Crystal structure of Estrogen-related Receptor-3 (ERR-gamma) ligand binding domain with DN201000,X-RAY DIFFRACTION,2.9,2018-06-28T00:00:00.000+00:00,2019-04-10T00:00:00.000+00:00,1,1
ESRRG,P62508,6I61,Crystal structure of human ERRg LBD in complex with bisphenol-B,X-RAY DIFFRACTION,1.65,2018-11-15T00:00:00.000+00:00,2019-07-03T00:00:00.000+00:00,1,3
ESRRG,P62508,6I62,Crystal structure of human ERRg LBD in complex with HPTE,X-RAY DIFFRACTION,1.65,2018-11-15T00:00:00.000+00:00,2019-07-03T00:00:00.000+00:00,1,1
ESRRG,P62508,6I63,Crystal structure of human ERRg LBD in complex with bisphenol-A,X-RAY DIFFRACTION,2.229,2018-11-15T00:00:00.000+00:00,2019-07-03T00:00:00.000+00:00,1,1
ESRRG,P62508,6I64,Crystal structure of human ERRg LBD in complex with bisphenol-E,X-RAY DIFFRACTION,1.91,2018-11-15T00:00:00.000+00:00,2019-07-03T00:00:00.000+00:00,1,2
ESRRG,P62508,6I65,Crystal structure of human ERRg LBD in complex with 4-iso-propylphenol,X-RAY DIFFRACTION,1.5,2018-11-15T00:00:00.000+00:00,2019-07-03T00:00:00.000+00:00,1,1
ESRRG,P62508,6I66,Crystal structure of human ERRg LBD in complex with 4-sec-butylphenol,X-RAY DIFFRACTION,1.6,2018-11-15T00:00:00.000+00:00,2019-07-03T00:00:00.000+00:00,1,2
ESRRG,P62508,6I67,Crystal structure of human ERRg LBD in complex with tetrahydro-2-naphtol,X-RAY DIFFRACTION,1.75,2018-11-15T00:00:00.000+00:00,2019-07-03T00:00:00.000+00:00,1,2
ESRRG,P62508,6K3N,Crystal structure of human estrogen-related receptor gamma ligand binding domain complex with BPA-monoF,X-RAY DIFFRACTION,1.97,2019-05-21T00:00:00.000+00:00,2020-05-13T00:00:00.000+00:00,1,1
ESRRG,P62508,6KNR,Crystal structure of Estrogen-related receptor gamma ligand-binding domain with DN200699,X-RAY DIFFRACTION,2.804,2019-08-07T00:00:00.000+00:00,2020-08-12T00:00:00.000+00:00,1,1
ESRRG,P62508,6XXC,"Ternary complex of 14-3-3 sigma (C38N), Estrogen Related Receptor gamma (DBD) phosphopeptide, and disulfide PPI stabilizer 4",X-RAY DIFFRACTION,1.3,2020-01-27T00:00:00.000+00:00,2020-11-18T00:00:00.000+00:00,2,3
ESRRG,P62508,6XY5,"Ternary complex of 14-3-3 sigma (C38N), Estrogen Related Receptor gamma (DBD) phosphopeptide, and disulfide PPI stabilizer 5",X-RAY DIFFRACTION,1.3,2020-01-29T00:00:00.000+00:00,2020-11-18T00:00:00.000+00:00,2,3
ESRRG,P62508,6Y18,"Ternary complex of 14-3-3 sigma (C38N), Estrogen Related Receptor gamma (DBD) phosphopeptide, and disulfide PPI stabilizer 3",X-RAY DIFFRACTION,1.3,2020-02-11T00:00:00.000+00:00,2020-11-18T00:00:00.000+00:00,2,3
ESRRG,P62508,6Y1D,Binary complex of 14-3-3 sigma (C38N) with the Estrogen Related Receptor gamma (DBD) phosphopeptide,X-RAY DIFFRACTION,1.38,2020-02-12T00:00:00.000+00:00,2020-11-18T00:00:00.000+00:00,2,2
ESRRG,P62508,6Y3W,"Ternary complex of 14-3-3 sigma (C38N), Estrogen Related Receptor gamma (DBD) phosphopeptide, and disulfide PPI stabilizer 1",X-RAY DIFFRACTION,1.34,2020-02-19T00:00:00.000+00:00,2020-11-18T00:00:00.000+00:00,2,3
ESRRG,P62508,6Y58,Binary complex of 14-3-3 sigma (C38N) with the Estrogen Related Receptor gamma (LBD) phosphopeptide,X-RAY DIFFRACTION,1.904,2020-02-25T00:00:00.000+00:00,2020-11-18T00:00:00.000+00:00,2,1
ESRRG,P62508,8B4Q,"Ternary structure of 14-3-3s, ERRg phosphopeptide and dual-reactive compound 5",X-RAY DIFFRACTION,1.4,2022-09-20T00:00:00.000+00:00,2023-03-29T00:00:00.000+00:00,2,3
ESRRG,P62508,8BJG,"Ternary structure of 14-3-3s, ERRg phosphopeptide and dual-reactive compound 8",X-RAY DIFFRACTION,1.4,2022-11-04T00:00:00.000+00:00,2023-03-29T00:00:00.000+00:00,2,3
ESRRG,P62508,8BJN,"Ternary structure of 14-3-3s, ERRg phosphopeptide and dual-reactive compound 6",X-RAY DIFFRACTION,1.4,2022-11-04T00:00:00.000+00:00,2023-03-29T00:00:00.000+00:00,2,3
ESRRG,P62508,8BM5,"Ternary structure of 14-3-3s, ERRg phosphopeptide and dual-reactive compound 7",X-RAY DIFFRACTION,1.4,2022-11-10T00:00:00.000+00:00,2023-03-29T00:00:00.000+00:00,2,3
ESRRG,P62508,8IFO,Crystal structure of estrogen related receptor-gamma DNA binding domain complexed with Pla2g12b promoter,X-RAY DIFFRACTION,2.2,2023-02-19T00:00:00.000+00:00,2023-03-29T00:00:00.000+00:00,3,2
ESRRG,P62508,9KNC,Crystal structure of human ERRg LBD in complex with 6-nitroindole,X-RAY DIFFRACTION,1.9,2024-11-18T00:00:00.000+00:00,2025-04-16T00:00:00.000+00:00,2,2
ESRRG,P62508,9KND,Crystal structure of human ERRg LBD in complex with indole,X-RAY DIFFRACTION,1.52,2024-11-18T00:00:00.000+00:00,2025-04-16T00:00:00.000+00:00,2,1
ESRRG,P62508,9KNE,Crystal structure of human ERRg LBD in complex with 5-nitroindole,X-RAY DIFFRACTION,1.8,2024-11-18T00:00:00.000+00:00,2025-04-16T00:00:00.000+00:00,2,2
ESRRG,P62508,9KNF,Crystal structure of human ERRg LBD in complex with 4028691,X-RAY DIFFRACTION,1.62,2024-11-18T00:00:00.000+00:00,2025-04-16T00:00:00.000+00:00,2,1
ESRRG,P62508,9KNG,Crystal structure of human ERRg LBD in complex with 4034496,X-RAY DIFFRACTION,1.5,2024-11-18T00:00:00.000+00:00,2025-04-16T00:00:00.000+00:00,2,1
FXR,Q96RI1,1OSH,"A Chemical, Genetic, and Structural Analysis of the nuclear bile acid receptor FXR",X-RAY DIFFRACTION,1.8,2003-03-19T00:00:00.000+00:00,2003-09-23T00:00:00.000+00:00,1,1
FXR,Q96RI1,3BEJ,Structure of human FXR in complex with MFA-1 and co-activator peptide,X-RAY DIFFRACTION,1.9,2007-11-19T00:00:00.000+00:00,2008-03-18T00:00:00.000+00:00,2,2
FXR,Q96RI1,3DCT,FXR with SRC1 and GW4064,X-RAY DIFFRACTION,2.5,2008-06-04T00:00:00.000+00:00,2008-08-12T00:00:00.000+00:00,2,1
FXR,Q96RI1,3DCU,FXR with SRC1 and GSK8062,X-RAY DIFFRACTION,2.95,2008-06-04T00:00:00.000+00:00,2008-08-12T00:00:00.000+00:00,2,1
FXR,Q96RI1,3FLI,"Discovery of XL335, a Highly Potent, Selective and Orally-Active Agonist of the Farnesoid X Receptor (FXR)",X-RAY DIFFRACTION,2.0,2008-12-18T00:00:00.000+00:00,2009-12-22T00:00:00.000+00:00,1,1
FXR,Q96RI1,3FXV,Identification of an N-oxide pyridine GW4064 analogue as a potent FXR agonist,X-RAY DIFFRACTION,2.26,2009-01-21T00:00:00.000+00:00,2009-04-14T00:00:00.000+00:00,2,1
FXR,Q96RI1,3GD2,isoxazole ligand bound to farnesoid X receptor (FXR),X-RAY DIFFRACTION,3.2,2009-02-23T00:00:00.000+00:00,2009-07-07T00:00:00.000+00:00,2,1
FXR,Q96RI1,3HC5,FXR with SRC1 and GSK826,X-RAY DIFFRACTION,2.6,2009-05-05T00:00:00.000+00:00,2009-07-21T00:00:00.000+00:00,2,2
FXR,Q96RI1,3HC6,FXR with SRC1 and GSK088,X-RAY DIFFRACTION,3.2,2009-05-05T00:00:00.000+00:00,2009-07-21T00:00:00.000+00:00,2,2
FXR,Q96RI1,3L1B,Complex Structure of FXR Ligand-binding domain with a tetrahydroazepinoindole compound,X-RAY DIFFRACTION,1.9,2009-12-11T00:00:00.000+00:00,2010-03-02T00:00:00.000+00:00,1,1
FXR,Q96RI1,3OKH,Crystal structure of human FXR in complex with 2-(4-chlorophenyl)-1-[(1S)-1-cyclohexyl-2-(cyclohexylamino)-2-oxoethyl]-1H-benzimidazole-6-carboxylic acid,X-RAY DIFFRACTION,2.5,2010-08-25T00:00:00.000+00:00,2010-12-29T00:00:00.000+00:00,2,1
FXR,Q96RI1,3OKI,"Crystal structure of human FXR in complex with (2S)-2-[2-(4-chlorophenyl)-1H-benzimidazol-1-yl]-N,2-dicyclohexylethanamide",X-RAY DIFFRACTION,2.0,2010-08-25T00:00:00.000+00:00,2010-12-29T00:00:00.000+00:00,2,1
FXR,Q96RI1,3OLF,"Crystal structure of human FXR in complex with 4-({(2S)-2-[2-(4-chlorophenyl)-5,6-difluoro-1H-benzimidazol-1-yl]-2-cyclohexylacetyl}amino)-3-methylbenzoic acid",X-RAY DIFFRACTION,1.9,2010-08-26T00:00:00.000+00:00,2011-01-19T00:00:00.000+00:00,2,1
FXR,Q96RI1,3OMK,"Crystal structure of human FXR in complex with (2S)-2-[2-(4-chlorophenyl)-5,6-difluoro-1H-benzimidazol-1-yl]-2-cyclohexyl-N-(2-methylphenyl)ethanamide",X-RAY DIFFRACTION,1.9,2010-08-27T00:00:00.000+00:00,2011-01-19T00:00:00.000+00:00,2,1
FXR,Q96RI1,3OMM,"Crystal structure of human FXR in complex with 4-({(2S)-2-[2-(4-chlorophenyl)-5,6-difluoro-1H-benzimidazol-1-yl]-2-cyclohexylacetyl}amino)-3-fluorobenzoic acid",X-RAY DIFFRACTION,2.1,2010-08-27T00:00:00.000+00:00,2011-01-19T00:00:00.000+00:00,2,1
FXR,Q96RI1,3OOF,"Crystal structure of human FXR in complex with 4-({(2S)-2-[2-(4-chlorophenyl)-5,6-difluoro-1H-benzimidazol-1-yl]-2-cyclohexylacetyl}amino)benzoic acid",X-RAY DIFFRACTION,2.29,2010-08-31T00:00:00.000+00:00,2011-01-19T00:00:00.000+00:00,2,1
FXR,Q96RI1,3OOK,"Crystal structure of human FXR in complex with 4-({(2S)-2-[2-(4-chlorophenyl)-5,6-difluoro-1H-benzimidazol-1-yl]-2-cyclohexylacetyl}amino)-3,5-difluorobenzoic acid",X-RAY DIFFRACTION,2.29,2010-08-31T00:00:00.000+00:00,2011-01-19T00:00:00.000+00:00,2,1
FXR,Q96RI1,3P88,FXR bound to isoquinolinecarboxylic acid,X-RAY DIFFRACTION,2.95,2010-10-13T00:00:00.000+00:00,2011-08-31T00:00:00.000+00:00,2,2
FXR,Q96RI1,3P89,FXR bound to a quinolinecarboxylic acid,X-RAY DIFFRACTION,2.3,2010-10-13T00:00:00.000+00:00,2011-08-31T00:00:00.000+00:00,2,2
FXR,Q96RI1,3RUT,FXR with SRC1 and GSK359,X-RAY DIFFRACTION,3.0,2011-05-05T00:00:00.000+00:00,2011-09-21T00:00:00.000+00:00,2,2
FXR,Q96RI1,3RUU,FXR with SRC1 and GSK237,X-RAY DIFFRACTION,2.502,2011-05-05T00:00:00.000+00:00,2011-09-21T00:00:00.000+00:00,2,2
FXR,Q96RI1,3RVF,FXR with SRC1 and GSK2034,X-RAY DIFFRACTION,3.1,2011-05-06T00:00:00.000+00:00,2011-09-21T00:00:00.000+00:00,2,2
FXR,Q96RI1,4OIV,Structural basis for small molecule NDB as a selective antagonist of FXR,X-RAY DIFFRACTION,1.7,2014-01-20T00:00:00.000+00:00,2015-03-25T00:00:00.000+00:00,1,1
FXR,Q96RI1,4QE8,FXR with DM175 and NCoA-2 peptide,X-RAY DIFFRACTION,2.62,2014-05-15T00:00:00.000+00:00,2015-08-12T00:00:00.000+00:00,2,3
FXR,Q96RI1,4WVD,Identification of a novel FXR ligand that regulates metabolism,X-RAY DIFFRACTION,2.9,2014-11-05T00:00:00.000+00:00,2015-02-11T00:00:00.000+00:00,2,2
FXR,Q96RI1,5IAW,Novel natural FXR modulator with a unique binding mode,X-RAY DIFFRACTION,2.58,2016-02-22T00:00:00.000+00:00,2017-03-08T00:00:00.000+00:00,2,1
FXR,Q96RI1,5ICK,A unique binding model of FXR LBD with feroline,X-RAY DIFFRACTION,2.47,2016-02-23T00:00:00.000+00:00,2017-03-08T00:00:00.000+00:00,2,1
FXR,Q96RI1,5Q0I,Ligand binding to FARNESOID-X-RECEPTOR,X-RAY DIFFRACTION,1.7,2017-05-31T00:00:00.000+00:00,2017-07-05T00:00:00.000+00:00,2,1
FXR,Q96RI1,5Q0J,Ligand binding to FARNESOID-X-RECEPTOR,X-RAY DIFFRACTION,2.0,2017-05-31T00:00:00.000+00:00,2017-07-05T00:00:00.000+00:00,2,1
FXR,Q96RI1,5Q0K,Ligand binding to FARNESOID-X-RECEPTOR,X-RAY DIFFRACTION,1.8,2017-05-31T00:00:00.000+00:00,2017-07-05T00:00:00.000+00:00,2,0
FXR,Q96RI1,5Q0L,Ligand binding to FARNESOID-X-RECEPTOR,X-RAY DIFFRACTION,2.5,2017-05-31T00:00:00.000+00:00,2017-07-05T00:00:00.000+00:00,2,1
FXR,Q96RI1,5Q0M,Ligand binding to FARNESOID-X-RECEPTOR,X-RAY DIFFRACTION,2.2,2017-05-31T00:00:00.000+00:00,2017-07-05T00:00:00.000+00:00,2,1
FXR,Q96RI1,5Q0N,Ligand binding to FARNESOID-X-RECEPTOR,X-RAY DIFFRACTION,2.4,2017-05-31T00:00:00.000+00:00,2017-07-05T00:00:00.000+00:00,2,1
FXR,Q96RI1,5Q0O,Ligand binding to FARNESOID-X-RECEPTOR,X-RAY DIFFRACTION,1.9,2017-05-31T00:00:00.000+00:00,2017-07-05T00:00:00.000+00:00,2,2
FXR,Q96RI1,5Q0P,Ligand binding to FARNESOID-X-RECEPTOR,X-RAY DIFFRACTION,1.8,2017-05-31T00:00:00.000+00:00,2017-07-05T00:00:00.000+00:00,2,1
FXR,Q96RI1,5Q0Q,Ligand binding to FARNESOID-X-RECEPTOR,X-RAY DIFFRACTION,2.6,2017-05-31T00:00:00.000+00:00,2017-07-05T00:00:00.000+00:00,2,1
FXR,Q96RI1,5Q0R,Ligand binding to FARNESOID-X-RECEPTOR,X-RAY DIFFRACTION,1.91,2017-05-31T00:00:00.000+00:00,2017-07-05T00:00:00.000+00:00,2,1
FXR,Q96RI1,5Q0S,Ligand binding to FARNESOID-X-RECEPTOR,X-RAY DIFFRACTION,2.5,2017-05-31T00:00:00.000+00:00,2017-07-05T00:00:00.000+00:00,2,1
FXR,Q96RI1,5Q0T,Ligand binding to FARNESOID-X-RECEPTOR,X-RAY DIFFRACTION,2.14,2017-05-31T00:00:00.000+00:00,2017-07-05T00:00:00.000+00:00,2,1
FXR,Q96RI1,5Q0U,Ligand binding to FARNESOID-X-RECEPTOR,X-RAY DIFFRACTION,1.9,2017-05-31T00:00:00.000+00:00,2017-07-05T00:00:00.000+00:00,2,1
FXR,Q96RI1,5Q0V,Ligand binding to FARNESOID-X-RECEPTOR,X-RAY DIFFRACTION,1.87,2017-05-31T00:00:00.000+00:00,2017-07-05T00:00:00.000+00:00,2,1
FXR,Q96RI1,5Q0W,Ligand binding to FARNESOID-X-RECEPTOR,X-RAY DIFFRACTION,1.9,2017-05-31T00:00:00.000+00:00,2017-07-05T00:00:00.000+00:00,2,1
FXR,Q96RI1,5Q0X,Ligand binding to FARNESOID-X-RECEPTOR,X-RAY DIFFRACTION,2.26,2017-05-31T00:00:00.000+00:00,2017-07-05T00:00:00.000+00:00,2,1
FXR,Q96RI1,5Q0Y,Ligand binding to FARNESOID-X-RECEPTOR,X-RAY DIFFRACTION,2.2,2017-05-31T00:00:00.000+00:00,2017-07-05T00:00:00.000+00:00,2,1
FXR,Q96RI1,5Q0Z,Ligand binding to FARNESOID-X-RECEPTOR,X-RAY DIFFRACTION,2.26,2017-05-31T00:00:00.000+00:00,2017-07-05T00:00:00.000+00:00,2,1
FXR,Q96RI1,5Q10,Ligand binding to FARNESOID-X-RECEPTOR,X-RAY DIFFRACTION,2.2,2017-05-31T00:00:00.000+00:00,2017-07-05T00:00:00.000+00:00,2,1
FXR,Q96RI1,5Q11,Ligand binding to FARNESOID-X-RECEPTOR,X-RAY DIFFRACTION,2.2,2017-05-31T00:00:00.000+00:00,2017-07-05T00:00:00.000+00:00,2,1
FXR,Q96RI1,5Q12,Ligand binding to FARNESOID-X-RECEPTOR,X-RAY DIFFRACTION,2.0,2017-05-31T00:00:00.000+00:00,2017-07-05T00:00:00.000+00:00,2,1
FXR,Q96RI1,5Q13,Ligand binding to FARNESOID-X-RECEPTOR,X-RAY DIFFRACTION,1.9,2017-05-31T00:00:00.000+00:00,2017-07-05T00:00:00.000+00:00,2,1
FXR,Q96RI1,5Q14,Ligand binding to FARNESOID-X-RECEPTOR,X-RAY DIFFRACTION,1.85,2017-05-31T00:00:00.000+00:00,2017-07-05T00:00:00.000+00:00,2,1
FXR,Q96RI1,5Q15,Ligand binding to FARNESOID-X-RECEPTOR,X-RAY DIFFRACTION,1.9,2017-05-31T00:00:00.000+00:00,2017-07-05T00:00:00.000+00:00,2,1
FXR,Q96RI1,5Q16,Ligand binding to FARNESOID-X-RECEPTOR,X-RAY DIFFRACTION,2.0,2017-05-31T00:00:00.000+00:00,2017-07-05T00:00:00.000+00:00,2,1
FXR,Q96RI1,5Q17,Ligand binding to FARNESOID-X-RECEPTOR,X-RAY DIFFRACTION,2.1,2017-05-31T00:00:00.000+00:00,2017-07-05T00:00:00.000+00:00,2,1
FXR,Q96RI1,5Q18,Ligand binding to FARNESOID-X-RECEPTOR,X-RAY DIFFRACTION,1.9,2017-05-31T00:00:00.000+00:00,2017-07-05T00:00:00.000+00:00,2,1
FXR,Q96RI1,5Q19,Ligand binding to FARNESOID-X-RECEPTOR,X-RAY DIFFRACTION,1.98,2017-05-31T00:00:00.000+00:00,2017-07-05T00:00:00.000+00:00,2,1
FXR,Q96RI1,5Q1A,Ligand binding to FARNESOID-X-RECEPTOR,X-RAY DIFFRACTION,2.0,2017-05-31T00:00:00.000+00:00,2017-07-05T00:00:00.000+00:00,2,1
FXR,Q96RI1,5Q1B,Ligand binding to FARNESOID-X-RECEPTOR,X-RAY DIFFRACTION,2.3,2017-05-31T00:00:00.000+00:00,2017-07-05T00:00:00.000+00:00,2,1
FXR,Q96RI1,5Q1C,Ligand binding to FARNESOID-X-RECEPTOR,X-RAY DIFFRACTION,2.3,2017-05-31T00:00:00.000+00:00,2017-07-05T00:00:00.000+00:00,2,1
FXR,Q96RI1,5Q1D,Ligand binding to FARNESOID-X-RECEPTOR,X-RAY DIFFRACTION,1.89,2017-05-31T00:00:00.000+00:00,2017-07-05T00:00:00.000+00:00,2,1
FXR,Q96RI1,5Q1E,Ligand binding to FARNESOID-X-RECEPTOR,X-RAY DIFFRACTION,1.85,2017-05-31T00:00:00.000+00:00,2017-07-05T00:00:00.000+00:00,2,1
FXR,Q96RI1,5Q1F,Ligand binding to FARNESOID-X-RECEPTOR,X-RAY DIFFRACTION,2.3,2017-05-31T00:00:00.000+00:00,2017-07-05T00:00:00.000+00:00,2,1
FXR,Q96RI1,5Q1G,Ligand binding to FARNESOID-X-RECEPTOR,X-RAY DIFFRACTION,2.0,2017-05-31T00:00:00.000+00:00,2017-07-05T00:00:00.000+00:00,2,1
FXR,Q96RI1,5Q1H,Ligand binding to FARNESOID-X-RECEPTOR,X-RAY DIFFRACTION,2.2,2017-05-31T00:00:00.000+00:00,2017-07-05T00:00:00.000+00:00,2,1
FXR,Q96RI1,5Q1I,Ligand binding to FARNESOID-X-RECEPTOR,X-RAY DIFFRACTION,1.95,2017-05-31T00:00:00.000+00:00,2017-07-05T00:00:00.000+00:00,2,1
FXR,Q96RI1,5WZX,Structural basis for a pentacyclic oleanane-type triterpenoid as a ligand of FXR,X-RAY DIFFRACTION,2.95,2017-01-19T00:00:00.000+00:00,2018-01-03T00:00:00.000+00:00,2,2
FXR,Q96RI1,5Y1J,Crystal structure of human FXR in complex with a functional drug ligand,X-RAY DIFFRACTION,2.0,2017-07-20T00:00:00.000+00:00,2018-10-31T00:00:00.000+00:00,2,1
FXR,Q96RI1,5Y44,A novel moderator XD4 for bile acid receptor,X-RAY DIFFRACTION,2.35,2017-08-01T00:00:00.000+00:00,2019-02-20T00:00:00.000+00:00,2,2
FXR,Q96RI1,5Y49,A moderator XD22 binding to bile acid receptor,X-RAY DIFFRACTION,2.4,2017-08-02T00:00:00.000+00:00,2019-02-20T00:00:00.000+00:00,2,1
FXR,Q96RI1,5YXB,A ligand binding to FXR,X-RAY DIFFRACTION,2.95,2017-12-04T00:00:00.000+00:00,2019-03-13T00:00:00.000+00:00,2,1
FXR,Q96RI1,5YXD,A ligand F binding to FXR,X-RAY DIFFRACTION,2.98,2017-12-05T00:00:00.000+00:00,2019-03-13T00:00:00.000+00:00,2,1
FXR,Q96RI1,5YXJ,FXR ligand binding domain,X-RAY DIFFRACTION,2.62,2017-12-05T00:00:00.000+00:00,2019-03-13T00:00:00.000+00:00,2,1
FXR,Q96RI1,5YXL,A ligand M binding to FXR,X-RAY DIFFRACTION,2.24,2017-12-05T00:00:00.000+00:00,2019-03-13T00:00:00.000+00:00,2,1
FXR,Q96RI1,5Z12,A structure of FXR/RXR,X-RAY DIFFRACTION,2.75,2017-12-23T00:00:00.000+00:00,2018-07-04T00:00:00.000+00:00,4,2
FXR,Q96RI1,6A5W,FXR-LBD with HNC143 and SRC1,X-RAY DIFFRACTION,2.88,2018-06-25T00:00:00.000+00:00,2018-10-10T00:00:00.000+00:00,2,1
FXR,Q96RI1,6A5X,FXR-LBD with HNC180 and SRC1,X-RAY DIFFRACTION,2.6,2018-06-25T00:00:00.000+00:00,2018-10-10T00:00:00.000+00:00,2,2
FXR,Q96RI1,6A5Y,Crystal structure of human FXR/RXR-LBD heterodimer bound to HNC143 and 9cRA and SRC1,X-RAY DIFFRACTION,2.1,2018-06-25T00:00:00.000+00:00,2018-10-10T00:00:00.000+00:00,3,4
FXR,Q96RI1,6A5Z,Crystal structure of human FXR/RXR-LBD heterodimer bound to HNC180 and 9cRA and SRC1,X-RAY DIFFRACTION,2.95,2018-06-25T00:00:00.000+00:00,2018-10-10T00:00:00.000+00:00,3,2
FXR,Q96RI1,6A60,Crystal structure of human FXR/RXR-LBD heterodimer bound to GW4064 and 9cRA and SRC1,X-RAY DIFFRACTION,3.05,2018-06-25T00:00:00.000+00:00,2018-10-10T00:00:00.000+00:00,3,2
FXR,Q96RI1,6HL0,Crystal Structure of Farnesoid X receptor (FXR) with bound NCoA-2 peptide,X-RAY DIFFRACTION,1.66,2018-09-10T00:00:00.000+00:00,2019-05-29T00:00:00.000+00:00,2,0
FXR,Q96RI1,6HL1,Crystal Structure of Farnesoid X receptor (FXR) with bound NCoA-2 peptide and CDCA,X-RAY DIFFRACTION,1.599,2018-09-10T00:00:00.000+00:00,2019-05-29T00:00:00.000+00:00,2,1
FXR,Q96RI1,6ITM,Crystal structure of FXR in complex with agonist XJ034,X-RAY DIFFRACTION,2.5,2018-11-23T00:00:00.000+00:00,2019-11-27T00:00:00.000+00:00,2,1
FXR,Q96RI1,7D42,Structural basis of tropifexor as a potent and selective agonist for farnesoid X receptor,X-RAY DIFFRACTION,2.697,2020-09-22T00:00:00.000+00:00,2020-12-02T00:00:00.000+00:00,2,1
FXR,Q96RI1,7TRB,"CRYSTAL STRUCTURE OF FARNESOID X-ACTIVATED RECEPTOR COMPLEXED WITH COMPOUND-32 AKA (1S,3S)-N-({4-[5-(2-FLUOROPR OPAN-2-YL)-1,2,4-OXADIAZOL-3-YL]BICYCLO[2.2.2]OCTAN-1-YL}M ETHYL)-3-HYDROXY-N-[4'-(2-HYDROXYPROPAN-2-YL)-[1,1'-BIPHEN YL]-3-YL]-3-(TRIFLUOROMETHYL)CYCLOBUTANE-1-CARBOXAMIDE",X-RAY DIFFRACTION,2.15,2022-01-28T00:00:00.000+00:00,2022-06-29T00:00:00.000+00:00,2,1
FXR,Q96RI1,7VUE,Structural insight of the molecular mechanism of cilofexor bound to FXR,X-RAY DIFFRACTION,2.601,2021-11-02T00:00:00.000+00:00,2022-03-16T00:00:00.000+00:00,2,1
FXR,Q96RI1,8HBM,Structural basis of the farnesoid X receptor/retinoid X receptor heterodimer on inverted repeat DNA,X-RAY DIFFRACTION,3.3,2022-10-29T00:00:00.000+00:00,2023-06-14T00:00:00.000+00:00,4,1
FXR,Q96RI1,8HD3,Farnesoid X Receptor Agonists_FXR fused with a HD3 peptide,X-RAY DIFFRACTION,2.29,2022-11-03T00:00:00.000+00:00,2023-11-08T00:00:00.000+00:00,1,1
FXR,Q96RI1,9H65,Steroidal Selective Modulators of FXR with Therapeutic Potential,X-RAY DIFFRACTION,3.1,2024-10-23T00:00:00.000+00:00,2025-09-10T00:00:00.000+00:00,2,1
FXR,Q96RI1,9H66,Steroidal Selective Modulators of FXR with Therapeutic Potential,X-RAY DIFFRACTION,2.6,2024-10-23T00:00:00.000+00:00,2025-09-10T00:00:00.000+00:00,2,1
FXR,Q96RI1,9LQ3,Crystal structure of Linafexor-FXR complex,X-RAY DIFFRACTION,2.8,2025-01-27T00:00:00.000+00:00,2025-08-06T00:00:00.000+00:00,2,1
FXR,Q96RI1,9VBQ,Crystal structure of FXR in complex with agonist XJ02862-S2,X-RAY DIFFRACTION,2.303,2025-06-04T00:00:00.000+00:00,2026-06-10T00:00:00.000+00:00,2,2
FXR,Q96RI1,9VBR,Farnesoid X Receptor Agonists_FXR fused with a HD3 peptide,X-RAY DIFFRACTION,2.5,2025-06-04T00:00:00.000+00:00,2026-06-10T00:00:00.000+00:00,1,2
FXR,Q96RI1,9WF5,FXR with SRC1 and TERN-101,X-RAY DIFFRACTION,2.95,2025-08-21T00:00:00.000+00:00,2026-08-26T00:00:00.000+00:00,2,1
GR,P04150,1M2Z,Crystal structure of a dimer complex of the human glucocorticoid receptor ligand-binding domain bound to dexamethasone and a TIF2 coactivator motif,X-RAY DIFFRACTION,2.5,2002-06-26T00:00:00.000+00:00,2003-07-15T00:00:00.000+00:00,2,2
GR,P04150,1NHZ,Crystal Structure of the Antagonist Form of Glucocorticoid Receptor,X-RAY DIFFRACTION,2.3,2002-12-20T00:00:00.000+00:00,2003-05-06T00:00:00.000+00:00,1,2
GR,P04150,1P93,CRYSTAL STRUCTURE OF THE AGONIST FORM OF GLUCOCORTICOID RECEPTOR,X-RAY DIFFRACTION,2.7,2003-05-09T00:00:00.000+00:00,2003-07-08T00:00:00.000+00:00,2,1
GR,P04150,3BQD,Doubling the Size of the Glucocorticoid Receptor Ligand Binding Pocket by Deacylcortivazol,X-RAY DIFFRACTION,2.5,2007-12-20T00:00:00.000+00:00,2008-01-15T00:00:00.000+00:00,2,1
GR,P04150,3CLD,Ligand binding domain of the glucocorticoid receptor complexed with fluticazone furoate,X-RAY DIFFRACTION,2.84,2008-03-18T00:00:00.000+00:00,2008-06-24T00:00:00.000+00:00,2,1
GR,P04150,3E7C,Glucocorticoid Receptor LBD bound to GSK866,X-RAY DIFFRACTION,2.15,2008-08-18T00:00:00.000+00:00,2008-11-25T00:00:00.000+00:00,2,2
GR,P04150,3H52,Crystal structure of the antagonist form of human glucocorticoid receptor,X-RAY DIFFRACTION,2.8,2009-04-21T00:00:00.000+00:00,2009-12-01T00:00:00.000+00:00,2,2
GR,P04150,3K22,Glucocorticoid Receptor with Bound alaninamide 10 with TIF2 peptide,X-RAY DIFFRACTION,2.1,2009-09-29T00:00:00.000+00:00,2010-08-11T00:00:00.000+00:00,2,2
GR,P04150,3K23,Glucocorticoid Receptor with Bound D-prolinamide 11,X-RAY DIFFRACTION,3.0,2009-09-29T00:00:00.000+00:00,2009-10-27T00:00:00.000+00:00,2,1
GR,P04150,4CSJ,"The discovery of potent selective glucocorticoid receptor modulators, suitable for inhalation",X-RAY DIFFRACTION,2.3,2014-03-07T00:00:00.000+00:00,2014-05-07T00:00:00.000+00:00,2,2
GR,P04150,4HN5,GR DNA Binding Domain - TSLP nGRE Complex,X-RAY DIFFRACTION,1.902,2012-10-18T00:00:00.000+00:00,2012-12-12T00:00:00.000+00:00,3,1
GR,P04150,4HN6,GR DNA Binding Domain R460D/D462R - TSLP nGRE Complex,X-RAY DIFFRACTION,2.549,2012-10-18T00:00:00.000+00:00,2012-12-12T00:00:00.000+00:00,3,1
GR,P04150,4LSJ,Crystal Structure of the Glucocorticoid Receptor Ligand Binding Domain Bound to a Dibenzoxapine Sulfonamide,X-RAY DIFFRACTION,2.35,2013-07-22T00:00:00.000+00:00,2014-01-29T00:00:00.000+00:00,2,1
GR,P04150,4MDD,Crystal Structure of the Glucocorticoid Receptor Bound to a Non-steroidal Antagonist Reveals Repositioning and Partial Disordering of Activation Function Helix 12,X-RAY DIFFRACTION,2.4,2013-08-22T00:00:00.000+00:00,2014-12-03T00:00:00.000+00:00,2,1
GR,P04150,4P6W,Crystal Structure of mometasone furoate-bound glucocorticoid receptor ligand binding domain,X-RAY DIFFRACTION,1.951,2014-03-25T00:00:00.000+00:00,2014-04-16T00:00:00.000+00:00,2,1
GR,P04150,4P6X,Crystal Structure of cortisol-bound glucocorticoid receptor ligand binding domain,X-RAY DIFFRACTION,2.5,2014-03-25T00:00:00.000+00:00,2014-04-16T00:00:00.000+00:00,2,1
GR,P04150,4UDC,GR in complex with dexamethasone,X-RAY DIFFRACTION,2.5,2014-12-09T00:00:00.000+00:00,2015-11-25T00:00:00.000+00:00,2,2
GR,P04150,4UDD,GR in complex with desisobutyrylciclesonide,X-RAY DIFFRACTION,1.8,2014-12-09T00:00:00.000+00:00,2015-11-25T00:00:00.000+00:00,2,3
GR,P04150,5CBX,AncGR DNA Binding Domain - (+)GRE Complex,X-RAY DIFFRACTION,2.0,2015-07-01T00:00:00.000+00:00,2015-12-23T00:00:00.000+00:00,3,1
GR,P04150,5CBY,AncGR2 DNA Binding Domain - (+)GRE Complex,X-RAY DIFFRACTION,1.997,2015-07-01T00:00:00.000+00:00,2015-12-23T00:00:00.000+00:00,3,1
GR,P04150,5CBZ,AncMR DNA Binding Domain - (+)GRE Complex,X-RAY DIFFRACTION,2.2,2015-07-01T00:00:00.000+00:00,2015-12-23T00:00:00.000+00:00,3,1
GR,P04150,5CC1,S425G Glucocorticoid receptor DNA binding domain - (+)GRE complex,X-RAY DIFFRACTION,2.302,2015-07-01T00:00:00.000+00:00,2015-12-23T00:00:00.000+00:00,3,1
GR,P04150,5E69,Glucocorticoid receptor DNA binding domain - IL8 NF-kB response element complex,X-RAY DIFFRACTION,1.85,2015-10-09T00:00:00.000+00:00,2017-02-08T00:00:00.000+00:00,3,1
GR,P04150,5E6A,Glucocorticoid receptor DNA binding domain - PLAU NF-kB response element complex,X-RAY DIFFRACTION,2.197,2015-10-09T00:00:00.000+00:00,2017-02-08T00:00:00.000+00:00,3,1
GR,P04150,5E6B,Glucocorticoid receptor DNA binding domain - RELB NF-kB response element complex,X-RAY DIFFRACTION,2.25,2015-10-09T00:00:00.000+00:00,2017-02-08T00:00:00.000+00:00,3,1
GR,P04150,5E6C,Glucocorticoid receptor DNA binding domain - CCL2 NF-kB response element complex,X-RAY DIFFRACTION,2.2,2015-10-09T00:00:00.000+00:00,2017-02-08T00:00:00.000+00:00,3,1
GR,P04150,5E6D,Glucocorticoid receptor DNA binding domain - ICAM1 NF-kB response element complex,X-RAY DIFFRACTION,2.4,2015-10-09T00:00:00.000+00:00,2017-02-08T00:00:00.000+00:00,3,1
GR,P04150,5EMC,Transcription factor GRDBD and smGRE complex,X-RAY DIFFRACTION,2.3,2015-11-06T00:00:00.000+00:00,2016-06-29T00:00:00.000+00:00,3,1
GR,P04150,5EMP,Transcription factor GRDBD and mmGRE complex,X-RAY DIFFRACTION,2.3,2015-11-06T00:00:00.000+00:00,2016-06-29T00:00:00.000+00:00,3,1
GR,P04150,5EMQ,Transcription factor GRDBD and GRE complex,X-RAY DIFFRACTION,2.3,2015-11-06T00:00:00.000+00:00,2016-06-29T00:00:00.000+00:00,3,1
GR,P04150,5G3J,Discovery of New Selective Glucocorticoid Receptor Agonist Leads,X-RAY DIFFRACTION,2.4,2016-04-27T00:00:00.000+00:00,2017-02-15T00:00:00.000+00:00,2,3
GR,P04150,5G5W,"Structure guided design and discovery of Indazole ethers as highly potent, non-steroidal Glucocorticoid receptor modulators",X-RAY DIFFRACTION,2.2,2016-06-08T00:00:00.000+00:00,2017-02-15T00:00:00.000+00:00,2,2
GR,P04150,5NFP,Glucocorticoid Receptor in complex with budesonide,X-RAY DIFFRACTION,2.1,2017-03-15T00:00:00.000+00:00,2017-10-04T00:00:00.000+00:00,2,4
GR,P04150,5NFT,Glucocorticoid Receptor in complex with AZD5423,X-RAY DIFFRACTION,2.3,2017-03-15T00:00:00.000+00:00,2017-10-04T00:00:00.000+00:00,2,2
GR,P04150,5UC1,Structural Analysis of Glucocorticoid Receptor beta Ligand Binding Domain Complexed with Glucocorticoid Antagonist RU-486: Implication of Helix 12 in Antagonism,X-RAY DIFFRACTION,2.351,2016-12-21T00:00:00.000+00:00,2017-12-27T00:00:00.000+00:00,1,5
GR,P04150,5UC3,Structure of the dominant negative mutant Glucocorticoid Receptor alpha (L733K/N734P) complexed with RU-486,X-RAY DIFFRACTION,2.009,2016-12-21T00:00:00.000+00:00,2017-12-27T00:00:00.000+00:00,1,4
GR,P04150,5VA0,Glucocorticoid Receptor DNA Binding Domain in complex with AP-1 response element from VCAM-1 Promoter,X-RAY DIFFRACTION,2.295,2017-03-24T00:00:00.000+00:00,2017-08-09T00:00:00.000+00:00,3,1
GR,P04150,5VA7,Glucocorticoid Receptor DNA Binding Domain - IL11 AP-1 recognition element Complex,X-RAY DIFFRACTION,2.153,2017-03-24T00:00:00.000+00:00,2017-08-09T00:00:00.000+00:00,3,1
GR,P04150,6BQU,Human GR (418-507) in complex with monomeric DNA binding site,X-RAY DIFFRACTION,2.5,2017-11-28T00:00:00.000+00:00,2018-12-05T00:00:00.000+00:00,3,1
GR,P04150,6CFN,Crystal Structure of the DNA-free Glucocorticoid Receptor DNA Binding Domain,X-RAY DIFFRACTION,2.5,2018-02-15T00:00:00.000+00:00,2018-09-26T00:00:00.000+00:00,1,1
GR,P04150,6DXK,Glucocorticoid Receptor in complex with Compound 11,X-RAY DIFFRACTION,3.05,2018-06-29T00:00:00.000+00:00,2018-10-03T00:00:00.000+00:00,1,1
GR,P04150,6EL6,Glucocorticoid Receptor in complex with compound 4,X-RAY DIFFRACTION,2.4,2017-09-28T00:00:00.000+00:00,2018-02-21T00:00:00.000+00:00,2,2
GR,P04150,6EL7,Glucocorticoid Receptor in complex with compound 31,X-RAY DIFFRACTION,2.18,2017-09-28T00:00:00.000+00:00,2018-02-21T00:00:00.000+00:00,2,2
GR,P04150,6EL9,Glucocorticoid Receptor in complex with AZD9567,X-RAY DIFFRACTION,2.19,2017-09-28T00:00:00.000+00:00,2018-02-21T00:00:00.000+00:00,2,2
GR,P04150,6X6D,Glucocorticoid Receptor DNA binding domain in complex with unmodified precursor for a modern recognition element (pre-GBS),X-RAY DIFFRACTION,2.48,2020-05-28T00:00:00.000+00:00,2021-06-02T00:00:00.000+00:00,3,2
GR,P04150,6X6E,Glucocorticoid Receptor DNA binding domain in complex with methylated precursor for a modern recognition element (methylated pre-GBS),X-RAY DIFFRACTION,2.0,2020-05-28T00:00:00.000+00:00,2021-06-02T00:00:00.000+00:00,3,1
GR,P04150,6YMO,Binary complex of 14-3-3 zeta with Glucocorticoid Receptor (GR) pS617 peptide,X-RAY DIFFRACTION,2.02,2020-04-09T00:00:00.000+00:00,2021-03-24T00:00:00.000+00:00,2,2
GR,P04150,6YO8,Binary complex of 14-3-3 zeta with Glucocorticoid Receptor (GR) pT524 peptide,X-RAY DIFFRACTION,2.09,2020-04-14T00:00:00.000+00:00,2021-03-24T00:00:00.000+00:00,2,0
GR,P04150,6YOS,Binary complex of 14-3-3 zeta with Glucocorticoid Receptor (GR) pT524 pS617 peptide,X-RAY DIFFRACTION,2.75,2020-04-15T00:00:00.000+00:00,2021-03-24T00:00:00.000+00:00,2,0
GR,P04150,7KRJ,The GR-Maturation Complex: Glucocorticoid Receptor in complex with Hsp90 and co-chaperone p23,ELECTRON MICROSCOPY,2.56,2020-11-20T00:00:00.000+00:00,2022-01-12T00:00:00.000+00:00,3,3
GR,P04150,7KW7,Atomic cryoEM structure of Hsp90-Hsp70-Hop-GR,ELECTRON MICROSCOPY,3.57,2020-11-30T00:00:00.000+00:00,2021-12-08T00:00:00.000+00:00,4,3
GR,P04150,7PRV,"The glucocorticoid receptor in complex with fluticasone furoate, a PGC1a coactivator fragment and sgk 23bp",X-RAY DIFFRACTION,2.7,2021-09-22T00:00:00.000+00:00,2023-02-08T00:00:00.000+00:00,4,3
GR,P04150,7PRW,"The glucocorticoid receptor in complex with velsecorat, a PGC1a coactivator fragment and sgk 23bp",X-RAY DIFFRACTION,2.502,2021-09-22T00:00:00.000+00:00,2023-02-08T00:00:00.000+00:00,4,3
GR,P04150,7PRX,wildtype ligand binding domain of the glucocorticoid receptor complexed with velsecorat and a PGC1a coactivator fragment,X-RAY DIFFRACTION,2.2,2021-09-22T00:00:00.000+00:00,2023-02-08T00:00:00.000+00:00,2,1
GR,P04150,8A9G,Binary complex of 14-3-3 zeta Glucocorticoid Receptor (GR) pT524 peptide stabilised by (R)-para chloropyrrolidone1,X-RAY DIFFRACTION,1.961,2022-06-28T00:00:00.000+00:00,2022-12-28T00:00:00.000+00:00,2,3
GR,P04150,8FFV,Cryo-EM structure of the GR-Hsp90-FKBP52 complex,ELECTRON MICROSCOPY,3.01,2022-12-10T00:00:00.000+00:00,2023-11-01T00:00:00.000+00:00,3,3
GR,P04150,8FFW,Cryo-EM structure of the GR-Hsp90-FKBP51 complex,ELECTRON MICROSCOPY,3.23,2022-12-10T00:00:00.000+00:00,2023-11-01T00:00:00.000+00:00,3,3
GR,P04150,8VKZ,Crystal structure of Glucocorticoid Receptor in complex with an inhibitor,X-RAY DIFFRACTION,2.133,2024-01-10T00:00:00.000+00:00,2024-01-24T00:00:00.000+00:00,2,1
HNF4A,P41235,1PZL,Crystal structure of HNF4a LBD in complex with the ligand and the coactivator SRC-1 peptide,X-RAY DIFFRACTION,2.1,2003-07-11T00:00:00.000+00:00,2004-06-01T00:00:00.000+00:00,2,1
HNF4A,P41235,3CBB,Crystal Structure of Hepatocyte Nuclear Factor 4alpha in complex with DNA: Diabetes Gene Product,X-RAY DIFFRACTION,2.0,2008-02-21T00:00:00.000+00:00,2008-10-07T00:00:00.000+00:00,3,1
HNF4A,P41235,3FS1,Crystal structure of HNF4a LBD in complex with the ligand and the coactivator PGC-1a fragment,X-RAY DIFFRACTION,2.2,2009-01-08T00:00:00.000+00:00,2009-10-27T00:00:00.000+00:00,2,1
HNF4A,P41235,4B7W,Ligand binding domain human hepatocyte nuclear factor 4alpha: Apo form,X-RAY DIFFRACTION,4.0,2012-08-24T00:00:00.000+00:00,2013-09-11T00:00:00.000+00:00,1,0
HNF4A,P41235,4IQR,Multi-Domain Organization of the HNF4alpha Nuclear Receptor Complex on DNA,X-RAY DIFFRACTION,2.9,2013-01-13T00:00:00.000+00:00,2013-03-20T00:00:00.000+00:00,4,2
HNF4A,P41235,6CHT,HNF4alpha in complex with the corepressor EBP1 fragment,X-RAY DIFFRACTION,3.174,2018-02-22T00:00:00.000+00:00,2019-02-27T00:00:00.000+00:00,2,1
HNF4A,P41235,8C1L,Crystal structure of HNF4 alpha LBD in complexes with palmitic acid and GRIP-1 peptide,X-RAY DIFFRACTION,2.0,2022-12-20T00:00:00.000+00:00,2024-01-10T00:00:00.000+00:00,2,2
HNF4A,P41235,9IBR,Crystal structure of HNF4 alpha LBD complexed with GRIP-1 peptide and ESY13,X-RAY DIFFRACTION,2.78,2025-02-13T00:00:00.000+00:00,2025-08-13T00:00:00.000+00:00,2,1
HNF4G,Q14541,1LV2,Hepatocyte Nuclear Factor 4 is a Transcription Factor that Constitutively Binds Fatty Acids,X-RAY DIFFRACTION,2.7,2002-05-24T00:00:00.000+00:00,2002-12-18T00:00:00.000+00:00,1,1
LRH1,O00482,1YOK,crystal structure of human LRH-1 bound with TIF-2 peptide and phosphatidylglycerol,X-RAY DIFFRACTION,2.5,2005-01-27T00:00:00.000+00:00,2005-07-19T00:00:00.000+00:00,2,1
LRH1,O00482,1YUC,"Human Nuclear Receptor Liver Receptor Homologue-1, LRH-1, Bound to Phospholipid and a Fragment of Human SHP",X-RAY DIFFRACTION,1.9,2005-02-13T00:00:00.000+00:00,2005-03-01T00:00:00.000+00:00,2,2
LRH1,O00482,1ZDU,The Crystal Structure of Human Liver Receptor Homologue-1,X-RAY DIFFRACTION,2.5,2005-04-14T00:00:00.000+00:00,2005-05-24T00:00:00.000+00:00,2,2
LRH1,O00482,2A66,Human Liver Receptor Homologue DNA-Binding Domain (hLRH-1 DBD) in Complex with dsDNA from the hCYP7A1 Promoter,X-RAY DIFFRACTION,2.2,2005-07-01T00:00:00.000+00:00,2005-12-06T00:00:00.000+00:00,3,2
LRH1,O00482,3PLZ,Human LRH1 LBD bound to GR470,X-RAY DIFFRACTION,1.75,2010-11-15T00:00:00.000+00:00,2011-03-30T00:00:00.000+00:00,2,2
LRH1,O00482,3TX7,Crystal structure of LRH-1/beta-catenin complex,X-RAY DIFFRACTION,2.76,2011-09-22T00:00:00.000+00:00,2011-12-14T00:00:00.000+00:00,2,1
LRH1,O00482,4DOR,"Human Nuclear Receptor Liver Receptor Homologue-1, LRH-1, in its apo State Bound to a Fragment of Human SHP Box1",X-RAY DIFFRACTION,1.9,2012-02-10T00:00:00.000+00:00,2012-04-18T00:00:00.000+00:00,2,1
LRH1,O00482,4DOS,"Human Nuclear Receptor Liver Receptor Homologue-1, LRH-1, Bound to DLPC and a Fragment of TIF-2",X-RAY DIFFRACTION,2.0,2012-02-10T00:00:00.000+00:00,2012-04-18T00:00:00.000+00:00,2,2
LRH1,O00482,4IS8,Divergent sequence tunes ligand sensitivity in phospholipid-regulated hormone receptors,X-RAY DIFFRACTION,2.78,2013-01-16T00:00:00.000+00:00,2013-06-12T00:00:00.000+00:00,1,0
LRH1,O00482,4ONI,Structure of Human Orphan Receptor LRH1 bound to two bacterial phospholipids,X-RAY DIFFRACTION,1.8,2014-01-28T00:00:00.000+00:00,2015-02-11T00:00:00.000+00:00,2,4
LRH1,O00482,4PLD,"Human Nuclear Receptor Liver Receptor Homologue-1, LRH-1, in its apo State Bound to a Fragment of Human TIF-2",X-RAY DIFFRACTION,1.75,2014-05-16T00:00:00.000+00:00,2015-12-16T00:00:00.000+00:00,2,1
LRH1,O00482,4PLE,"Human Nuclear Receptor Liver Receptor Homologue-1, LRH-1, Bound to an E. Coli Phospholipid and a Fragment of TIF-2",X-RAY DIFFRACTION,1.752,2014-05-16T00:00:00.000+00:00,2015-12-16T00:00:00.000+00:00,2,2
LRH1,O00482,4RWV,"Crystal structure of PIP3 bound human nuclear receptor LRH-1 (Liver Receptor Homolog 1, NR5A2) in complex with a co-regulator DAX-1 (NR0B1) peptide at 1.86 A resolution",X-RAY DIFFRACTION,1.859,2014-12-05T00:00:00.000+00:00,2015-01-21T00:00:00.000+00:00,2,3
LRH1,O00482,5L0M,hLRH-1 DNA Binding Domain - 12bp Oct4 promoter complex,X-RAY DIFFRACTION,2.197,2016-07-27T00:00:00.000+00:00,2016-11-09T00:00:00.000+00:00,3,2
LRH1,O00482,5L11,Human Liver Receptor Homologue-1 (LRH-1) Bound to RJW100 and a Fragment of TIF-2,X-RAY DIFFRACTION,1.849,2016-07-28T00:00:00.000+00:00,2016-10-12T00:00:00.000+00:00,2,1
LRH1,O00482,5SYZ,Human Liver Receptor Homologue-1 (LRH-1) Bound to a RJW100 stereoisomer and a Fragment of TIF-2,X-RAY DIFFRACTION,1.9261,2016-08-12T00:00:00.000+00:00,2016-10-12T00:00:00.000+00:00,2,1
LRH1,O00482,5UNJ,Structure of Human Liver Receptor Homolog 1 in complex with PGC1a and RJW100,X-RAY DIFFRACTION,1.959,2017-01-31T00:00:00.000+00:00,2017-04-19T00:00:00.000+00:00,2,1
LRH1,O00482,6OQX,Human Liver Receptor Homolog-1 bound to the agonist 5N and a fragment of the Tif2 coregulator,X-RAY DIFFRACTION,2.004,2019-04-29T00:00:00.000+00:00,2019-08-28T00:00:00.000+00:00,2,1
LRH1,O00482,6OQY,Human LRH-1 bound to the agonist 6N and a fragment of the Tif2 coregulator,X-RAY DIFFRACTION,2.23,2019-04-29T00:00:00.000+00:00,2019-08-28T00:00:00.000+00:00,2,1
LRH1,O00482,6OR1,Human LRH-1 bound to the agonist 2N and a fragment of the Tif2 coregulator,X-RAY DIFFRACTION,2.174,2019-04-29T00:00:00.000+00:00,2019-08-28T00:00:00.000+00:00,2,1
LRH1,O00482,6VC2,LRH-1 bound to SS-RJW100 and a fragment of the Tif2 Coactivator,X-RAY DIFFRACTION,1.697,2019-12-20T00:00:00.000+00:00,2020-12-23T00:00:00.000+00:00,2,1
LRH1,O00482,6VIF,Human LRH-1 ligand-binding domain bound to agonist cpd 15 and fragment of coregulator TIF-2,X-RAY DIFFRACTION,2.26,2020-01-13T00:00:00.000+00:00,2020-06-10T00:00:00.000+00:00,2,1
LRH1,O00482,7JYD,Human Liver Receptor Homolog-1 in Complex with 10CA and a Fragment of Tif2,X-RAY DIFFRACTION,2.3,2020-08-30T00:00:00.000+00:00,2022-03-02T00:00:00.000+00:00,2,1
LRH1,O00482,7JYE,Human Liver Receptor Homolog-1 in Complex with 9ChoP and a Fragment of Tif2,X-RAY DIFFRACTION,2.551,2020-08-30T00:00:00.000+00:00,2022-03-02T00:00:00.000+00:00,2,1
LRH1,O00482,7TT8,Human LRH-1 LBD bound to agonist 6N-10CA and fragment of Tif2 coactivator,X-RAY DIFFRACTION,2.8,2022-01-31T00:00:00.000+00:00,2022-05-11T00:00:00.000+00:00,2,1
LRH1,O00482,8F8M,LRH-1 bound to small molecule Tet and fragment of coactivator Tif2,X-RAY DIFFRACTION,2.6,2022-11-22T00:00:00.000+00:00,2023-11-29T00:00:00.000+00:00,2,1
LRH1,O00482,8PKI,Cryo-EM structure of NR5A2-nucleosome complex SHL+5.5,ELECTRON MICROSCOPY,2.58,2023-06-26T00:00:00.000+00:00,2024-02-28T00:00:00.000+00:00,7,1
LRH1,O00482,8ZZZ,"Rosetta model of human LRH-1 nuclear receptor generated with XL-MS, HDX-MS, and SAXS data",,,2019-09-13T00:00:00.000+00:00,2020-04-29T00:00:00.000+00:00,5,2
LRH1,O00482,9SMQ,Crystal structure of LRH-1/TIF-2 peptide in complex with CP4,X-RAY DIFFRACTION,2.2,2025-09-08T00:00:00.000+00:00,2025-10-15T00:00:00.000+00:00,2,2
LXR_ALPHA,Q13133,1UHL,Crystal structure of the LXRalfa-RXRbeta LBD heterodimer,X-RAY DIFFRACTION,2.9,2003-07-03T00:00:00.000+00:00,2004-06-01T00:00:00.000+00:00,3,2
LXR_ALPHA,Q13133,3IPQ,X-ray structure of GW3965 synthetic agonist bound to the LXR-alpha,X-RAY DIFFRACTION,2.0,2009-08-18T00:00:00.000+00:00,2010-06-02T00:00:00.000+00:00,2,2
LXR_ALPHA,Q13133,3IPS,X-ray structure of benzisoxazole synthetic agonist bound to the LXR-alpha,X-RAY DIFFRACTION,2.26,2009-08-18T00:00:00.000+00:00,2010-06-02T00:00:00.000+00:00,2,2
LXR_ALPHA,Q13133,3IPU,X-ray structure of benzisoxazole urea synthetic agonist bound to the LXR-alpha,X-RAY DIFFRACTION,2.4,2009-08-18T00:00:00.000+00:00,2010-06-02T00:00:00.000+00:00,2,2
LXR_ALPHA,Q13133,5AVI,"Crystal structure of LXRalpha in complex with tert-butyl benzoate analog, compound 4",X-RAY DIFFRACTION,2.7,2015-06-16T00:00:00.000+00:00,2015-08-26T00:00:00.000+00:00,2,1
LXR_ALPHA,Q13133,5AVL,"Crystal structure of LXRalpha in complex with tert-butyl benzoate analog, compound 32b",X-RAY DIFFRACTION,2.8,2015-06-17T00:00:00.000+00:00,2015-08-26T00:00:00.000+00:00,2,1
LXR_ALPHA,Q13133,5HJS,Identification of LXRbeta selective agonists for the treatment of Alzheimer's Disease,X-RAY DIFFRACTION,1.72,2016-01-13T00:00:00.000+00:00,2016-04-06T00:00:00.000+00:00,2,2
LXR_BETA,P55055,1P8D,"X-Ray Crystal Structure of LXR Ligand Binding Domain with 24(S),25-epoxycholesterol",X-RAY DIFFRACTION,2.8,2003-05-06T00:00:00.000+00:00,2003-07-08T00:00:00.000+00:00,2,1
LXR_BETA,P55055,1PQ6,HUMAN LXR BETA HORMONE RECEPTOR / GW3965 COMPLEX,X-RAY DIFFRACTION,2.4,2003-06-18T00:00:00.000+00:00,2003-09-09T00:00:00.000+00:00,1,2
LXR_BETA,P55055,1PQ9,HUMAN LXR BETA HORMONE RECEPTOR COMPLEXED WITH T0901317 COMPLEX,X-RAY DIFFRACTION,2.1,2003-06-18T00:00:00.000+00:00,2003-09-09T00:00:00.000+00:00,1,2
LXR_BETA,P55055,1PQC,HUMAN LXR BETA HORMONE RECEPTOR COMPLEXED WITH T0901317,X-RAY DIFFRACTION,2.8,2003-06-18T00:00:00.000+00:00,2003-09-09T00:00:00.000+00:00,1,1
LXR_BETA,P55055,1UPV,Crystal structure of the human Liver X receptor beta ligand binding domain in complex with a synthetic agonist,X-RAY DIFFRACTION,2.1,2003-10-13T00:00:00.000+00:00,2004-10-20T00:00:00.000+00:00,1,1
LXR_BETA,P55055,1UPW,Crystal structure of the human Liver X receptor beta ligand binding domain in complex with a synthetic agonist,X-RAY DIFFRACTION,2.4,2003-10-13T00:00:00.000+00:00,2004-10-20T00:00:00.000+00:00,1,1
LXR_BETA,P55055,3KFC,Complex Structure of LXR with an agonist,X-RAY DIFFRACTION,2.4,2009-10-27T00:00:00.000+00:00,2009-12-08T00:00:00.000+00:00,1,1
LXR_BETA,P55055,3L0E,X-ray crystal structure of a Potent Liver X Receptor Modulator,X-RAY DIFFRACTION,2.3,2009-12-09T00:00:00.000+00:00,2010-04-07T00:00:00.000+00:00,2,1
LXR_BETA,P55055,4DK7,Crystal structure of LXR ligand binding domain in complex with full agonist 1,X-RAY DIFFRACTION,2.45,2012-02-03T00:00:00.000+00:00,2012-03-21T00:00:00.000+00:00,2,3
LXR_BETA,P55055,4DK8,Crystal structure of LXR ligand binding domain in complex with partial agonist 5,X-RAY DIFFRACTION,2.75,2012-02-03T00:00:00.000+00:00,2012-03-21T00:00:00.000+00:00,2,3
LXR_BETA,P55055,4NQA,Crystal structure of liganded hRXR-alpha/hLXR-beta heterodimer on DNA,X-RAY DIFFRACTION,3.102,2013-11-24T00:00:00.000+00:00,2014-02-26T00:00:00.000+00:00,5,3
LXR_BETA,P55055,4RAK,"Crystal structure of nuclear receptor subfamily 1, group h, member 2 (lxrb) complexed with partial agonist",X-RAY DIFFRACTION,2.04,2014-09-10T00:00:00.000+00:00,2014-12-31T00:00:00.000+00:00,1,2
LXR_BETA,P55055,5HJP,Identification of LXRbeta selective agonists for the treatment of Alzheimer's Disease,X-RAY DIFFRACTION,2.6,2016-01-13T00:00:00.000+00:00,2016-04-06T00:00:00.000+00:00,2,2
LXR_BETA,P55055,5I4V,"Discovery of novel, orally efficacious Liver X Receptor (LXR) beta agonists",X-RAY DIFFRACTION,2.61,2016-02-12T00:00:00.000+00:00,2016-06-29T00:00:00.000+00:00,2,1
LXR_BETA,P55055,5JY3,"CRYSTAL STRUCTURE OF LXRbeta (NUCLEAR RECEPTOR SUBFAMILY 1, GROUP H, MEMBER 2) COMPLEXED WITH BMS-852927",X-RAY DIFFRACTION,2.4,2016-05-13T00:00:00.000+00:00,2016-11-02T00:00:00.000+00:00,1,2
LXR_BETA,P55055,5KYA,"Brain penetrant liver X receptor (LXR) modulators based on a 2,4,5,6-tetrahydropyrrolo[3,4-c]pyrazole core",X-RAY DIFFRACTION,2.598,2016-07-21T00:00:00.000+00:00,2016-09-21T00:00:00.000+00:00,2,1
LXR_BETA,P55055,5KYJ,"Brain penetrant liver X receptor (LXR) modulators based on a 2,4,5,6-tetrahydropyrrolo[3,4-c]pyrazole core",X-RAY DIFFRACTION,2.8,2016-07-21T00:00:00.000+00:00,2016-09-21T00:00:00.000+00:00,2,1
LXR_BETA,P55055,6JIO,Human LXR-beta in complex with a ligand,X-RAY DIFFRACTION,2.6,2019-02-22T00:00:00.000+00:00,2019-10-16T00:00:00.000+00:00,1,1
LXR_BETA,P55055,6K9G,Human LXR-beta in complex with an agonist,X-RAY DIFFRACTION,2.8,2019-06-15T00:00:00.000+00:00,2020-04-22T00:00:00.000+00:00,1,1
LXR_BETA,P55055,6K9H,Human LXR-beta in complex with an agonist,X-RAY DIFFRACTION,2.5,2019-06-15T00:00:00.000+00:00,2020-04-22T00:00:00.000+00:00,1,1
LXR_BETA,P55055,6K9M,Human LXR-beta in complex with an agonist,X-RAY DIFFRACTION,2.9,2019-06-16T00:00:00.000+00:00,2020-06-17T00:00:00.000+00:00,1,1
LXR_BETA,P55055,6S4N,LXRbeta ligand binding domain in comlpex with small molecule inhibitors,X-RAY DIFFRACTION,1.9,2019-06-28T00:00:00.000+00:00,2019-11-27T00:00:00.000+00:00,1,2
LXR_BETA,P55055,6S4T,LXRbeta ligand binding domain in comlpex with small molecule inhibitors,X-RAY DIFFRACTION,2.0,2019-06-28T00:00:00.000+00:00,2019-11-27T00:00:00.000+00:00,1,1
LXR_BETA,P55055,6S4U,LXRbeta ligand binding domain in comlpex with small molecule inhibitors,X-RAY DIFFRACTION,2.81,2019-06-28T00:00:00.000+00:00,2019-11-27T00:00:00.000+00:00,1,1
LXR_BETA,P55055,6S5K,LXRbeta ligand binding domain in complex with small molecule inhibitors,X-RAY DIFFRACTION,1.6,2019-07-01T00:00:00.000+00:00,2019-12-18T00:00:00.000+00:00,1,1
MR,P08235,1Y9R,Crystal structure of the human mineralocorticoid receptor ligand-binding domain bound to deoxycorticosterone and harboring the S810L mutation responsible for a severe form of hypertension,X-RAY DIFFRACTION,1.96,2004-12-16T00:00:00.000+00:00,2005-05-24T00:00:00.000+00:00,1,1
MR,P08235,1YA3,Crystal structure of the human mineralocorticoid receptor ligand-binding domain bound to progesterone and harboring the S810L mutation responsible for a severe form of hypertension,X-RAY DIFFRACTION,2.34,2004-12-17T00:00:00.000+00:00,2005-05-24T00:00:00.000+00:00,1,1
MR,P08235,2A3I,Structural and Biochemical Mechanisms for the Specificity of Hormone Binding and Coactivator Assembly by Mineralocorticoid Receptor,X-RAY DIFFRACTION,1.95,2005-06-24T00:00:00.000+00:00,2005-07-19T00:00:00.000+00:00,2,1
MR,P08235,2AA2,Mineralocorticoid Receptor with Bound Aldosterone,X-RAY DIFFRACTION,1.95,2005-07-13T00:00:00.000+00:00,2005-07-26T00:00:00.000+00:00,1,4
MR,P08235,2AA5,Mineralocorticoid Receptor with Bound Progesterone,X-RAY DIFFRACTION,2.2,2005-07-13T00:00:00.000+00:00,2005-07-26T00:00:00.000+00:00,1,1
MR,P08235,2AA6,Mineralocorticoid Receptor S810L Mutant with Bound Progesterone,X-RAY DIFFRACTION,1.95,2005-07-13T00:00:00.000+00:00,2005-07-26T00:00:00.000+00:00,1,1
MR,P08235,2AA7,Mineralocorticoid Receptor with Bound Deoxycorticosterone,X-RAY DIFFRACTION,2.2,2005-07-13T00:00:00.000+00:00,2005-07-26T00:00:00.000+00:00,1,3
MR,P08235,2AAX,Mineralocorticoid Receptor Double Mutant with Bound Cortisone,X-RAY DIFFRACTION,1.75,2005-07-14T00:00:00.000+00:00,2005-07-26T00:00:00.000+00:00,1,2
MR,P08235,2AB2,Mineralocorticoid Receptor Double Mutant with Bound Spironolactone,X-RAY DIFFRACTION,1.85,2005-07-14T00:00:00.000+00:00,2005-07-26T00:00:00.000+00:00,1,2
MR,P08235,2ABI,Crystal structure of the human mineralocorticoid receptor ligand-binding domain bound to deoxycorticosterone,X-RAY DIFFRACTION,2.33,2005-07-15T00:00:00.000+00:00,2006-07-25T00:00:00.000+00:00,1,1
MR,P08235,2OAX,Crystal structure of the S810L mutant mineralocorticoid receptor associated with SC9420,X-RAY DIFFRACTION,2.29,2006-12-18T00:00:00.000+00:00,2007-08-14T00:00:00.000+00:00,1,1
MR,P08235,3VHU,Mineralocorticoid receptor ligand-binding domain with spironolactone,X-RAY DIFFRACTION,2.11,2011-09-07T00:00:00.000+00:00,2011-12-28T00:00:00.000+00:00,1,1
MR,P08235,3VHV,Mineralocorticoid receptor ligand-binding domain with non-steroidal antagonist,X-RAY DIFFRACTION,1.35,2011-09-07T00:00:00.000+00:00,2011-12-28T00:00:00.000+00:00,1,4
MR,P08235,3WFF,Mineralocorticoid receptor ligand-binding domain with compound 2b,X-RAY DIFFRACTION,2.05,2013-07-19T00:00:00.000+00:00,2013-08-21T00:00:00.000+00:00,1,2
MR,P08235,3WFG,Mineralocorticoid receptor ligand-binding domain with compuond 2e,X-RAY DIFFRACTION,1.4,2013-07-19T00:00:00.000+00:00,2013-08-21T00:00:00.000+00:00,1,2
MR,P08235,4PF3,Mineralocorticoid receptor ligand-binding domain with compuond 37a,X-RAY DIFFRACTION,1.1,2014-04-28T00:00:00.000+00:00,2014-11-26T00:00:00.000+00:00,1,2
MR,P08235,4TNT,Structure of the human mineralocorticoid receptor in complex with DNA,X-RAY DIFFRACTION,2.3938,2014-06-04T00:00:00.000+00:00,2014-09-17T00:00:00.000+00:00,3,1
MR,P08235,4UDA,MR in complex with dexamethasone,X-RAY DIFFRACTION,2.03,2014-12-09T00:00:00.000+00:00,2015-11-25T00:00:00.000+00:00,2,2
MR,P08235,4UDB,MR in complex with desisobutyrylciclesonide,X-RAY DIFFRACTION,2.36,2014-12-09T00:00:00.000+00:00,2015-11-25T00:00:00.000+00:00,2,4
MR,P08235,5HCV,Identification of Spirooxindole and Dibenzoxazepine Motifs as Potent Mineralocorticoid Receptor Antagonists,X-RAY DIFFRACTION,2.5,2016-01-04T00:00:00.000+00:00,2016-03-09T00:00:00.000+00:00,1,2
MR,P08235,5L7E,MCR IN COMPLEX WITH ligand,X-RAY DIFFRACTION,1.86,2016-06-03T00:00:00.000+00:00,2016-12-07T00:00:00.000+00:00,2,5
MR,P08235,5L7G,MCR IN COMPLEX WITH ligand,X-RAY DIFFRACTION,2.01,2016-06-03T00:00:00.000+00:00,2016-12-07T00:00:00.000+00:00,2,2
MR,P08235,5L7H,MCR IN COMPLEX WITH ligand,X-RAY DIFFRACTION,1.84,2016-06-03T00:00:00.000+00:00,2016-12-07T00:00:00.000+00:00,2,2
MR,P08235,5MWP,The structure of MR in complex with AZD9977.,X-RAY DIFFRACTION,1.82,2017-01-19T00:00:00.000+00:00,2018-03-07T00:00:00.000+00:00,2,1
MR,P08235,5MWY,The structure of MR in complex with eplerenone.,X-RAY DIFFRACTION,1.75,2017-01-20T00:00:00.000+00:00,2018-03-07T00:00:00.000+00:00,2,1
MR,P08235,6GEV,Mineralocorticoid receptor in complex with (s)-13,X-RAY DIFFRACTION,1.54,2018-04-27T00:00:00.000+00:00,2019-01-09T00:00:00.000+00:00,2,2
MR,P08235,6GG8,Mineralocorticoid receptor in complex with (s)-13,X-RAY DIFFRACTION,1.8,2018-05-03T00:00:00.000+00:00,2019-01-09T00:00:00.000+00:00,2,2
MR,P08235,6GGG,Mineralocorticoid receptor in complex with (s)-13,X-RAY DIFFRACTION,1.71,2018-05-03T00:00:00.000+00:00,2019-01-09T00:00:00.000+00:00,2,2
MR,P08235,6L88,Crystal structure of mineralocorticoid receptor ligand binding domain in complex with esaxerenone,X-RAY DIFFRACTION,3.0,2019-11-05T00:00:00.000+00:00,2020-02-12T00:00:00.000+00:00,1,1
MR,P08235,9GC7,Mineralocorticoid receptor in complex with acylurea antagonists.,X-RAY DIFFRACTION,1.46,2024-08-01T00:00:00.000+00:00,2026-02-18T00:00:00.000+00:00,2,3
NOR1,Q92570,8XTT,Nuclear receptor Nor1 ligand binding domain,SOLUTION NMR,,2024-01-11T00:00:00.000+00:00,2025-01-15T00:00:00.000+00:00,1,0
NUR77,P22736,2QW4,Human NR4A1 ligand-binding domain,X-RAY DIFFRACTION,2.8,2007-08-09T00:00:00.000+00:00,2007-08-21T00:00:00.000+00:00,1,0
NUR77,P22736,3V3E,Crystal Structure of the Human Nur77 Ligand-binding Domain,X-RAY DIFFRACTION,2.06,2011-12-13T00:00:00.000+00:00,2012-09-26T00:00:00.000+00:00,1,1
NUR77,P22736,3V3Q,"Crystal Structure of Human Nur77 Ligand-binding Domain in Complex with Ethyl 2-[2,3,4 trimethoxy-6(1-octanoyl)phenyl]acetate",X-RAY DIFFRACTION,2.22,2011-12-14T00:00:00.000+00:00,2012-09-26T00:00:00.000+00:00,1,3
NUR77,P22736,4JGV,Crystal Structure of Human Nur77 Ligand-binding Domain in Complex with THPN,X-RAY DIFFRACTION,3.01,2013-03-04T00:00:00.000+00:00,2013-12-18T00:00:00.000+00:00,1,2
NUR77,P22736,4KZI,Crystal Structure of TR3 LBD in complex with DPDO,X-RAY DIFFRACTION,2.41,2013-05-30T00:00:00.000+00:00,2013-12-18T00:00:00.000+00:00,1,2
NUR77,P22736,4KZJ,Crystal Structure of TR3 LBD L449W Mutant,X-RAY DIFFRACTION,2.12,2013-05-30T00:00:00.000+00:00,2013-12-18T00:00:00.000+00:00,1,1
NUR77,P22736,4KZM,Crystal Structure of TR3 LBD S553A Mutant,X-RAY DIFFRACTION,2.3,2013-05-30T00:00:00.000+00:00,2013-12-18T00:00:00.000+00:00,1,1
NUR77,P22736,4RE8,Crystal Structure of TR3 LBD in complex with Molecule 5,X-RAY DIFFRACTION,2.16,2014-09-22T00:00:00.000+00:00,2015-09-09T00:00:00.000+00:00,1,2
NUR77,P22736,4REE,Crystal Structure of TR3 LBD in complex with Molecule 6,X-RAY DIFFRACTION,2.37,2014-09-22T00:00:00.000+00:00,2015-09-09T00:00:00.000+00:00,1,2
NUR77,P22736,4REF,Crystal Structure of TR3 LBD_L449W in complex with Molecule 2,X-RAY DIFFRACTION,2.1,2014-09-22T00:00:00.000+00:00,2015-09-09T00:00:00.000+00:00,1,2
NUR77,P22736,4RZE,"Crystal Structure Analysis of the NUR77 Ligand Binding Domain, L437W,D594E mutant",X-RAY DIFFRACTION,2.49,2014-12-21T00:00:00.000+00:00,2015-03-18T00:00:00.000+00:00,1,1
NUR77,P22736,4RZF,"Crystal Structure Analysis of the NUR77 Ligand Binding Domain, S441W mutant",X-RAY DIFFRACTION,1.99,2014-12-21T00:00:00.000+00:00,2015-03-18T00:00:00.000+00:00,1,1
NUR77,P22736,4RZG,Crystal Structure Analysis of the DNPA-bounded NUR77 Ligand binding Domain,X-RAY DIFFRACTION,2.7,2014-12-21T00:00:00.000+00:00,2015-03-18T00:00:00.000+00:00,1,2
NUR77,P22736,4WHF,"Crystal Structure of TR3 LBD in complex with 1-(3,4,5-trihydroxyphenyl)decan-1-one",X-RAY DIFFRACTION,2.27,2014-09-22T00:00:00.000+00:00,2015-09-09T00:00:00.000+00:00,1,2
NUR77,P22736,4WHG,Crystal Structure of TR3 LBD in complex with Molecule 3,X-RAY DIFFRACTION,2.18,2014-09-22T00:00:00.000+00:00,2015-09-09T00:00:00.000+00:00,1,2
NUR77,P22736,6KZ5,Crystal Structure Analysis of the Csn-B-bounded NUR77 Ligand binding Domain,X-RAY DIFFRACTION,4.45,2019-09-23T00:00:00.000+00:00,2020-10-14T00:00:00.000+00:00,1,1
NUR77,P22736,6LC1,Structural basis of NR4A1 bound to the human pituitary proopiomelanocortin gene promoter,X-RAY DIFFRACTION,3.12,2019-11-16T00:00:00.000+00:00,2019-12-18T00:00:00.000+00:00,3,1
NUR77,P22736,8WUY,"Crystal Structure of TR3 LBD in complex with para-positioned 3,4,5-trisubstituted benzene derivatives",X-RAY DIFFRACTION,2.6,2023-10-21T00:00:00.000+00:00,2024-01-24T00:00:00.000+00:00,1,1
NUR77,P22736,8Y7L,"Crystal Structure of Nur77 LBD in complex with N-(2'-(4-hydroxypiperidin-1-yl)-[4,4'-bipyridin]-2-yl)cinnamamide",X-RAY DIFFRACTION,2.683,2024-02-04T00:00:00.000+00:00,2024-07-24T00:00:00.000+00:00,1,1
NUR77,P22736,8Z5A,Crystal Structure of Nur77 LBD in complex with NLM1,X-RAY DIFFRACTION,2.179,2024-04-18T00:00:00.000+00:00,2025-04-23T00:00:00.000+00:00,1,2
NUR77,P22736,9M2E,Crystal Structure of Nur77 LBD in complex with DBIC compound,X-RAY DIFFRACTION,2.575,2025-02-27T00:00:00.000+00:00,2025-12-03T00:00:00.000+00:00,1,1
NUR77,P22736,9V5K,"Crystal Structure of Nur77 LBD in complex with N-(2'-(methyl(pentyl)amino)-[4,4'-bipyridin]-2-yl)cinnamamide",X-RAY DIFFRACTION,2.37,2025-05-26T00:00:00.000+00:00,2026-06-03T00:00:00.000+00:00,1,1
NURR1,P43354,1OVL,Crystal Structure of Nurr1 LBD,X-RAY DIFFRACTION,2.2,2003-03-26T00:00:00.000+00:00,2003-06-03T00:00:00.000+00:00,2,3
NURR1,P43354,5Y41,Crystal Structure of LIGAND-BOUND NURR1-LBD,X-RAY DIFFRACTION,2.05,2017-07-31T00:00:00.000+00:00,2018-12-26T00:00:00.000+00:00,1,5
NURR1,P43354,5YD6,Crystal structure of PG-bound Nurr1-LBD,X-RAY DIFFRACTION,2.34,2017-09-11T00:00:00.000+00:00,2019-03-27T00:00:00.000+00:00,1,2
NURR1,P43354,6DDA,Nurr1 Covalently Modified by a Dopamine Metabolite,X-RAY DIFFRACTION,3.2,2018-05-09T00:00:00.000+00:00,2019-03-20T00:00:00.000+00:00,2,3
NURR1,P43354,6L6L,Structural basis of NR4A2 homodimers binding to selective Nur-responsive elements,X-RAY DIFFRACTION,2.781,2019-10-29T00:00:00.000+00:00,2019-11-20T00:00:00.000+00:00,3,1
NURR1,P43354,6L6Q,Structural basis of NR4A2 homodimers binding to selective Nur-responsive elements,X-RAY DIFFRACTION,2.601,2019-10-29T00:00:00.000+00:00,2019-11-20T00:00:00.000+00:00,2,1
NURR1,P43354,7WNH,Crystal structure of Nurr1 binding to NBRE,X-RAY DIFFRACTION,3.1,2022-01-18T00:00:00.000+00:00,2023-01-25T00:00:00.000+00:00,3,1
NURR1,P43354,8CYO,"Nurr1 Covalently Bound to a Synthetic Ligand, 10.25, via a Disulfide Bond",X-RAY DIFFRACTION,2.41,2022-05-24T00:00:00.000+00:00,2024-01-17T00:00:00.000+00:00,1,2
PNR,Q9Y5X4,4LOG,The crystal structure of the orphan nuclear receptor PNR ligand binding domain fused with MBP,X-RAY DIFFRACTION,2.7,2013-07-12T00:00:00.000+00:00,2013-10-09T00:00:00.000+00:00,1,0
PPARA,Q07869,1I7G,CRYSTAL STRUCTURE OF THE LIGAND BINDING DOMAIN FROM HUMAN PPAR-ALPHA IN COMPLEX WITH THE AGONIST AZ 242,X-RAY DIFFRACTION,2.2,2001-03-09T00:00:00.000+00:00,2002-03-09T00:00:00.000+00:00,1,3
PPARA,Q07869,1K7L,The 2.5 Angstrom resolution crystal structure of the human PPARalpha ligand binding domain bound with GW409544 and a co-activator peptide.,X-RAY DIFFRACTION,2.5,2001-10-19T00:00:00.000+00:00,2001-12-05T00:00:00.000+00:00,2,2
PPARA,Q07869,1KKQ,Crystal structure of the human PPAR-alpha ligand-binding domain in complex with an antagonist GW6471 and a SMRT corepressor motif,X-RAY DIFFRACTION,3.0,2001-12-10T00:00:00.000+00:00,2002-02-20T00:00:00.000+00:00,2,1
PPARA,Q07869,2NPA,the crystal structure of the human PPARaplpha ligand binding domain in complex with a a-hydroxyimino phenylpropanoic acid,X-RAY DIFFRACTION,2.3,2006-10-26T00:00:00.000+00:00,2007-10-30T00:00:00.000+00:00,2,1
PPARA,Q07869,2P54,a crystal structure of PPAR alpha bound with SRC1 peptide and GW735,X-RAY DIFFRACTION,1.79,2007-03-14T00:00:00.000+00:00,2007-04-24T00:00:00.000+00:00,2,1
PPARA,Q07869,2REW,Crystal Structure of PPARalpha ligand binding domain with BMS-631707,X-RAY DIFFRACTION,2.35,2007-09-27T00:00:00.000+00:00,2007-11-27T00:00:00.000+00:00,1,2
PPARA,Q07869,2ZNN,Human PPAR alpha ligand binding domain in complex with a synthetic agonist TIPP703,X-RAY DIFFRACTION,2.01,2008-04-30T00:00:00.000+00:00,2009-05-05T00:00:00.000+00:00,1,1
PPARA,Q07869,3ET1,Structure of PPARalpha with 3-[5-Methoxy-1-(4-methoxy-benzenesulfonyl)-1H-indol-3-yl]-propionic acid,X-RAY DIFFRACTION,2.5,2008-10-06T00:00:00.000+00:00,2009-02-17T00:00:00.000+00:00,2,1
PPARA,Q07869,3FEI,"Design and biological evaluation of novel, balanced dual PPARa/g agonists",X-RAY DIFFRACTION,2.4,2008-11-30T00:00:00.000+00:00,2009-10-20T00:00:00.000+00:00,2,1
PPARA,Q07869,3G8I,"Aleglitazar, a new, potent, and balanced PPAR alpha/gamma agonist for the treatment of type II diabetes",X-RAY DIFFRACTION,2.2,2009-02-12T00:00:00.000+00:00,2009-06-02T00:00:00.000+00:00,2,1
PPARA,Q07869,3KDT,"Crystal structure of peroxisome proliferator-activatedeceptor alpha (PPARalpha) complex with N-3-((2-(4-Chlorophenyl)-5-methyl-1,3-oxazol-4-yl)methoxy)benzyl)-N-(methoxycarbonyl)glycine",X-RAY DIFFRACTION,2.7,2009-10-23T00:00:00.000+00:00,2010-04-28T00:00:00.000+00:00,1,1
PPARA,Q07869,3KDU,"Crystal structure of peroxisome proliferator-activatedeceptor alpha (PPARalpha) complex with N-3-((2-(4-Chlorophenyl)-5-methyl-1,3-oxazol-4-yl)methoxy)benzyl)-N-((4-methylphenoxy)carbonyl)glycine",X-RAY DIFFRACTION,2.07,2009-10-23T00:00:00.000+00:00,2010-04-28T00:00:00.000+00:00,1,1
PPARA,Q07869,3SP6,Structural basis for iloprost as a dual PPARalpha/delta agonist,X-RAY DIFFRACTION,2.21,2011-07-01T00:00:00.000+00:00,2011-07-20T00:00:00.000+00:00,2,1
PPARA,Q07869,3VI8,Human PPAR alpha ligand binding domain in complex with a synthetic agonist APHM13,X-RAY DIFFRACTION,1.75,2011-09-25T00:00:00.000+00:00,2012-08-29T00:00:00.000+00:00,1,1
PPARA,Q07869,4BCR,Structure of PPARalpha in complex with WY14643,X-RAY DIFFRACTION,2.497,2012-10-02T00:00:00.000+00:00,2013-05-29T00:00:00.000+00:00,1,2
PPARA,Q07869,4CI4,Structural basis for GL479 a dual Peroxisome Proliferator-Activated Receptor alpha agonist,X-RAY DIFFRACTION,2.302,2013-12-05T00:00:00.000+00:00,2014-12-24T00:00:00.000+00:00,1,1
PPARA,Q07869,5AZT,"Ternary complex of hPPARalpha ligand binding domain, 17-oxoDHA and a SRC1 peptide",X-RAY DIFFRACTION,3.45,2015-10-23T00:00:00.000+00:00,2016-07-06T00:00:00.000+00:00,2,1
PPARA,Q07869,5HYK,Crystal structure of the complex PPARalpha/AL26-29,X-RAY DIFFRACTION,1.83,2016-02-01T00:00:00.000+00:00,2016-11-23T00:00:00.000+00:00,1,1
PPARA,Q07869,6KAX,X-ray structure of human PPARalpha ligand binding domain-intrinsic fatty acid (E. coli origin) co-crystals obtained by cross-seeding,X-RAY DIFFRACTION,1.23,2019-06-24T00:00:00.000+00:00,2020-11-11T00:00:00.000+00:00,1,2
PPARA,Q07869,6KAY,X-ray structure of human PPARalpha ligand binding domain-GW7647 co-crystals obtained by soaking,X-RAY DIFFRACTION,1.735,2019-06-24T00:00:00.000+00:00,2020-11-11T00:00:00.000+00:00,1,2
PPARA,Q07869,6KAZ,X-ray structure of human PPARalpha ligand binding domain-pemafibrate co-crystals obtained by soaking,X-RAY DIFFRACTION,1.48,2019-06-24T00:00:00.000+00:00,2020-11-11T00:00:00.000+00:00,1,2
PPARA,Q07869,6KB0,"X-ray structure of human PPARalpha ligand binding domain-5,8,11,14-eicosatetraynoic acid (ETYA) co-crystals obtained by soaking",X-RAY DIFFRACTION,1.35,2019-06-24T00:00:00.000+00:00,2020-11-11T00:00:00.000+00:00,1,2
PPARA,Q07869,6KB1,X-ray structure of human PPARalpha ligand binding domain-tetradecylthioacetic acid (TTA) co-crystals obtained by soaking,X-RAY DIFFRACTION,1.25,2019-06-24T00:00:00.000+00:00,2020-11-11T00:00:00.000+00:00,1,2
PPARA,Q07869,6KB2,X-ray structure of human PPARalpha ligand binding domain-Wy14643 co-crystals obtained by soaking,X-RAY DIFFRACTION,1.95,2019-06-24T00:00:00.000+00:00,2020-11-11T00:00:00.000+00:00,1,1
PPARA,Q07869,6KB3,X-ray structure of human PPARalpha ligand binding domain-GW7647 co-crystals obtained by delipidation and cross-seeding,X-RAY DIFFRACTION,1.45,2019-06-24T00:00:00.000+00:00,2020-11-11T00:00:00.000+00:00,1,2
PPARA,Q07869,6KB4,X-ray structure of human PPARalpha ligand binding domain-pemafibrate co-crystals obtained by delipidation and cross-seeding,X-RAY DIFFRACTION,1.42,2019-06-24T00:00:00.000+00:00,2020-11-11T00:00:00.000+00:00,1,2
PPARA,Q07869,6KB5,"X-ray structure of human PPARalpha ligand binding domain-5,8,11,14-eicosatetraynoic Acid (ETYA) co-crystals obtained by delipidation and cross-seeding",X-RAY DIFFRACTION,1.95,2019-06-24T00:00:00.000+00:00,2020-11-11T00:00:00.000+00:00,1,2
PPARA,Q07869,6KB6,X-ray structure of human PPARalpha ligand binding domain-tetradecylthioacetic acid (TTA) co-crystals obtained by delipidation and cross-seeding,X-RAY DIFFRACTION,1.431,2019-06-24T00:00:00.000+00:00,2020-11-11T00:00:00.000+00:00,1,2
PPARA,Q07869,6KB7,X-ray structure of human PPARalpha ligand binding domain-Wy14643 co-crystals obtained by delipidation and cross-seeding,X-RAY DIFFRACTION,2.14,2019-06-24T00:00:00.000+00:00,2020-11-11T00:00:00.000+00:00,1,1
PPARA,Q07869,6KB8,X-ray structure of human PPARalpha ligand binding domain-GW7647 co-crystals obtained by cross-seeding,X-RAY DIFFRACTION,1.47,2019-06-24T00:00:00.000+00:00,2020-11-11T00:00:00.000+00:00,1,2
PPARA,Q07869,6KB9,X-ray structure of human PPARalpha ligand binding domain-pemafibrate co-crystals obtained by cross-seeding,X-RAY DIFFRACTION,1.55,2019-06-24T00:00:00.000+00:00,2020-11-11T00:00:00.000+00:00,1,2
PPARA,Q07869,6KBA,X-ray structure of human PPARalpha ligand binding domain-Wy14643 co-crystals obtained by co-crystallization,X-RAY DIFFRACTION,1.82,2019-06-24T00:00:00.000+00:00,2020-11-11T00:00:00.000+00:00,1,1
PPARA,Q07869,6KXX,Human PPAR alpha ligand binding domain in complex with a synthetic agonist (compound A),X-RAY DIFFRACTION,1.95,2019-09-14T00:00:00.000+00:00,2020-05-20T00:00:00.000+00:00,2,1
PPARA,Q07869,6KXY,Human PPAR alpha ligand binding domain in complex with a synthetic agonist (compound B),X-RAY DIFFRACTION,2.0,2019-09-14T00:00:00.000+00:00,2020-05-20T00:00:00.000+00:00,2,1
PPARA,Q07869,6KYP,X-ray structure of human PPARalpha ligand binding domain-GW9662-clofibric acid co-crystals obtained by delipidation and co-crystallization,X-RAY DIFFRACTION,2.86,2019-09-19T00:00:00.000+00:00,2020-11-11T00:00:00.000+00:00,1,2
PPARA,Q07869,6L36,X-ray structure of human PPARalpha ligand binding domain-GW9662-fenofibric acid co-crystals obtained by delipidation and co-crystallization,X-RAY DIFFRACTION,3.301,2019-10-09T00:00:00.000+00:00,2020-11-11T00:00:00.000+00:00,1,2
PPARA,Q07869,6L37,X-ray structure of human PPARalpha ligand binding domain-GW9662-ciprofibrate co-crystals obtained by delipidation and co-crystallization,X-RAY DIFFRACTION,2.91,2019-10-09T00:00:00.000+00:00,2020-11-11T00:00:00.000+00:00,1,2
PPARA,Q07869,6L38,X-ray structure of human PPARalpha ligand binding domain-GW9662-gemfibrozil co-crystals obtained by delipidation and co-crystallization,X-RAY DIFFRACTION,2.761,2019-10-09T00:00:00.000+00:00,2020-11-11T00:00:00.000+00:00,1,1
PPARA,Q07869,6L96,Structure of PPARalpha-LBD/pemafibrate/SRC1 peptide,X-RAY DIFFRACTION,3.2,2019-11-08T00:00:00.000+00:00,2020-01-15T00:00:00.000+00:00,2,1
PPARA,Q07869,6LX4,X-ray structure of human PPARalpha ligand binding domain-fenofibric acid co-crystals obtained by delipidation and co-crystallization,X-RAY DIFFRACTION,2.13,2020-02-10T00:00:00.000+00:00,2020-11-11T00:00:00.000+00:00,1,1
PPARA,Q07869,6LX5,X-ray structure of human PPARalpha ligand binding domain-ciprofibrate co-crystals obtained by delipidation and co-crystallization,X-RAY DIFFRACTION,1.87,2020-02-10T00:00:00.000+00:00,2020-11-11T00:00:00.000+00:00,1,2
PPARA,Q07869,6LX6,X-ray structure of human PPARalpha ligand binding domain-palmitic acid co-crystals obtained by delipidation and cross-seeding,X-RAY DIFFRACTION,1.3,2020-02-10T00:00:00.000+00:00,2020-11-11T00:00:00.000+00:00,1,2
PPARA,Q07869,6LX7,X-ray structure of human PPARalpha ligand binding domain-stearic acid co-crystals obtained by delipidation and cross-seeding,X-RAY DIFFRACTION,1.41,2020-02-10T00:00:00.000+00:00,2020-11-11T00:00:00.000+00:00,1,2
PPARA,Q07869,6LX8,X-ray structure of human PPARalpha ligand binding domain-oleic acid co-crystals obtained by delipidation and cross-seeding,X-RAY DIFFRACTION,1.54,2020-02-10T00:00:00.000+00:00,2020-11-11T00:00:00.000+00:00,1,2
PPARA,Q07869,6LX9,X-ray structure of human PPARalpha ligand binding domain-arachidonic acid co-crystals obtained by delipidation and cross-seeding,X-RAY DIFFRACTION,1.4,2020-02-10T00:00:00.000+00:00,2020-11-11T00:00:00.000+00:00,1,2
PPARA,Q07869,6LXA,X-ray structure of human PPARalpha ligand binding domain-eicosapentaenoic acid (EPA) co-crystals obtained by delipidation and cross-seeding,X-RAY DIFFRACTION,1.23,2020-02-10T00:00:00.000+00:00,2020-11-11T00:00:00.000+00:00,1,2
PPARA,Q07869,6LXB,X-ray structure of human PPARalpha ligand binding domain-saroglitazar co-crystals obtained by soaking,X-RAY DIFFRACTION,2.36,2020-02-10T00:00:00.000+00:00,2020-11-11T00:00:00.000+00:00,1,1
PPARA,Q07869,6LXC,X-ray structure of human PPARalpha ligand binding domain-saroglitazar co-crystals obtained by delipidation and cross-seeding,X-RAY DIFFRACTION,2.03,2020-02-10T00:00:00.000+00:00,2020-11-11T00:00:00.000+00:00,1,1
PPARA,Q07869,7BPY,X-ray structure of human PPARalpha ligand binding domain-clofibric acid-SRC1 coactivator peptide co-crystals obtained by delipidation and co-crystallization,X-RAY DIFFRACTION,2.09,2020-03-23T00:00:00.000+00:00,2020-11-11T00:00:00.000+00:00,2,1
PPARA,Q07869,7BPZ,X-ray structure of human PPARalpha ligand binding domain-bezafibrate-SRC1 coactivator peptide co-crystals obtained by soaking,X-RAY DIFFRACTION,2.43,2020-03-23T00:00:00.000+00:00,2020-11-11T00:00:00.000+00:00,2,1
PPARA,Q07869,7BQ0,X-ray structure of human PPARalpha ligand binding domain-fenofibric acid-SRC1 coactivator peptide co-crystals obtained by delipidation and co-crystallization,X-RAY DIFFRACTION,1.771,2020-03-23T00:00:00.000+00:00,2020-11-11T00:00:00.000+00:00,2,1
PPARA,Q07869,7BQ1,X-ray structure of human PPARalpha ligand binding domain-intrinsic fatty acid (E. coli origin)-SRC1 coactivator peptide co-crystals obtained by co-crystallization,X-RAY DIFFRACTION,1.521,2020-03-23T00:00:00.000+00:00,2020-11-11T00:00:00.000+00:00,2,2
PPARA,Q07869,7BQ2,X-ray structure of human PPARalpha ligand binding domain-pemafibrate-SRC1 coactivator peptide co-crystals obtained by soaking,X-RAY DIFFRACTION,1.52,2020-03-23T00:00:00.000+00:00,2020-11-11T00:00:00.000+00:00,2,2
PPARA,Q07869,7BQ3,X-ray structure of human PPARalpha ligand binding domain-GW7647-SRC1 coactivator peptide co-crystals obtained by delipidation and co-crystallization,X-RAY DIFFRACTION,1.98,2020-03-23T00:00:00.000+00:00,2020-11-11T00:00:00.000+00:00,2,1
PPARA,Q07869,7BQ4,X-ray structure of human PPARalpha ligand binding domain-eicosapentaenoic acid (EPA)-SRC1 coactivator peptide co-crystals obtained by delipidation and co-crystallization,X-RAY DIFFRACTION,1.62,2020-03-23T00:00:00.000+00:00,2020-11-11T00:00:00.000+00:00,2,2
PPARA,Q07869,7C6Q,Novel natural PPARalpha agonist with a unique binding mode,X-RAY DIFFRACTION,2.76,2020-05-22T00:00:00.000+00:00,2021-05-26T00:00:00.000+00:00,2,1
PPARA,Q07869,7E5F,HUMAN PPAR ALPHA LIGAND BINDING DOMAIN IN COMPLEX WITH TIPP703 OBTAINED BY SOAKING,X-RAY DIFFRACTION,1.79,2021-02-18T00:00:00.000+00:00,2021-10-06T00:00:00.000+00:00,1,1
PPARA,Q07869,7E5G,HUMAN PPAR ALPHA LIGAND BINDING DOMAIN IN COMPLEX WITH YN4pai OBTAINED BY SOAKING,X-RAY DIFFRACTION,1.66,2021-02-18T00:00:00.000+00:00,2021-10-06T00:00:00.000+00:00,1,1
PPARA,Q07869,7E5H,HUMAN PPAR ALPHA LIGAND BINDING DOMAIN IN COMPLEX WITH APHM6 OBTAINED BY COCRYSTALLIZATION,X-RAY DIFFRACTION,1.66,2021-02-18T00:00:00.000+00:00,2021-10-06T00:00:00.000+00:00,1,1
PPARA,Q07869,7E5I,HUMAN PPAR ALPHA LIGAND BINDING DOMAIN IN COMPLEX WITH APHM6 OBTAINED BY SOAKING,X-RAY DIFFRACTION,1.58,2021-02-18T00:00:00.000+00:00,2021-10-06T00:00:00.000+00:00,1,1
PPARA,Q07869,8HUK,X-ray structure of human PPAR alpha ligand binding domain-lanifibranor-SRC1 coactivator peptide co-crystals obtained by soaking,X-RAY DIFFRACTION,2.981,2022-12-24T00:00:00.000+00:00,2023-08-09T00:00:00.000+00:00,2,1
PPARA,Q07869,8HUN,X-ray structure of human PPAR alpha ligand binding domain-seladelpar co-crystals obtained by cross-seeding,X-RAY DIFFRACTION,2.01,2022-12-24T00:00:00.000+00:00,2023-08-09T00:00:00.000+00:00,1,2
PPARA,Q07869,8HUQ,X-ray structure of human PPAR alpha ligand binding domain-elafibranor-SRC1 coactivator peptide co-crystals obtained by soaking,X-RAY DIFFRACTION,1.65,2022-12-24T00:00:00.000+00:00,2023-08-09T00:00:00.000+00:00,2,2
PPARA,Q07869,8RCE,Crystal structure of PPAR alfa Ligand Binding Domain in complex with the ligand LBB78,X-RAY DIFFRACTION,3.0,2023-12-06T00:00:00.000+00:00,2024-10-16T00:00:00.000+00:00,1,1
PPARA,Q07869,8YT6,"Human PPAR alpha ligand binding domain in complex with a 1H-pyrazolo[3,4-b]pyridine-derived compound",X-RAY DIFFRACTION,1.85,2024-03-25T00:00:00.000+00:00,2025-04-02T00:00:00.000+00:00,2,1
PPARA,Q07869,8YT9,"Human PPAR alpha ligand binding domain in complex with a 1H-pyrazolo[3,4-b]pyridine-derived compound",X-RAY DIFFRACTION,1.59,2024-03-25T00:00:00.000+00:00,2025-04-02T00:00:00.000+00:00,2,1
PPARA,Q07869,8YTL,"Human PPAR alpha ligand binding domain in complex with a 1H-pyrazolo[3,4-b]pyridine-derived compound",X-RAY DIFFRACTION,2.0,2024-03-26T00:00:00.000+00:00,2025-04-02T00:00:00.000+00:00,2,2
PPARA,Q07869,8YU8,"Human PPAR alpha ligand binding domain in complex with a 1H-pyrazolo[3,4-b]pyridine-derived compound",X-RAY DIFFRACTION,1.95,2024-03-27T00:00:00.000+00:00,2025-04-02T00:00:00.000+00:00,2,1
PPARA,Q07869,8YWU,"Human PPAR alpha ligand binding domain in complex with a 1H-pyrazolo[3,4-b]pyridine-derived compound",X-RAY DIFFRACTION,1.77,2024-04-01T00:00:00.000+00:00,2025-04-09T00:00:00.000+00:00,2,1
PPARA,Q07869,8YWV,"Human PPAR alpha ligand binding domain in complex with a 1H-pyrazolo[3,4-b]pyridine-derived compound",X-RAY DIFFRACTION,2.01,2024-04-01T00:00:00.000+00:00,2025-04-09T00:00:00.000+00:00,2,1
PPARA,Q07869,9IWJ,X-ray structure of human PPARalpha ligand binding domain-NCoR2 corepressor peptide co-crystals obtained by co-crystallization,X-RAY DIFFRACTION,2.48,2024-07-25T00:00:00.000+00:00,2025-05-07T00:00:00.000+00:00,2,0
PPARA,Q07869,9IWL,X-ray structure of human PPARalpha ligand binding domain-intrinsic fatty acid (E. coli origin)-CBP coactivator peptide co-crystals obtained by cross-seeding,X-RAY DIFFRACTION,2.09,2024-07-25T00:00:00.000+00:00,2025-05-07T00:00:00.000+00:00,2,2
PPARA,Q07869,9IWM,X-ray structure of human PPARalpha ligand binding domain-GW7647-TRAP220 coactivator peptide co-crystals obtained by cross-seeding,X-RAY DIFFRACTION,1.39,2024-07-25T00:00:00.000+00:00,2025-05-07T00:00:00.000+00:00,2,2
PPARA,Q07869,9IWN,X-ray structure of human PPARalpha ligand binding domain-intrinsic fatty acid (E. coli origin)-PGC1alpha coactivator peptide co-crystals obtained by cross-seeding,X-RAY DIFFRACTION,1.59,2024-07-25T00:00:00.000+00:00,2025-05-07T00:00:00.000+00:00,2,2
PPARA,Q07869,9IWO,X-ray structure of human PPARalpha ligand binding domain-GW7647-PGC1alpha coactivator peptide co-crystals obtained by cross-seeding,X-RAY DIFFRACTION,1.49,2024-07-25T00:00:00.000+00:00,2025-05-07T00:00:00.000+00:00,2,1
PPARA,Q07869,9SFS,Human PPAR alpha ligand binding domain in complex with 10-HSA ligand,X-RAY DIFFRACTION,2.0,2025-08-20T00:00:00.000+00:00,2026-04-08T00:00:00.000+00:00,1,2
PPARA,Q07869,9T5S,Crystal structure of human PPARalpha in complex with co-activator PGC-1 alpha peptide and bempedoic acid,X-RAY DIFFRACTION,1.74,2025-11-05T00:00:00.000+00:00,2025-12-17T00:00:00.000+00:00,2,1
PPARA,Q07869,9VZS,X-ray structure of human PPARalpha ligand binding domain-10-hydroxystearic acid (10-HSA) co-crystals obtained by cross-seeding,X-RAY DIFFRACTION,1.455,2025-07-23T00:00:00.000+00:00,2026-05-27T00:00:00.000+00:00,1,2
PPARA,Q07869,9VZT,X-ray structure of human PPARalpha ligand binding domain-10-oxostearic acid (10-oxoSA) co-crystals obtained by cross-seeding,X-RAY DIFFRACTION,1.475,2025-07-23T00:00:00.000+00:00,2026-05-27T00:00:00.000+00:00,1,2
PPARD,Q03181,1GWX,MOLECULAR RECOGNITION OF FATTY ACIDS BY PEROXISOME PROLIFERATOR-ACTIVATED RECEPTORS,X-RAY DIFFRACTION,2.5,1999-03-17T00:00:00.000+00:00,2000-03-17T00:00:00.000+00:00,1,1
PPARD,Q03181,1Y0S,Crystal structure of PPAR delta complexed with GW2331,X-RAY DIFFRACTION,2.65,2004-11-16T00:00:00.000+00:00,2005-03-29T00:00:00.000+00:00,1,3
PPARD,Q03181,2AWH,Human Nuclear Receptor-Ligand Complex 1,X-RAY DIFFRACTION,2.0,2005-09-01T00:00:00.000+00:00,2006-02-14T00:00:00.000+00:00,1,2
PPARD,Q03181,2B50,Human Nuclear Receptor-Ligand Complex 2,X-RAY DIFFRACTION,2.0,2005-09-27T00:00:00.000+00:00,2006-02-14T00:00:00.000+00:00,1,3
PPARD,Q03181,2BAW,Human Nuclear Receptor-Ligand Complex 1,X-RAY DIFFRACTION,2.3,2005-10-15T00:00:00.000+00:00,2006-01-24T00:00:00.000+00:00,1,2
PPARD,Q03181,2ENV,Solution structure of the C4-type zinc finger domain from human Peroxisome proliferator-activated receptor delta,SOLUTION NMR,,2007-03-28T00:00:00.000+00:00,2008-04-08T00:00:00.000+00:00,1,1
PPARD,Q03181,2GWX,MOLECULAR RECOGNITION OF FATTY ACIDS BY PEROXISOME PROLIFERATOR-ACTIVATED RECEPTORS,X-RAY DIFFRACTION,2.3,1999-03-11T00:00:00.000+00:00,2000-03-11T00:00:00.000+00:00,1,0
PPARD,Q03181,2J14,"3,4,5-Trisubstituted Isoxazoles as Novel PPARdelta Agonists: Part2",X-RAY DIFFRACTION,2.8,2006-08-08T00:00:00.000+00:00,2006-09-06T00:00:00.000+00:00,1,1
PPARD,Q03181,2Q5G,Ligand binding domain of PPAR delta receptor in complex with a partial agonist,X-RAY DIFFRACTION,2.7,2007-06-01T00:00:00.000+00:00,2008-06-03T00:00:00.000+00:00,1,1
PPARD,Q03181,2XYJ,Novel Sulfonylthiadiazoles with an Unusual Binding Mode as Partial Dual Peroxisome Proliferator-Activated Receptor (PPAR) gamma-delta Agonists with High Potency and In-vivo Efficacy,X-RAY DIFFRACTION,2.3,2010-11-18T00:00:00.000+00:00,2011-02-23T00:00:00.000+00:00,1,2
PPARD,Q03181,2XYW,Novel Sulfonylthiadiazoles with an Unusual Binding Mode as Partial Dual Peroxisome Proliferator-Activated Receptor (PPAR) gamma-delta Agonists with High Potency and In-vivo Efficacy,X-RAY DIFFRACTION,3.14,2010-11-19T00:00:00.000+00:00,2011-02-23T00:00:00.000+00:00,1,2
PPARD,Q03181,2XYX,Novel Sulfonylthiadiazoles with an Unusual Binding Mode as Partial Dual Peroxisome Proliferator-Activated Receptor (PPAR) gamma-delta Agonists with High Potency and In-vivo Efficacy,X-RAY DIFFRACTION,2.7,2010-11-19T00:00:00.000+00:00,2011-02-23T00:00:00.000+00:00,1,2
PPARD,Q03181,2ZNP,Human PPAR delta ligand binding domain in complex with a synthetic agonist TIPP204,X-RAY DIFFRACTION,3.0,2008-04-30T00:00:00.000+00:00,2009-05-05T00:00:00.000+00:00,1,2
PPARD,Q03181,2ZNQ,Human PPAR delta ligand binding domain in complex with a synthetic agonist TIPP401,X-RAY DIFFRACTION,2.65,2008-04-30T00:00:00.000+00:00,2009-05-05T00:00:00.000+00:00,1,2
PPARD,Q03181,3D5F,Crystal Structure of PPAR-delta complex,X-RAY DIFFRACTION,2.2,2008-05-16T00:00:00.000+00:00,2008-06-03T00:00:00.000+00:00,1,1
PPARD,Q03181,3DY6,PPARdelta complexed with an anthranilic acid partial agonist,X-RAY DIFFRACTION,2.9,2008-07-25T00:00:00.000+00:00,2008-10-07T00:00:00.000+00:00,1,2
PPARD,Q03181,3ET2,Structure of PPARdelta with 3-[5-Methoxy-1-(4-methoxy-benzenesulfonyl)-1H-indol-3-yl]-propionic acid,X-RAY DIFFRACTION,2.24,2008-10-06T00:00:00.000+00:00,2009-02-17T00:00:00.000+00:00,1,2
PPARD,Q03181,3GWX,MOLECULAR RECOGNITION OF FATTY ACIDS BY PEROXISOME PROLIFERATOR-ACTIVATED RECEPTORS,X-RAY DIFFRACTION,2.4,1999-04-26T00:00:00.000+00:00,2000-04-26T00:00:00.000+00:00,1,1
PPARD,Q03181,3GZ9,Crystal Structure of Peroxisome Proliferator-Activated Receptor Delta (PPARd) in Complex with a Full Agonist,X-RAY DIFFRACTION,2.0,2009-04-06T00:00:00.000+00:00,2009-06-30T00:00:00.000+00:00,1,2
PPARD,Q03181,3OZ0,PPAR Delta in complex with azppard02,X-RAY DIFFRACTION,3.0,2010-09-24T00:00:00.000+00:00,2011-01-19T00:00:00.000+00:00,1,1
PPARD,Q03181,3PEQ,PPARd complexed with a phenoxyacetic acid partial agonist,X-RAY DIFFRACTION,2.4,2010-10-27T00:00:00.000+00:00,2011-10-12T00:00:00.000+00:00,1,3
PPARD,Q03181,3SP9,Structural basis for iloprost as a dual PPARalpha/delta agonist,X-RAY DIFFRACTION,2.3,2011-07-01T00:00:00.000+00:00,2011-07-20T00:00:00.000+00:00,1,1
PPARD,Q03181,3TKM,Crystal structure PPAR delta binding GW0742,X-RAY DIFFRACTION,1.953,2011-08-27T00:00:00.000+00:00,2012-07-04T00:00:00.000+00:00,1,2
PPARD,Q03181,5U3Q,Human PPARdelta ligand-binding domain in complexed with specific agonist 1,X-RAY DIFFRACTION,1.5,2016-12-03T00:00:00.000+00:00,2017-03-22T00:00:00.000+00:00,1,6
PPARD,Q03181,5U3R,Human PPARdelta ligand-binding domain in complexed with specific agonist 2,X-RAY DIFFRACTION,1.95,2016-12-03T00:00:00.000+00:00,2017-03-22T00:00:00.000+00:00,1,4
PPARD,Q03181,5U3S,Human PPARdelta ligand-binding domain in complexed with specific agonist 3,X-RAY DIFFRACTION,2.0,2016-12-03T00:00:00.000+00:00,2017-03-22T00:00:00.000+00:00,1,5
PPARD,Q03181,5U3T,Human PPARdelta ligand-binding domain in complexed with specific agonist 4,X-RAY DIFFRACTION,1.7,2016-12-03T00:00:00.000+00:00,2017-03-22T00:00:00.000+00:00,1,5
PPARD,Q03181,5U3U,Human PPARdelta ligand-binding domain in complexed with specific agonist 5,X-RAY DIFFRACTION,2.1,2016-12-03T00:00:00.000+00:00,2017-03-22T00:00:00.000+00:00,1,4
PPARD,Q03181,5U3V,Human PPARdelta ligand-binding domain in complexed with specific agonist 6,X-RAY DIFFRACTION,1.84,2016-12-03T00:00:00.000+00:00,2017-03-22T00:00:00.000+00:00,1,4
PPARD,Q03181,5U3W,Human PPARdelta ligand-binding domain in complexed with specific agonist 7,X-RAY DIFFRACTION,1.8,2016-12-03T00:00:00.000+00:00,2017-03-22T00:00:00.000+00:00,1,4
PPARD,Q03181,5U3X,Human PPARdelta ligand-binding domain in complexed with specific agonist 8,X-RAY DIFFRACTION,2.1,2016-12-03T00:00:00.000+00:00,2017-03-22T00:00:00.000+00:00,1,4
PPARD,Q03181,5U3Y,Human PPARdelta ligand-binding domain in complexed with specific agonist 9,X-RAY DIFFRACTION,1.9,2016-12-03T00:00:00.000+00:00,2017-03-22T00:00:00.000+00:00,1,4
PPARD,Q03181,5U3Z,Human PPARdelta ligand-binding domain in complexed with specific agonist 10,X-RAY DIFFRACTION,1.72,2016-12-03T00:00:00.000+00:00,2017-03-22T00:00:00.000+00:00,1,4
PPARD,Q03181,5U40,Human PPARdelta ligand-binding domain in complexed with specific agonist 15,X-RAY DIFFRACTION,2.0,2016-12-03T00:00:00.000+00:00,2017-03-22T00:00:00.000+00:00,1,4
PPARD,Q03181,5U41,Human PPARdelta ligand-binding domain in complexed with specific agonist 16,X-RAY DIFFRACTION,1.9,2016-12-03T00:00:00.000+00:00,2017-03-22T00:00:00.000+00:00,1,5
PPARD,Q03181,5U42,Human PPARdelta ligand-binding domain in complexed with specific agonist 11,X-RAY DIFFRACTION,1.7,2016-12-03T00:00:00.000+00:00,2017-03-22T00:00:00.000+00:00,1,4
PPARD,Q03181,5U43,Human PPARdelta ligand-binding domain in complexed with specific agonist 12,X-RAY DIFFRACTION,1.9,2016-12-03T00:00:00.000+00:00,2017-03-22T00:00:00.000+00:00,1,4
PPARD,Q03181,5U44,Human PPARdelta ligand-binding domain in complexed with specific agonist 13,X-RAY DIFFRACTION,2.15,2016-12-03T00:00:00.000+00:00,2017-03-22T00:00:00.000+00:00,1,3
PPARD,Q03181,5U45,Human PPARdelta ligand-binding domain in complexed with specific agonist 14,X-RAY DIFFRACTION,1.95,2016-12-03T00:00:00.000+00:00,2017-03-22T00:00:00.000+00:00,1,4
PPARD,Q03181,5U46,Human PPARdelta ligand-binding domain in complexed with GW501516,X-RAY DIFFRACTION,2.0,2016-12-03T00:00:00.000+00:00,2017-03-22T00:00:00.000+00:00,1,4
PPARD,Q03181,5XMX,Co-crystal structure of Inhibitor compound in complex with human PPARdelta LBD,X-RAY DIFFRACTION,2.0,2017-05-16T00:00:00.000+00:00,2018-05-23T00:00:00.000+00:00,1,1
PPARD,Q03181,5Y7X,Human Peroxisome proliferator-activated receptor (PPAR) delta in complexed with a potent and selective agonist,X-RAY DIFFRACTION,1.699,2017-08-18T00:00:00.000+00:00,2018-08-01T00:00:00.000+00:00,1,5
PPARD,Q03181,5ZXI,Co-crystal structure of an Inhibitor in complex with human PPARdelta LBD,X-RAY DIFFRACTION,2.1,2018-05-21T00:00:00.000+00:00,2019-04-03T00:00:00.000+00:00,1,1
PPARD,Q03181,6A6P,Crystal Structure of Peroxisome Proliferator-Activated Receptor Delta (PPARd)LBD in Complex with DN003316,X-RAY DIFFRACTION,2.1,2018-06-29T00:00:00.000+00:00,2019-07-10T00:00:00.000+00:00,1,3
PPARD,Q03181,7F80,Co-crystal structure of Inhibitor compound MA-211 in complex with human PPARdelta LBD,X-RAY DIFFRACTION,2.8,2021-06-30T00:00:00.000+00:00,2022-07-06T00:00:00.000+00:00,1,1
PPARD,Q03181,7VWE,Human peroxisome proliferator-activated receptor (PPAR) delta ligand binding domain in complex with a synthetic partial agonist JK122,X-RAY DIFFRACTION,3.0,2021-11-10T00:00:00.000+00:00,2022-02-09T00:00:00.000+00:00,1,2
PPARD,Q03181,7VWF,Human peroxisome proliferator-activated receptor (PPAR) delta ligand binding domain in complex with a synthetic agonist TIPP204,X-RAY DIFFRACTION,1.9,2021-11-10T00:00:00.000+00:00,2022-02-09T00:00:00.000+00:00,1,2
PPARD,Q03181,7VWG,Human peroxisome proliferator-activated receptor (PPAR) delta ligand binding domain in complex with a synthetic alpha/delta dual agonist JKPL38,X-RAY DIFFRACTION,2.2,2021-11-10T00:00:00.000+00:00,2022-02-09T00:00:00.000+00:00,1,2
PPARD,Q03181,7VWH,human peroxisome proliferator-activated receptor (PPAR) delta ligand binding domain in complex with a synthetic agonist JKPL39,X-RAY DIFFRACTION,2.1,2021-11-10T00:00:00.000+00:00,2022-02-09T00:00:00.000+00:00,1,2
PPARD,Q03181,7W0G,Human PPAR delta ligand binding domain in complex with a synthetic agonist H11,X-RAY DIFFRACTION,2.443,2021-11-18T00:00:00.000+00:00,2022-02-02T00:00:00.000+00:00,1,1
PPARD,Q03181,7WGL,X-ray structure of human PPAR delta ligand binding domain-bezafibrate co-crystals obtained by co-crystallization,X-RAY DIFFRACTION,2.091,2021-12-28T00:00:00.000+00:00,2022-05-25T00:00:00.000+00:00,1,2
PPARD,Q03181,7WGN,X-ray structure of human PPAR delta ligand binding domain-pemafibrate co-crystals obtained by co-crystallization,X-RAY DIFFRACTION,1.813,2021-12-28T00:00:00.000+00:00,2022-05-25T00:00:00.000+00:00,1,2
PPARD,Q03181,8HF8,Human PPAR delta ligand binding domain in complex with a synthetic agonist V1,X-RAY DIFFRACTION,2.11,2022-11-09T00:00:00.000+00:00,2023-09-06T00:00:00.000+00:00,1,2
PPARD,Q03181,8HUL,X-ray structure of human PPAR delta ligand binding domain-lanifibranor co-crystals obtained by co-crystallization,X-RAY DIFFRACTION,2.461,2022-12-24T00:00:00.000+00:00,2023-08-09T00:00:00.000+00:00,1,1
PPARD,Q03181,8HUO,X-ray structure of human PPAR delta ligand binding domain-seladelpar co-crystals obtained by co-crystallization,X-RAY DIFFRACTION,2.671,2022-12-24T00:00:00.000+00:00,2023-08-09T00:00:00.000+00:00,1,1
PPARD,Q03181,8ZNN,X-ray structure of human PPAR delta ligand binding domain in complex with a synthetic agonist 16a,X-RAY DIFFRACTION,1.95,2024-05-27T00:00:00.000+00:00,2025-12-24T00:00:00.000+00:00,1,1
PPARG,P37231,1FM6,THE 2.1 ANGSTROM RESOLUTION CRYSTAL STRUCTURE OF THE HETERODIMER OF THE HUMAN RXRALPHA AND PPARGAMMA LIGAND BINDING DOMAINS RESPECTIVELY BOUND WITH 9-CIS RETINOIC ACID AND ROSIGLITAZONE AND CO-ACTIVATOR PEPTIDES.,X-RAY DIFFRACTION,2.1,2000-08-16T00:00:00.000+00:00,2001-02-16T00:00:00.000+00:00,3,2
PPARG,P37231,1FM9,THE 2.1 ANGSTROM RESOLUTION CRYSTAL STRUCTURE OF THE HETERODIMER OF THE HUMAN RXRALPHA AND PPARGAMMA LIGAND BINDING DOMAINS RESPECTIVELY BOUND WITH 9-CIS RETINOIC ACID AND GI262570 AND CO-ACTIVATOR PEPTIDES.,X-RAY DIFFRACTION,2.1,2000-08-16T00:00:00.000+00:00,2001-02-16T00:00:00.000+00:00,3,2
PPARG,P37231,1I7I,CRYSTAL STRUCTURE OF THE LIGAND BINDING DOMAIN OF HUMAN PPAR-GAMMA IN COMPLEX WITH THE AGONIST AZ 242,X-RAY DIFFRACTION,2.35,2001-03-09T00:00:00.000+00:00,2002-03-09T00:00:00.000+00:00,1,1
PPARG,P37231,1K74,The 2.3 Angstrom resolution crystal structure of the heterodimer of the human PPARgamma and RXRalpha ligand binding domains respectively bound with GW409544 and 9-cis retinoic acid and co-activator peptides.,X-RAY DIFFRACTION,2.3,2001-10-18T00:00:00.000+00:00,2001-12-05T00:00:00.000+00:00,3,2
PPARG,P37231,1KNU,LIGAND BINDING DOMAIN OF THE HUMAN PEROXISOME PROLIFERATOR ACTIVATED RECEPTOR GAMMA IN COMPLEX WITH A SYNTHETIC AGONIST,X-RAY DIFFRACTION,2.5,2001-12-19T00:00:00.000+00:00,2002-12-19T00:00:00.000+00:00,1,1
PPARG,P37231,1NYX,Ligand binding domain of the human peroxisome proliferator activated receptor gamma in complex with an agonist,X-RAY DIFFRACTION,2.65,2003-02-14T00:00:00.000+00:00,2003-07-15T00:00:00.000+00:00,1,1
PPARG,P37231,1PRG,LIGAND BINDING DOMAIN OF THE HUMAN PEROXISOME PROLIFERATOR ACTIVATED RECEPTOR GAMMA,X-RAY DIFFRACTION,2.2,1998-07-02T00:00:00.000+00:00,2001-01-13T00:00:00.000+00:00,1,0
PPARG,P37231,1RDT,Crystal Structure of a new rexinoid bound to the RXRalpha ligand binding doamin in the RXRalpha/PPARgamma heterodimer,X-RAY DIFFRACTION,2.4,2003-11-06T00:00:00.000+00:00,2004-11-09T00:00:00.000+00:00,4,2
PPARG,P37231,1WM0,PPARgamma in complex with a 2-BABA compound,X-RAY DIFFRACTION,2.9,2004-07-01T00:00:00.000+00:00,2004-09-07T00:00:00.000+00:00,2,1
PPARG,P37231,1ZEO,Crystal Structure of Human PPAR-gamma Ligand Binding Domain Complexed with an Alpha-Aryloxyphenylacetic Acid Agonist,X-RAY DIFFRACTION,2.5,2005-04-19T00:00:00.000+00:00,2006-04-25T00:00:00.000+00:00,1,1
PPARG,P37231,1ZGY,Structural and Biochemical Basis for Selective Repression of the Orphan Nuclear Receptor LRH-1 by SHP,X-RAY DIFFRACTION,1.8,2005-04-22T00:00:00.000+00:00,2005-07-26T00:00:00.000+00:00,2,1
PPARG,P37231,2ATH,Crystal structure of the ligand binding domain of human PPAR-gamma im complex with an agonist,X-RAY DIFFRACTION,2.28,2005-08-25T00:00:00.000+00:00,2006-08-25T00:00:00.000+00:00,1,1
PPARG,P37231,2F4B,Crystal structure of the ligand binding domain of human PPAR-gamma in complex with an agonist,X-RAY DIFFRACTION,2.07,2005-11-23T00:00:00.000+00:00,2006-02-14T00:00:00.000+00:00,1,1
PPARG,P37231,2FVJ,A novel anti-adipogenic partial agonist of peroxisome proliferator-activated receptor-gamma (PPARG) recruits pparg-coactivator-1 alpha (PGC1A) but potentiates insulin signaling in vitro,X-RAY DIFFRACTION,1.99,2006-01-31T00:00:00.000+00:00,2006-05-16T00:00:00.000+00:00,2,2
PPARG,P37231,2G0G,"Structure-based drug design of a novel family of PPAR partial agonists: virtual screening, x-ray crystallography and in vitro/in vivo biological activities",X-RAY DIFFRACTION,2.54,2006-02-13T00:00:00.000+00:00,2006-05-16T00:00:00.000+00:00,1,1
PPARG,P37231,2G0H,"Structure-based drug design of a novel family of PPAR partial agonists: virtual screening, x-ray crystallography and in vitro/in vivo biological activities",X-RAY DIFFRACTION,2.3,2006-02-13T00:00:00.000+00:00,2006-05-16T00:00:00.000+00:00,1,1
PPARG,P37231,2GTK,Structure-based Design of Indole Propionic Acids as Novel PPARag CO-Agonists,X-RAY DIFFRACTION,2.1,2006-04-28T00:00:00.000+00:00,2006-09-26T00:00:00.000+00:00,2,1
PPARG,P37231,2HFP,Crystal Structure of PPAR Gamma with N-sulfonyl-2-indole carboxamide ligands,X-RAY DIFFRACTION,2.0,2006-06-25T00:00:00.000+00:00,2006-09-19T00:00:00.000+00:00,2,1
PPARG,P37231,2HWQ,Structural basis for the structure-activity relationships of Peroxisome Proliferator-Activated Receptor agonists,X-RAY DIFFRACTION,1.97,2006-08-01T00:00:00.000+00:00,2007-08-07T00:00:00.000+00:00,1,1
PPARG,P37231,2HWR,Structural basis for the structure-activity relationships of Peroxisome Proliferator-Activated Receptor agonists,X-RAY DIFFRACTION,2.34,2006-08-01T00:00:00.000+00:00,2007-08-07T00:00:00.000+00:00,1,1
PPARG,P37231,2I4J,Crystal structure of the complex between PPARgamma and the agonist LT160 (ureidofibrate derivative),X-RAY DIFFRACTION,2.1,2006-08-22T00:00:00.000+00:00,2007-04-17T00:00:00.000+00:00,1,1
PPARG,P37231,2I4P,Crystal structure of the complex between PPARgamma and the partial agonist LT127 (ureidofibrate derivative). Structure obtained from crystals of the apo-form soaked for 30 days.,X-RAY DIFFRACTION,2.1,2006-08-22T00:00:00.000+00:00,2007-04-17T00:00:00.000+00:00,1,1
PPARG,P37231,2I4Z,Crystal structure of the complex between PPARgamma and the partial agonist LT127 (ureidofibrate derivative). This structure has been obtained from crystals soaked for 6 hours.,X-RAY DIFFRACTION,2.25,2006-08-23T00:00:00.000+00:00,2007-04-17T00:00:00.000+00:00,1,1
PPARG,P37231,2OM9,"Ajulemic acid, a synthetic cannabinoid bound to PPAR gamma",X-RAY DIFFRACTION,2.8,2007-01-21T00:00:00.000+00:00,2007-04-24T00:00:00.000+00:00,1,1
PPARG,P37231,2P4Y,Crystal structure of human PPAR-gamma-ligand binding domain complexed with an indole-based modulator,X-RAY DIFFRACTION,2.25,2007-03-13T00:00:00.000+00:00,2008-01-08T00:00:00.000+00:00,1,2
PPARG,P37231,2POB,PPARgamma Ligand binding domain complexed with a farglitazar analogue gw4709,X-RAY DIFFRACTION,2.3,2007-04-26T00:00:00.000+00:00,2008-03-18T00:00:00.000+00:00,1,2
PPARG,P37231,2PRG,LIGAND-BINDING DOMAIN OF THE HUMAN PEROXISOME PROLIFERATOR ACTIVATED RECEPTOR GAMMA,X-RAY DIFFRACTION,2.3,1998-08-14T00:00:00.000+00:00,1999-07-19T00:00:00.000+00:00,2,1
PPARG,P37231,2Q59,Crystal Structure of PPARgamma LBD bound to full agonist MRL20,X-RAY DIFFRACTION,2.2,2007-05-31T00:00:00.000+00:00,2007-10-23T00:00:00.000+00:00,2,1
PPARG,P37231,2Q5P,Crystal Structure of PPARgamma bound to partial agonist MRL24,X-RAY DIFFRACTION,2.3,2007-06-01T00:00:00.000+00:00,2007-10-23T00:00:00.000+00:00,1,1
PPARG,P37231,2Q5S,Crystal Structure of PPARgamma bound to partial agonist nTZDpa,X-RAY DIFFRACTION,2.05,2007-06-01T00:00:00.000+00:00,2007-10-23T00:00:00.000+00:00,1,1
PPARG,P37231,2Q61,Crystal Structure of PPARgamma ligand binding domain bound to partial agonist SR145,X-RAY DIFFRACTION,2.197,2007-06-04T00:00:00.000+00:00,2007-10-23T00:00:00.000+00:00,1,1
PPARG,P37231,2Q6R,Crystal structure of PPAR gamma complexed with partial agonist SF147,X-RAY DIFFRACTION,2.407,2007-06-01T00:00:00.000+00:00,2007-10-23T00:00:00.000+00:00,1,1
PPARG,P37231,2Q6S,2.4 angstrom crystal structure of PPAR gamma complexed to BVT.13 without co-activator peptides,X-RAY DIFFRACTION,2.4,2007-06-01T00:00:00.000+00:00,2007-10-23T00:00:00.000+00:00,1,1
PPARG,P37231,2Q8S,X-ray Crystal structure of the nuclear hormone receptor PPAR-gamma in a complex with a PPAR gamma/alpha dual agonist,X-RAY DIFFRACTION,2.3,2007-06-11T00:00:00.000+00:00,2008-10-14T00:00:00.000+00:00,1,1
PPARG,P37231,2QMV,High Resolution Structure of Peroxisone Proliferation-Activated Receptor gamma and Characterisation of its Interaction with the Co-activator Transcriptional Intermediary Factor 2,SOLUTION NMR,,2007-07-17T00:00:00.000+00:00,2008-09-02T00:00:00.000+00:00,1,0
PPARG,P37231,2VSR,hPPARgamma Ligand binding domain in complex with 9-(S)-HODE,X-RAY DIFFRACTION,2.05,2008-04-29T00:00:00.000+00:00,2008-08-19T00:00:00.000+00:00,1,1
PPARG,P37231,2VST,hPPARgamma Ligand binding domain in complex with 13-(S)-HODE,X-RAY DIFFRACTION,2.35,2008-04-29T00:00:00.000+00:00,2008-08-19T00:00:00.000+00:00,1,1
PPARG,P37231,2VV0,hPPARgamma Ligand binding domain in complex with DHA,X-RAY DIFFRACTION,2.55,2008-06-02T00:00:00.000+00:00,2008-08-19T00:00:00.000+00:00,1,1
PPARG,P37231,2VV1,hPPARgamma Ligand binding domain in complex with 4-HDHA,X-RAY DIFFRACTION,2.2,2008-06-02T00:00:00.000+00:00,2008-08-19T00:00:00.000+00:00,2,1
PPARG,P37231,2VV2,hPPARgamma Ligand binding domain in complex with 5-HEPA,X-RAY DIFFRACTION,2.75,2008-06-02T00:00:00.000+00:00,2008-08-19T00:00:00.000+00:00,1,1
PPARG,P37231,2VV3,hPPARgamma Ligand binding domain in complex with 4-oxoDHA,X-RAY DIFFRACTION,2.85,2008-06-02T00:00:00.000+00:00,2008-08-19T00:00:00.000+00:00,1,1
PPARG,P37231,2VV4,hPPARgamma Ligand binding domain in complex with 6-oxoOTE,X-RAY DIFFRACTION,2.35,2008-06-02T00:00:00.000+00:00,2008-08-19T00:00:00.000+00:00,2,2
PPARG,P37231,2XKW,LIGAND BINDING DOMAIN OF HUMAN PPAR-GAMMA IN COMPLEX WITH THE AGONIST PIOGLITAZONE,X-RAY DIFFRACTION,2.02,2010-07-14T00:00:00.000+00:00,2011-08-10T00:00:00.000+00:00,1,3
PPARG,P37231,2YFE,Ligand binding domain of human PPAR gamma in complex with amorfrutin 1,X-RAY DIFFRACTION,2.0,2011-04-05T00:00:00.000+00:00,2012-04-11T00:00:00.000+00:00,1,1
PPARG,P37231,2ZK0,Human peroxisome proliferator-activated receptor gamma ligand binding domain,X-RAY DIFFRACTION,2.36,2008-03-12T00:00:00.000+00:00,2009-02-24T00:00:00.000+00:00,1,0
PPARG,P37231,2ZK1,"Human peroxisome proliferator-activated receptor gamma ligand binding domain complexed with 15-deoxy-delta12,14-prostaglandin J2",X-RAY DIFFRACTION,2.61,2008-03-12T00:00:00.000+00:00,2009-02-24T00:00:00.000+00:00,1,1
PPARG,P37231,2ZK2,"Human peroxisome proliferator-activated receptor gamma ligand binding domain complexed with glutathion conjugated 15-deoxy-delta12,14-prostaglandin J2",X-RAY DIFFRACTION,2.26,2008-03-12T00:00:00.000+00:00,2009-02-24T00:00:00.000+00:00,1,2
PPARG,P37231,2ZK3,Human peroxisome proliferator-activated receptor gamma ligand binding domain complexed with 8-oxo-eicosatetraenoic acid,X-RAY DIFFRACTION,2.58,2008-03-12T00:00:00.000+00:00,2009-02-24T00:00:00.000+00:00,1,1
PPARG,P37231,2ZK4,Human peroxisome proliferator-activated receptor gamma ligand binding domain complexed with 15-oxo-eicosatetraenoic acid,X-RAY DIFFRACTION,2.57,2008-03-12T00:00:00.000+00:00,2009-02-24T00:00:00.000+00:00,1,1
PPARG,P37231,2ZK5,Human peroxisome proliferator-activated receptor gamma ligand binding domain complexed with nitro-233,X-RAY DIFFRACTION,2.45,2008-03-12T00:00:00.000+00:00,2009-02-24T00:00:00.000+00:00,1,1
PPARG,P37231,2ZK6,Human peroxisome proliferator-activated receptor gamma ligand binding domain complexed with C8-BODIPY,X-RAY DIFFRACTION,2.41,2008-03-12T00:00:00.000+00:00,2009-02-24T00:00:00.000+00:00,1,1
PPARG,P37231,2ZNO,Human PPAR gamma ligand binding domain in complex with a synthetic agonist TIPP703,X-RAY DIFFRACTION,2.4,2008-04-30T00:00:00.000+00:00,2009-05-05T00:00:00.000+00:00,1,1
PPARG,P37231,2ZVT,"Cys285Ser mutant PPARgamma ligand-binding domain complexed with 15-deoxy-delta12,14-prostaglandin J2",X-RAY DIFFRACTION,1.9,2008-11-19T00:00:00.000+00:00,2009-10-06T00:00:00.000+00:00,1,1
PPARG,P37231,3ADS,Human PPARgamma ligand-binding domain in complex with indomethacin,X-RAY DIFFRACTION,2.25,2010-01-29T00:00:00.000+00:00,2010-12-22T00:00:00.000+00:00,1,1
PPARG,P37231,3ADT,Human PPARgamma ligand-binding domain in complex with 5-hydroxy-indole acetate,X-RAY DIFFRACTION,2.7,2010-01-29T00:00:00.000+00:00,2010-12-22T00:00:00.000+00:00,1,1
PPARG,P37231,3ADU,Human PPARgamma ligand-binding domain in complex with 5-methoxy-indole acetate,X-RAY DIFFRACTION,2.77,2010-01-29T00:00:00.000+00:00,2010-12-22T00:00:00.000+00:00,1,1
PPARG,P37231,3ADV,Human PPARgamma ligand-binding domain in complex with serotonin,X-RAY DIFFRACTION,2.27,2010-01-29T00:00:00.000+00:00,2010-12-22T00:00:00.000+00:00,1,1
PPARG,P37231,3ADW,Human PPARgamma ligand-binding domain in complex with 5-methoxy-indole acetate and 15-oxo-eicosatetraenoic acid,X-RAY DIFFRACTION,2.07,2010-01-29T00:00:00.000+00:00,2010-12-22T00:00:00.000+00:00,1,2
PPARG,P37231,3ADX,Human PPARgamma ligand-binding domain in complex with indomethacin and nitro-233,X-RAY DIFFRACTION,1.95,2010-01-29T00:00:00.000+00:00,2010-12-22T00:00:00.000+00:00,1,2
PPARG,P37231,3AN3,Human PPAR gamma ligand binding domain in complex with a gamma selective agonist MO3S,X-RAY DIFFRACTION,2.3,2010-08-30T00:00:00.000+00:00,2011-07-27T00:00:00.000+00:00,1,1
PPARG,P37231,3AN4,Human PPAR gamma ligand binding domain in complex with a gamma selective agonist MO4R,X-RAY DIFFRACTION,2.3,2010-08-30T00:00:00.000+00:00,2011-07-27T00:00:00.000+00:00,1,1
PPARG,P37231,3B0Q,Human PPAR gamma ligand binding domain in complex with MCC555,X-RAY DIFFRACTION,2.1,2011-06-13T00:00:00.000+00:00,2011-08-10T00:00:00.000+00:00,1,1
PPARG,P37231,3B0R,Human PPAR gamma ligand binding dmain complexed with GW9662 in a covalent bonded form,X-RAY DIFFRACTION,2.15,2011-06-13T00:00:00.000+00:00,2011-08-10T00:00:00.000+00:00,1,1
PPARG,P37231,3B1M,Crystal structure of the PPARgamma-LBD complexed with a cercosporamide derivative modulator Cerco-A,X-RAY DIFFRACTION,1.6,2011-07-05T00:00:00.000+00:00,2011-08-24T00:00:00.000+00:00,2,1
PPARG,P37231,3B3K,Crystal structure of the complex between PPARgamma and the full agonist LT175,X-RAY DIFFRACTION,2.6,2007-10-22T00:00:00.000+00:00,2008-10-28T00:00:00.000+00:00,1,1
PPARG,P37231,3BC5,"X-ray crystal structure of human ppar gamma with 2-(5-(3-(2-(5-methyl-2-phenyloxazol-4-yl)ethoxy)benzyl)-2-phenyl-2h-1,2,3-triazol-4-yl)acetic acid",X-RAY DIFFRACTION,2.27,2007-11-12T00:00:00.000+00:00,2008-11-18T00:00:00.000+00:00,1,1
PPARG,P37231,3CDP,"Crystal structure of PPAR-gamma LBD complexed with a partial agonist, analogue of clofibric acid",X-RAY DIFFRACTION,2.8,2008-02-27T00:00:00.000+00:00,2009-01-13T00:00:00.000+00:00,1,1
PPARG,P37231,3CDS,Crystal structure of the complex between PPAR-gamma and the agonist LT248 (clofibric acid analogue),X-RAY DIFFRACTION,2.65,2008-02-27T00:00:00.000+00:00,2008-12-30T00:00:00.000+00:00,1,1
PPARG,P37231,3CS8,Structural and Biochemical Basis for the Binding Selectivity of PPARg to PGC-1a,X-RAY DIFFRACTION,2.3,2008-04-09T00:00:00.000+00:00,2008-06-03T00:00:00.000+00:00,2,2
PPARG,P37231,3CWD,Molecular recognition of nitro-fatty acids by PPAR gamma,X-RAY DIFFRACTION,2.4,2008-04-21T00:00:00.000+00:00,2008-07-08T00:00:00.000+00:00,2,2
PPARG,P37231,3D6D,Crystal Structure of the complex between PPARgamma LBD and the LT175(R-enantiomer),X-RAY DIFFRACTION,2.4,2008-05-19T00:00:00.000+00:00,2008-12-30T00:00:00.000+00:00,1,1
PPARG,P37231,3DZU,"Intact PPAR gamma - RXR alpha Nuclear Receptor Complex on DNA bound with BVT.13, 9-cis Retinoic Acid and NCOA2 Peptide",X-RAY DIFFRACTION,3.2,2008-07-30T00:00:00.000+00:00,2008-10-28T00:00:00.000+00:00,5,3
PPARG,P37231,3DZY,"Intact PPAR gamma - RXR alpha Nuclear Receptor Complex on DNA bound with Rosiglitazone, 9-cis Retinoic Acid and NCOA2 Peptide",X-RAY DIFFRACTION,3.1,2008-07-30T00:00:00.000+00:00,2008-10-28T00:00:00.000+00:00,5,3
PPARG,P37231,3E00,"Intact PPAR gamma - RXR alpha Nuclear Receptor Complex on DNA bound with GW9662, 9-cis Retinoic Acid and NCOA2 Peptide",X-RAY DIFFRACTION,3.1,2008-07-30T00:00:00.000+00:00,2008-10-28T00:00:00.000+00:00,5,3
PPARG,P37231,3ET0,Structure of PPARgamma with 3-(5-Methoxy-1H-indol-3-yl)-propionic acid,X-RAY DIFFRACTION,2.4,2008-10-06T00:00:00.000+00:00,2009-02-17T00:00:00.000+00:00,1,2
PPARG,P37231,3ET3,Structure of PPARgamma with 3-[5-Methoxy-1-(4-methoxy-benzenesulfonyl)-1H-indol-3-yl]-propionic acid,X-RAY DIFFRACTION,1.95,2008-10-06T00:00:00.000+00:00,2009-02-17T00:00:00.000+00:00,2,1
PPARG,P37231,3FEJ,"Design and biological evaluation of novel, balanced dual PPARa/g agonists",X-RAY DIFFRACTION,2.01,2008-11-30T00:00:00.000+00:00,2009-10-20T00:00:00.000+00:00,2,1
PPARG,P37231,3FUR,Crystal Structure of PPARg in complex with INT131,X-RAY DIFFRACTION,2.3,2009-01-14T00:00:00.000+00:00,2009-06-09T00:00:00.000+00:00,2,2
PPARG,P37231,3G9E,"Aleglitaar. a new. potent, and balanced dual ppara/g agonist for the treatment of type II diabetes",X-RAY DIFFRACTION,2.3,2009-02-13T00:00:00.000+00:00,2009-06-02T00:00:00.000+00:00,2,1
PPARG,P37231,3GBK,Crystal Structure of Human PPAR-gamma Ligand Binding Domain Complexed with a Potent and Selective Agonist,X-RAY DIFFRACTION,2.3,2009-02-19T00:00:00.000+00:00,2009-12-29T00:00:00.000+00:00,1,1
PPARG,P37231,3H0A,"Crystal Structure of Peroxisome Proliferator-Activated Receptor Gamma (PPARg) and Retinoic Acid Receptor Alpha (RXRa) in Complex with 9-cis Retinoic Acid, Co-activator Peptide, and a Partial Agonist",X-RAY DIFFRACTION,2.1,2009-04-08T00:00:00.000+00:00,2009-06-09T00:00:00.000+00:00,3,2
PPARG,P37231,3HO0,Crystal structure of the PPARgamma-LBD complexed with a new aryloxy-3phenylpropanoic acid,X-RAY DIFFRACTION,2.6,2009-06-01T00:00:00.000+00:00,2009-10-27T00:00:00.000+00:00,1,1
PPARG,P37231,3HOD,Crystal structure of the PPARgamma-LBD complexed with a new aryloxy-3phenylpropanoic acid,X-RAY DIFFRACTION,2.1,2009-06-02T00:00:00.000+00:00,2009-10-27T00:00:00.000+00:00,1,1
PPARG,P37231,3IA6,X-ray Crystal structure of the nuclear hormone receptor PPAR-gamma in a complex with a PPAR gamma/alpha dual agonist,X-RAY DIFFRACTION,2.31,2009-07-13T00:00:00.000+00:00,2009-10-13T00:00:00.000+00:00,1,1
PPARG,P37231,3K8S,Crystal Structure of PPARg in complex with T2384,X-RAY DIFFRACTION,2.55,2009-10-14T00:00:00.000+00:00,2009-11-03T00:00:00.000+00:00,1,1
PPARG,P37231,3KMG,"The X-ray Crystal Structure of PPAR-gamma in Complex with an Indole Derivative Modulator, GSK538, and an SRC-1 Peptide",X-RAY DIFFRACTION,2.1,2009-11-10T00:00:00.000+00:00,2010-01-12T00:00:00.000+00:00,2,1
PPARG,P37231,3LMP,Crystal structure of the PPARgamma-LBD complexed with a cercosporamide derivative modulator,X-RAY DIFFRACTION,1.9,2010-01-31T00:00:00.000+00:00,2010-04-14T00:00:00.000+00:00,2,1
PPARG,P37231,3NOA,Crystal structure of human PPAR-gamma ligand binding domain complex with a potency improved agonist,X-RAY DIFFRACTION,1.98,2010-06-25T00:00:00.000+00:00,2011-06-29T00:00:00.000+00:00,1,1
PPARG,P37231,3OSI,Crystal structure of PPARgamma ligand binding domain in complex with tetrachloro-bisphenol A (TCBPA),X-RAY DIFFRACTION,2.7,2010-09-09T00:00:00.000+00:00,2011-05-25T00:00:00.000+00:00,1,2
PPARG,P37231,3OSW,Crystal structure of PPARgamma ligand binding domain in complex with tetrabromo-bisphenol A (TBBPA),X-RAY DIFFRACTION,2.55,2010-09-10T00:00:00.000+00:00,2011-05-25T00:00:00.000+00:00,1,2
PPARG,P37231,3PBA,Crystal structure of PPARgamma ligand binding domain in complex with monosulfate tetrabromo-bisphenol A (MonoTBBPA),X-RAY DIFFRACTION,2.3,2010-10-20T00:00:00.000+00:00,2011-06-08T00:00:00.000+00:00,1,2
PPARG,P37231,3PO9,Crystal structure of PPARgamma ligand binding domain in complex with tripropyltin,X-RAY DIFFRACTION,2.35,2010-11-22T00:00:00.000+00:00,2011-11-23T00:00:00.000+00:00,1,2
PPARG,P37231,3PRG,LIGAND BINDING DOMAIN OF HUMAN PEROXISOME PROLIFERATOR ACTIVATED RECEPTOR,X-RAY DIFFRACTION,2.9,1998-08-24T00:00:00.000+00:00,1999-08-30T00:00:00.000+00:00,1,0
PPARG,P37231,3QT0,Revealing a steroid receptor ligand as a unique PPARgamma agonist,X-RAY DIFFRACTION,2.496,2011-02-22T00:00:00.000+00:00,2012-02-29T00:00:00.000+00:00,2,1
PPARG,P37231,3R5N,Crystal structure of PPARgammaLBD complexed with the agonist magnolol,X-RAY DIFFRACTION,2.0,2011-03-18T00:00:00.000+00:00,2012-02-08T00:00:00.000+00:00,1,1
PPARG,P37231,3R8A,X-ray crystal structure of the nuclear hormone receptor PPAR-gamma in a complex with a compound with dual PPAR gamma agonism and Angiotensin II Type I receptor antagonism activity,X-RAY DIFFRACTION,2.41,2011-03-23T00:00:00.000+00:00,2012-03-14T00:00:00.000+00:00,1,1
PPARG,P37231,3R8I,Crystal Structure of PPARgamma with an achiral ureidofibrate derivative (RT86),X-RAY DIFFRACTION,2.3,2011-03-24T00:00:00.000+00:00,2012-01-11T00:00:00.000+00:00,1,1
PPARG,P37231,3S9S,Ligand binding domain of PPARgamma complexed with a benzimidazole partial agonist,X-RAY DIFFRACTION,2.55,2011-06-02T00:00:00.000+00:00,2012-06-06T00:00:00.000+00:00,2,1
PPARG,P37231,3SZ1,Human PPAR gamma ligand binding domain in complex with luteolin and myristic acid,X-RAY DIFFRACTION,2.3,2011-07-18T00:00:00.000+00:00,2012-03-21T00:00:00.000+00:00,1,3
PPARG,P37231,3T03,Crystal structure of PPAR gamma ligand binding domain in complex with a novel partial agonist GQ-16,X-RAY DIFFRACTION,2.1,2011-07-19T00:00:00.000+00:00,2012-05-23T00:00:00.000+00:00,2,1
PPARG,P37231,3TY0,"Structure of PPARgamma ligand binding domain in complex with (R)-5-(3-((3-(6-methoxybenzo[d]isoxazol-3-yl)-2-oxo-2,3-dihydro-1H-benzo[d]imidazol-1-yl)methyl)phenyl)-5-methyloxazolidine-2,4-dione",X-RAY DIFFRACTION,2.0,2011-09-23T00:00:00.000+00:00,2011-11-23T00:00:00.000+00:00,1,1
PPARG,P37231,3U9Q,Ligand binding domain of PPARgamma complexed with Decanoic Acid and PGC-1a peptide,X-RAY DIFFRACTION,1.522,2011-10-19T00:00:00.000+00:00,2011-11-09T00:00:00.000+00:00,2,1
PPARG,P37231,3V9T,Crystal structure of the PPARgamma-LBD complexed with a cercosporamide derivative modulator,X-RAY DIFFRACTION,1.65,2011-12-28T00:00:00.000+00:00,2012-02-01T00:00:00.000+00:00,2,1
PPARG,P37231,3V9V,Crystal structure of the PPARgamma-LBD complexed with a cercosporamide derivative modulator,X-RAY DIFFRACTION,1.6,2011-12-28T00:00:00.000+00:00,2012-02-01T00:00:00.000+00:00,2,1
PPARG,P37231,3V9Y,Crystal structure of the PPARgamma-LBD complexed with a cercosporamide derivative modulator,X-RAY DIFFRACTION,2.1,2011-12-28T00:00:00.000+00:00,2012-02-01T00:00:00.000+00:00,2,1
PPARG,P37231,3VJH,Human PPAR GAMMA ligand binding domain in complex with JKPL35,X-RAY DIFFRACTION,2.22,2011-10-20T00:00:00.000+00:00,2012-08-29T00:00:00.000+00:00,1,1
PPARG,P37231,3VJI,Human PPAR gamma ligand binding domain in complex with JKPL53,X-RAY DIFFRACTION,2.61,2011-10-20T00:00:00.000+00:00,2012-08-29T00:00:00.000+00:00,1,1
PPARG,P37231,3VN2,Crystal Structure of PPARgamma complexed with Telmisartan,X-RAY DIFFRACTION,2.18,2011-12-21T00:00:00.000+00:00,2012-03-07T00:00:00.000+00:00,2,1
PPARG,P37231,3VSO,Human PPAR gamma ligand binding domain in complex with a gamma selective agonist mekt21,X-RAY DIFFRACTION,2.0,2012-04-30T00:00:00.000+00:00,2013-05-01T00:00:00.000+00:00,1,1
PPARG,P37231,3VSP,Human PPAR gamma ligand binding domain in complex with a gamma selective agonist mekt28,X-RAY DIFFRACTION,2.4,2012-04-30T00:00:00.000+00:00,2013-05-01T00:00:00.000+00:00,1,1
PPARG,P37231,3WJ4,Crystal structure of PPARgamma ligand binding domain in complex with tributyltin,X-RAY DIFFRACTION,1.95,2013-10-04T00:00:00.000+00:00,2014-10-15T00:00:00.000+00:00,1,1
PPARG,P37231,3WJ5,Crystal structure of PPARgamma ligand binding domain in complex with triphenyltin,X-RAY DIFFRACTION,1.89,2013-10-04T00:00:00.000+00:00,2014-10-15T00:00:00.000+00:00,1,1
PPARG,P37231,3WMH,Human PPAR gamma ligand binding domain in complex with a gammma selective synthetic partial agonist MEKT75,X-RAY DIFFRACTION,2.1,2013-11-19T00:00:00.000+00:00,2014-11-19T00:00:00.000+00:00,1,1
PPARG,P37231,3X1H,hPPARgamma Ligand binding domain in complex with 5-oxo-tricosahexaenoic acid,X-RAY DIFFRACTION,2.3,2014-11-18T00:00:00.000+00:00,2015-04-08T00:00:00.000+00:00,1,1
PPARG,P37231,3X1I,hPPARgamma Ligand binding domain in complex with 6-oxo-tetracosahexaenoic acid,X-RAY DIFFRACTION,2.4,2014-11-18T00:00:00.000+00:00,2015-04-08T00:00:00.000+00:00,1,1
PPARG,P37231,4A4V,Ligand binding domain of human PPAR gamma in complex with amorfrutin 2,X-RAY DIFFRACTION,2.0,2011-10-20T00:00:00.000+00:00,2012-10-03T00:00:00.000+00:00,1,1
PPARG,P37231,4A4W,Ligand binding domain of human PPAR gamma in complex with amorfrutin B,X-RAY DIFFRACTION,2.0,2011-10-20T00:00:00.000+00:00,2012-10-03T00:00:00.000+00:00,1,1
PPARG,P37231,4CI5,Structural basis for GL479 a dual Peroxisome Proliferator-Activated Receptor gamma agonist,X-RAY DIFFRACTION,1.77,2013-12-05T00:00:00.000+00:00,2014-12-24T00:00:00.000+00:00,1,1
PPARG,P37231,4E4K,Crystal Structure of PPARgamma with the ligand JO21,X-RAY DIFFRACTION,2.5,2012-03-13T00:00:00.000+00:00,2013-01-23T00:00:00.000+00:00,1,1
PPARG,P37231,4E4Q,Crystal structure of PPARgamma with the ligand FS214,X-RAY DIFFRACTION,2.5,2012-03-13T00:00:00.000+00:00,2013-01-23T00:00:00.000+00:00,1,1
PPARG,P37231,4EM9,Human PPAR gamma in complex with nonanoic acids,X-RAY DIFFRACTION,2.1,2012-04-11T00:00:00.000+00:00,2013-03-06T00:00:00.000+00:00,1,3
PPARG,P37231,4EMA,Human peroxisome proliferator-activated receptor gamma in complex with rosiglitazone,X-RAY DIFFRACTION,2.545,2012-04-11T00:00:00.000+00:00,2013-03-06T00:00:00.000+00:00,1,1
PPARG,P37231,4F9M,Crystal structure of the PPARgamma-LBD complexed with a cercosporamide derivative modulator,X-RAY DIFFRACTION,1.9,2012-05-19T00:00:00.000+00:00,2012-08-08T00:00:00.000+00:00,2,1
PPARG,P37231,4FGY,Identification of a unique PPAR ligand with an unexpected binding mode and antibetic activity,X-RAY DIFFRACTION,2.84,2012-06-05T00:00:00.000+00:00,2013-03-20T00:00:00.000+00:00,2,1
PPARG,P37231,4HEE,Crystal structure of PPARgamma in complex with compound 13,X-RAY DIFFRACTION,2.5,2012-10-03T00:00:00.000+00:00,2013-08-21T00:00:00.000+00:00,2,1
PPARG,P37231,4JAZ,Crystal structure of the complex between PPARgamma LBD and trans-resveratrol,X-RAY DIFFRACTION,2.85,2013-02-19T00:00:00.000+00:00,2014-02-12T00:00:00.000+00:00,1,1
PPARG,P37231,4JL4,Crystal structure of the complex between PPARgamma LBD and the ligand LJ570 [(2S)-3-(biphenyl-4-yl)-2-(biphenyl-4-yloxy)propanoic acid],X-RAY DIFFRACTION,2.5,2013-03-12T00:00:00.000+00:00,2014-03-12T00:00:00.000+00:00,1,1
PPARG,P37231,4L96,Structure of the complex between the F360L PPARgamma mutant and the ligand LT175 (space group I222),X-RAY DIFFRACTION,2.38,2013-06-18T00:00:00.000+00:00,2014-06-25T00:00:00.000+00:00,1,1
PPARG,P37231,4L98,Crystal structure of the complex of F360L PPARgamma mutant with the ligand LT175,X-RAY DIFFRACTION,2.28,2013-06-18T00:00:00.000+00:00,2014-06-25T00:00:00.000+00:00,1,1
PPARG,P37231,4O8F,Crystal Structure of the complex between PPARgamma mutant R357A and rosiglitazone,X-RAY DIFFRACTION,2.6,2013-12-27T00:00:00.000+00:00,2014-07-23T00:00:00.000+00:00,1,1
PPARG,P37231,4OJ4,Crystal structure of V290M PPARgamma mutant in complex with diclofenac,X-RAY DIFFRACTION,2.3,2014-01-20T00:00:00.000+00:00,2015-02-04T00:00:00.000+00:00,1,2
PPARG,P37231,4PRG,0072 PARTIAL AGONIST PPAR GAMMA COCRYSTAL,X-RAY DIFFRACTION,2.9,1999-05-07T00:00:00.000+00:00,1999-05-27T00:00:00.000+00:00,1,1
PPARG,P37231,4PVU,Crystal structure of the complex between PPARgamma-LBD and the R enantiomer of Mbx-102 (Metaglidasen),X-RAY DIFFRACTION,2.6,2014-03-18T00:00:00.000+00:00,2015-02-11T00:00:00.000+00:00,1,1
PPARG,P37231,4PWL,Crystal structure of the complex between PPARgamma-LBD and the S enantiomer of Mbx-102 (Metaglidasen),X-RAY DIFFRACTION,2.6,2014-03-20T00:00:00.000+00:00,2015-02-11T00:00:00.000+00:00,1,1
PPARG,P37231,4R06,Crystal Structure of SR2067 bound to PPARgamma,X-RAY DIFFRACTION,2.22,2014-07-30T00:00:00.000+00:00,2016-01-27T00:00:00.000+00:00,1,2
PPARG,P37231,4R2U,Crystal Structure of PPARgamma in complex with SR1664,X-RAY DIFFRACTION,2.3,2014-08-13T00:00:00.000+00:00,2015-07-01T00:00:00.000+00:00,1,1
PPARG,P37231,4R6S,Crystal structure of PPARgammma in complex with SR1663,X-RAY DIFFRACTION,2.301,2014-08-26T00:00:00.000+00:00,2015-07-01T00:00:00.000+00:00,1,1
PPARG,P37231,4XLD,Crystal structure of the human PPARg-LBD/rosiglitazone complex obtained by dry co-crystallization and in situ diffraction,X-RAY DIFFRACTION,2.45,2015-01-13T00:00:00.000+00:00,2015-08-12T00:00:00.000+00:00,1,2
PPARG,P37231,4XTA,MECHANISMS OF PPARgamma ACTIVATION BY NON-STEROIDAL ANTI-INFLAMMATORY DRUGS,X-RAY DIFFRACTION,2.5,2015-01-23T00:00:00.000+00:00,2015-11-11T00:00:00.000+00:00,1,1
PPARG,P37231,4XUH,PPARgamma ligand binding domain in complex with sulindac sulfide,X-RAY DIFFRACTION,2.22,2015-01-25T00:00:00.000+00:00,2016-07-27T00:00:00.000+00:00,1,1
PPARG,P37231,4XUM,PPARgamma ligand binding domain in complex with indomethacin,X-RAY DIFFRACTION,2.4,2015-01-26T00:00:00.000+00:00,2015-11-04T00:00:00.000+00:00,1,1
PPARG,P37231,4Y29,Identification of a novel PPARg ligand that regulates metabolism,X-RAY DIFFRACTION,1.98,2015-02-09T00:00:00.000+00:00,2015-09-09T00:00:00.000+00:00,2,1
PPARG,P37231,4YT1,Human PPAR Gamma Ligand Binding Domain in complex with a Gammma Selective Synthetic Partial Agonist MEKT76,X-RAY DIFFRACTION,2.2,2015-03-17T00:00:00.000+00:00,2016-03-02T00:00:00.000+00:00,1,1
PPARG,P37231,5AZV,Crystal structure of hPPARgamma ligand binding domain complexed with 17-oxoDHA,X-RAY DIFFRACTION,2.7,2015-10-23T00:00:00.000+00:00,2016-07-06T00:00:00.000+00:00,1,1
PPARG,P37231,5DSH,Human PPARgamma ligand binding dmain complexed with SB1406 in a covalent bonded form,X-RAY DIFFRACTION,2.95,2015-09-17T00:00:00.000+00:00,2016-09-21T00:00:00.000+00:00,2,1
PPARG,P37231,5DV3,Human PPARgamma ligand binding dmain complexed with SB1405 in a covalent bonded form,X-RAY DIFFRACTION,2.75,2015-09-21T00:00:00.000+00:00,2016-09-21T00:00:00.000+00:00,2,1
PPARG,P37231,5DV6,Human PPARgamma ligand binding dmain complexed with SB1404 in a covalent bonded form,X-RAY DIFFRACTION,2.8,2015-09-21T00:00:00.000+00:00,2016-09-21T00:00:00.000+00:00,2,1
PPARG,P37231,5DV8,Human PPARgamma ligand binding dmain complexed with SB1451 in a covalent bonded form,X-RAY DIFFRACTION,2.75,2015-09-21T00:00:00.000+00:00,2016-09-21T00:00:00.000+00:00,2,1
PPARG,P37231,5DVC,Human PPARgamma ligand binding dmain complexed with SB1453 in a covalent bonded form,X-RAY DIFFRACTION,2.3,2015-09-21T00:00:00.000+00:00,2016-09-21T00:00:00.000+00:00,2,1
PPARG,P37231,5DWL,Human PPARgamma ligand binding dmain in complex with SR1664,X-RAY DIFFRACTION,2.2,2015-09-22T00:00:00.000+00:00,2016-09-21T00:00:00.000+00:00,2,1
PPARG,P37231,5F9B,X-ray crystal structure of PPARgamma in the complex with caulophyllogenin,X-RAY DIFFRACTION,2.25,2015-12-09T00:00:00.000+00:00,2016-06-29T00:00:00.000+00:00,1,1
PPARG,P37231,5GTN,Human PPARgamma ligand binding dmain complexed with R35,X-RAY DIFFRACTION,1.85,2016-08-22T00:00:00.000+00:00,2017-07-05T00:00:00.000+00:00,2,1
PPARG,P37231,5GTO,Human PPARgamma ligand binding dmain complexed with S35,X-RAY DIFFRACTION,2.1,2016-08-22T00:00:00.000+00:00,2017-07-05T00:00:00.000+00:00,2,3
PPARG,P37231,5GTP,The agonist-free structure of human PPARgamma ligand binding domain in the presence of the SRC-1 coactivator peptide,X-RAY DIFFRACTION,2.35,2016-08-23T00:00:00.000+00:00,2017-07-05T00:00:00.000+00:00,2,2
PPARG,P37231,5HZC,Crystal structure of the complex PPARgamma/AL26-29,X-RAY DIFFRACTION,2.0,2016-02-02T00:00:00.000+00:00,2016-11-23T00:00:00.000+00:00,1,1
PPARG,P37231,5JI0,"PPARgamma-RXRalpha(S427F) heterodimer in complex with SRC-1, rosiglitazone, and 9-cis-retanoic acid",X-RAY DIFFRACTION,1.98,2016-04-21T00:00:00.000+00:00,2017-04-26T00:00:00.000+00:00,3,2
PPARG,P37231,5LSG,PPARgamma complex with the betulinic acid,X-RAY DIFFRACTION,2.0,2016-08-26T00:00:00.000+00:00,2017-08-09T00:00:00.000+00:00,1,1
PPARG,P37231,5TTO,X-ray crystal structure of PPARgamma in complex with SR1643,X-RAY DIFFRACTION,2.246,2016-11-04T00:00:00.000+00:00,2017-05-24T00:00:00.000+00:00,1,1
PPARG,P37231,5TWO,Peroxisome proliferator-activated receptor gamma ligand binding domain in complex with a novel selectively PPAR gamma-modulating ligand VSP-51,X-RAY DIFFRACTION,1.927,2016-11-14T00:00:00.000+00:00,2017-02-08T00:00:00.000+00:00,2,1
PPARG,P37231,5U5L,X-ray Crystal Structure of the PPARgamma Ligand Binding Domain in Complex with Rivoglitazone,X-RAY DIFFRACTION,2.55,2016-12-06T00:00:00.000+00:00,2017-08-23T00:00:00.000+00:00,1,1
PPARG,P37231,5UGM,Crystal Structure of Human PPARgamma Ligand Binding Domain in Complex with Edaglitazone,X-RAY DIFFRACTION,2.1,2017-01-09T00:00:00.000+00:00,2018-01-17T00:00:00.000+00:00,1,2
PPARG,P37231,5WQX,Covalent bond formation of synthetic ligand with hPPARg-LBD,X-RAY DIFFRACTION,2.29,2016-11-29T00:00:00.000+00:00,2017-11-22T00:00:00.000+00:00,1,1
PPARG,P37231,5WR0,Huisgen cycloaddition for PPARg-LBD labeling by soaking method,X-RAY DIFFRACTION,2.85,2016-11-29T00:00:00.000+00:00,2017-11-22T00:00:00.000+00:00,1,1
PPARG,P37231,5WR1,Covalent bond formation of bifunctional ligand with hPPARg-LBD,X-RAY DIFFRACTION,2.34,2016-11-29T00:00:00.000+00:00,2017-11-22T00:00:00.000+00:00,1,1
PPARG,P37231,5Y2O,Structure of PPARgamma ligand binding domain-pioglitazone complex,X-RAY DIFFRACTION,1.801,2017-07-26T00:00:00.000+00:00,2017-12-20T00:00:00.000+00:00,1,1
PPARG,P37231,5Y2T,Structure of PPARgamma ligand binding domain - lobeglitazone complex,X-RAY DIFFRACTION,1.7,2017-07-27T00:00:00.000+00:00,2017-12-20T00:00:00.000+00:00,1,1
PPARG,P37231,5YCN,Human PPARgamma ligand binding domain complexed with Lobeglitazone,X-RAY DIFFRACTION,2.15,2017-09-07T00:00:00.000+00:00,2018-09-12T00:00:00.000+00:00,2,1
PPARG,P37231,5YCP,Human PPARgamma ligand binding domain complexed with Rosiglitazone,X-RAY DIFFRACTION,2.0,2017-09-07T00:00:00.000+00:00,2018-09-12T00:00:00.000+00:00,2,1
PPARG,P37231,5Z5S,Crystal structure of the PPARgamma-LBD complexed with compound 13ab,X-RAY DIFFRACTION,1.8,2018-01-19T00:00:00.000+00:00,2018-10-17T00:00:00.000+00:00,2,2
PPARG,P37231,5Z6S,Crystal structure of the PPARgamma-LBD complexed with compound DS-6930,X-RAY DIFFRACTION,1.8,2018-01-25T00:00:00.000+00:00,2018-10-17T00:00:00.000+00:00,2,2
PPARG,P37231,6AD9,Crystal Structure of PPARgamma Ligand Binding Domain in complex with dibenzooxepine derivative compound-9,X-RAY DIFFRACTION,2.2,2018-07-31T00:00:00.000+00:00,2018-11-14T00:00:00.000+00:00,2,1
PPARG,P37231,6AN1,Crystal structure of the complex between PPARgamma LBD and the ligand AM-879,X-RAY DIFFRACTION,2.687,2017-08-11T00:00:00.000+00:00,2018-02-14T00:00:00.000+00:00,1,1
PPARG,P37231,6AUG,Crystal Structure of Human PPARgamma Ligand Binding Domain in Complex with SR16832,X-RAY DIFFRACTION,2.73,2017-08-31T00:00:00.000+00:00,2018-09-12T00:00:00.000+00:00,1,2
PPARG,P37231,6AVI,Crystal Structure of Human PPARgamma Ligand Binding Domain in Complex with GW9662 and Nonanoic acid,X-RAY DIFFRACTION,2.29,2017-09-02T00:00:00.000+00:00,2018-09-12T00:00:00.000+00:00,1,2
PPARG,P37231,6C1I,Crystal Structure of Human PPARgamma Ligand Binding Domain in Complex with T0070907,X-RAY DIFFRACTION,2.26,2018-01-04T00:00:00.000+00:00,2018-12-12T00:00:00.000+00:00,1,2
PPARG,P37231,6C5Q,PPARg LBD bound to SR10171,X-RAY DIFFRACTION,2.404,2018-01-16T00:00:00.000+00:00,2018-08-01T00:00:00.000+00:00,1,1
PPARG,P37231,6C5T,PPARg LBD bound to SR11023,X-RAY DIFFRACTION,2.75,2018-01-16T00:00:00.000+00:00,2018-08-01T00:00:00.000+00:00,1,1
PPARG,P37231,6D3E,PPARg LBD in Complex with SR1988,X-RAY DIFFRACTION,2.395,2018-04-15T00:00:00.000+00:00,2019-02-27T00:00:00.000+00:00,1,1
PPARG,P37231,6D8X,PPAR gamma LBD complexed with the agonist GW1929,X-RAY DIFFRACTION,1.9,2018-04-27T00:00:00.000+00:00,2019-05-01T00:00:00.000+00:00,1,4
PPARG,P37231,6D94,Crystal structure of PPAR gamma in complex with Mediator of RNA polymerase II transcription subunit 1,X-RAY DIFFRACTION,1.9,2018-04-27T00:00:00.000+00:00,2019-05-01T00:00:00.000+00:00,2,1
PPARG,P37231,6DBH,Crystal structure of PPAR gamma in complex with NMP422,X-RAY DIFFRACTION,2.597,2018-05-03T00:00:00.000+00:00,2019-05-08T00:00:00.000+00:00,1,2
PPARG,P37231,6DCU,Crystal structure of PPAR gamma co-crystallized with nTZDpa,X-RAY DIFFRACTION,2.95,2018-05-08T00:00:00.000+00:00,2019-05-15T00:00:00.000+00:00,1,1
PPARG,P37231,6DGL,Crystal Structure of Human PPARgamma Ligand Binding Domain in Complex with Darglitazone,X-RAY DIFFRACTION,1.95,2018-05-17T00:00:00.000+00:00,2019-05-22T00:00:00.000+00:00,1,1
PPARG,P37231,6DGO,Crystal Structure of Human PPARgamma Ligand Binding Domain in Complex with Troglitazone,X-RAY DIFFRACTION,3.1,2018-05-17T00:00:00.000+00:00,2019-05-22T00:00:00.000+00:00,1,1
PPARG,P37231,6DGP,Crystal Structure of Human PPARgamma Ligand Binding Domain in Complex with TRAP220 Coactivator Peptide,X-RAY DIFFRACTION,3.1,2018-05-17T00:00:00.000+00:00,2019-05-22T00:00:00.000+00:00,2,0
PPARG,P37231,6DGQ,Crystal Structure of Human PPARgamma Ligand Binding Domain in Complex with CAY10506,X-RAY DIFFRACTION,2.45,2018-05-17T00:00:00.000+00:00,2019-05-22T00:00:00.000+00:00,1,1
PPARG,P37231,6DGR,Crystal Structure of Human PPARgamma Ligand Binding Domain in Complex with CAY10638,X-RAY DIFFRACTION,2.15,2018-05-18T00:00:00.000+00:00,2019-05-22T00:00:00.000+00:00,1,1
PPARG,P37231,6DH9,Crystal Structure of Human PPARgamma Ligand Binding Domain in Complex with MSDC-0602,X-RAY DIFFRACTION,2.7,2018-05-18T00:00:00.000+00:00,2019-05-22T00:00:00.000+00:00,1,2
PPARG,P37231,6DHA,Crystal Structure of Human PPARgamma Ligand Binding Domain in Complex with Hydroxy Pioglitazone (M-IV),X-RAY DIFFRACTION,1.88,2018-05-18T00:00:00.000+00:00,2019-03-13T00:00:00.000+00:00,1,2
PPARG,P37231,6E5A,PPARg in complex with compound 4b,X-RAY DIFFRACTION,2.4,2018-07-19T00:00:00.000+00:00,2019-03-13T00:00:00.000+00:00,1,1
PPARG,P37231,6ENQ,Structure of human PPAR gamma LBD in complex with Lanifibranor (IVA337),X-RAY DIFFRACTION,2.2,2017-10-06T00:00:00.000+00:00,2018-03-14T00:00:00.000+00:00,1,1
PPARG,P37231,6F2L,Crystal structure of the complex between PPARgamma LBD and the ligand LJ570: structure obtained from crystals of the apo-form soaked for 15 days.,X-RAY DIFFRACTION,2.1,2017-11-24T00:00:00.000+00:00,2018-01-10T00:00:00.000+00:00,1,1
PPARG,P37231,6FZF,PPAR mutant complex,X-RAY DIFFRACTION,1.95,2018-03-14T00:00:00.000+00:00,2019-02-13T00:00:00.000+00:00,2,1
PPARG,P37231,6FZG,PPAR gamma mutant complex,X-RAY DIFFRACTION,2.1,2018-03-14T00:00:00.000+00:00,2019-02-13T00:00:00.000+00:00,1,2
PPARG,P37231,6FZJ,PPAR gamma mutant complex,X-RAY DIFFRACTION,2.011,2018-03-14T00:00:00.000+00:00,2019-02-13T00:00:00.000+00:00,2,3
PPARG,P37231,6FZP,PPAR gamma complex.,X-RAY DIFFRACTION,2.3,2018-03-15T00:00:00.000+00:00,2019-02-13T00:00:00.000+00:00,2,1
PPARG,P37231,6FZY,PPAR mutant,X-RAY DIFFRACTION,3.1,2018-03-15T00:00:00.000+00:00,2019-02-13T00:00:00.000+00:00,1,0
PPARG,P37231,6ICJ,Crystal structure of PPARgamma with compound BR102375K,X-RAY DIFFRACTION,2.483,2018-09-06T00:00:00.000+00:00,2019-09-11T00:00:00.000+00:00,2,2
PPARG,P37231,6IJR,Human PPARgamma ligand binding domain complexed with SB1495,X-RAY DIFFRACTION,2.85,2018-10-11T00:00:00.000+00:00,2019-10-16T00:00:00.000+00:00,2,1
PPARG,P37231,6IJS,Human PPARgamma ligand binding domain complexed with SB1494,X-RAY DIFFRACTION,2.15,2018-10-11T00:00:00.000+00:00,2019-10-16T00:00:00.000+00:00,2,1
PPARG,P37231,6ILQ,Crystal structure of PPARgamma with compound BR101549,X-RAY DIFFRACTION,2.408,2018-10-19T00:00:00.000+00:00,2019-09-11T00:00:00.000+00:00,2,1
PPARG,P37231,6IZM,Crystal structure of the PPARgamma-LBD complexed with compound 1l,X-RAY DIFFRACTION,1.8,2018-12-20T00:00:00.000+00:00,2019-03-27T00:00:00.000+00:00,2,1
PPARG,P37231,6IZN,Crystal structure of the PPARgamma-LBD complexed with compound 3g,X-RAY DIFFRACTION,1.75,2018-12-20T00:00:00.000+00:00,2019-03-27T00:00:00.000+00:00,2,1
PPARG,P37231,6JEY,Covalent bond formation between ynone moiety of synthetic fatty acid and hPPARg-LBD,X-RAY DIFFRACTION,2.2,2019-02-07T00:00:00.000+00:00,2020-02-12T00:00:00.000+00:00,1,1
PPARG,P37231,6JF0,Covalent labeling of hPPARg-LBD by turn-on fluorescent probe mediated by conjugate addition and cyclization,X-RAY DIFFRACTION,3.4,2019-02-07T00:00:00.000+00:00,2020-02-12T00:00:00.000+00:00,1,2
PPARG,P37231,6JQ7,The ligand-free structure of human PPARgamma LBD in the presence of the SRC-1 coactivator peptide,X-RAY DIFFRACTION,2.55,2019-03-29T00:00:00.000+00:00,2019-10-16T00:00:00.000+00:00,2,0
PPARG,P37231,6K0T,Crystal Structure of PPARgamma Ligand Binding Domain in complex with dibenzooxepine derivative compound-17,X-RAY DIFFRACTION,1.84,2019-05-07T00:00:00.000+00:00,2019-10-30T00:00:00.000+00:00,2,1
PPARG,P37231,6KTM,The ligand-free structure of human PPARgamma ligand-binding domain R288A mutant in the presence of the SRC-1 coactivator peptide,X-RAY DIFFRACTION,2.7,2019-08-28T00:00:00.000+00:00,2020-02-05T00:00:00.000+00:00,2,0
PPARG,P37231,6KTN,Human PPARgamma ligand-binding domain R288A mutant in complex with imatinib,X-RAY DIFFRACTION,2.752,2019-08-28T00:00:00.000+00:00,2020-02-05T00:00:00.000+00:00,2,1
PPARG,P37231,6L89,Human PPARgamma ligand binding domain complexed with Butyrolactone 1,X-RAY DIFFRACTION,2.1,2019-11-05T00:00:00.000+00:00,2020-09-16T00:00:00.000+00:00,1,1
PPARG,P37231,6L8B,The ligand-free structure of human PPARgamma LBD,X-RAY DIFFRACTION,2.102,2019-11-05T00:00:00.000+00:00,2020-09-16T00:00:00.000+00:00,1,0
PPARG,P37231,6MCZ,Crystal Structure of Human PPARgamma Ligand Binding Domain in Complex with Arachidonic Acid,X-RAY DIFFRACTION,2.1,2018-09-03T00:00:00.000+00:00,2019-01-09T00:00:00.000+00:00,1,1
PPARG,P37231,6MD0,Crystal Structure of Human PPARgamma Ligand Binding Domain in Complex with Oleic Acid,X-RAY DIFFRACTION,1.95,2018-09-03T00:00:00.000+00:00,2019-01-09T00:00:00.000+00:00,1,1
PPARG,P37231,6MD1,Crystal Structure of Human PPARgamma Ligand Binding Domain in Complex with GW9662 and Oleic acid,X-RAY DIFFRACTION,2.2,2018-09-03T00:00:00.000+00:00,2019-01-09T00:00:00.000+00:00,1,2
PPARG,P37231,6MD2,Crystal Structure of Human PPARgamma Ligand Binding Domain in Complex with GW9662 and Arachidonic acid,X-RAY DIFFRACTION,2.2,2018-09-03T00:00:00.000+00:00,2019-01-09T00:00:00.000+00:00,1,2
PPARG,P37231,6MD4,Crystal Structure of Human PPARgamma Ligand Binding Domain in Complex with Rosiglitazone and Oleic acid,X-RAY DIFFRACTION,2.24,2018-09-03T00:00:00.000+00:00,2019-01-09T00:00:00.000+00:00,1,2
PPARG,P37231,6MS7,Peroxisome proliferator-activated receptor gamma ligand binding domain in complex with a novel selective PPAR-gamma modulator VSP-77,X-RAY DIFFRACTION,1.43,2018-10-16T00:00:00.000+00:00,2019-10-23T00:00:00.000+00:00,2,1
PPARG,P37231,6O67,Crystal Structure of Human PPARgamma Ligand Binding Domain in Complex with Mitoglitazone,X-RAY DIFFRACTION,2.52,2019-03-05T00:00:00.000+00:00,2019-11-06T00:00:00.000+00:00,1,2
PPARG,P37231,6O68,Crystal Structure of Human PPARgamma Ligand Binding Domain in Complex with Ciglitazone,X-RAY DIFFRACTION,2.78,2019-03-05T00:00:00.000+00:00,2019-11-06T00:00:00.000+00:00,1,1
PPARG,P37231,6ONI,Crystal structure of PPARgamma ligand binding domain in complex with N-CoR peptide and inverse agonist T0070907,X-RAY DIFFRACTION,1.8,2019-04-22T00:00:00.000+00:00,2020-03-04T00:00:00.000+00:00,2,1
PPARG,P37231,6ONJ,Crystal structure of PPARgamma ligand binding domain in complex with TRAP220 peptide and agonist rosiglitazone,X-RAY DIFFRACTION,2.3,2019-04-22T00:00:00.000+00:00,2020-03-04T00:00:00.000+00:00,2,1
PPARG,P37231,6PDZ,Crystal structure of PPARgamma ligand binding domain in complex with SMRT peptide and inverse agonist T0070907,X-RAY DIFFRACTION,2.1,2019-06-19T00:00:00.000+00:00,2020-03-04T00:00:00.000+00:00,2,1
PPARG,P37231,6QJ5,X-ray structure of PPARgamma LBD with the ligand NV1380,X-RAY DIFFRACTION,2.0,2019-01-22T00:00:00.000+00:00,2020-02-05T00:00:00.000+00:00,1,1
PPARG,P37231,6T1S,PPAR mutant,X-RAY DIFFRACTION,1.65,2019-10-05T00:00:00.000+00:00,2021-04-14T00:00:00.000+00:00,1,2
PPARG,P37231,6T1V,Structure of PPARg H494Y mutant in complex with GW1929,X-RAY DIFFRACTION,2.21,2019-10-06T00:00:00.000+00:00,2021-04-14T00:00:00.000+00:00,2,1
PPARG,P37231,6T6B,Crystal structure of PPARgamma in complex with compound 16 (MF27),X-RAY DIFFRACTION,2.8,2019-10-18T00:00:00.000+00:00,2019-12-11T00:00:00.000+00:00,1,1
PPARG,P37231,6T9C,Crystal structure of the complex between PPARgamma LBD and the ligand NV1346 (3a),X-RAY DIFFRACTION,1.95,2019-10-27T00:00:00.000+00:00,2020-02-26T00:00:00.000+00:00,1,1
PPARG,P37231,6TDC,PPAR gamma ligand binding domain in complex with MRL-871,X-RAY DIFFRACTION,2.328,2019-11-08T00:00:00.000+00:00,2020-11-18T00:00:00.000+00:00,1,2
PPARG,P37231,6TSG,Crystal structure of Peroxisome proliferator-activated receptor gamma (PPARG) in complex with TETRAC,X-RAY DIFFRACTION,2.98,2019-12-20T00:00:00.000+00:00,2020-07-22T00:00:00.000+00:00,1,1
PPARG,P37231,6VZL,Crystal structure of human PPARgamma ligand binding domain in complex with GW1929,X-RAY DIFFRACTION,2.07,2020-02-28T00:00:00.000+00:00,2021-03-03T00:00:00.000+00:00,1,1
PPARG,P37231,6VZM,Crystal structure of human PPARgamma ligand binding domain Y473E mutant in complex with Darglitazone,X-RAY DIFFRACTION,2.4,2020-02-28T00:00:00.000+00:00,2021-03-03T00:00:00.000+00:00,1,1
PPARG,P37231,6VZN,Crystal structure of human PPARgamma ligand binding domain Y473E mutant,X-RAY DIFFRACTION,2.3,2020-02-28T00:00:00.000+00:00,2021-03-03T00:00:00.000+00:00,1,0
PPARG,P37231,6VZO,Crystal structure of human PPARgamma ligand binding domain (Protein delipidated by denature and refold),X-RAY DIFFRACTION,2.27,2020-02-28T00:00:00.000+00:00,2021-03-03T00:00:00.000+00:00,1,0
PPARG,P37231,6Y3U,Crystal structure of PPARgamma in complex with compound (R)-16,X-RAY DIFFRACTION,2.62,2020-02-18T00:00:00.000+00:00,2020-04-22T00:00:00.000+00:00,1,1
PPARG,P37231,6ZLY,Crystal structure of the complex between PPARgamma LBD and the ligand NV1362 (7a),X-RAY DIFFRACTION,1.79,2020-07-01T00:00:00.000+00:00,2020-11-25T00:00:00.000+00:00,1,1
PPARG,P37231,7A7H,Crystal structure of PPARgamma in complex with compound TK90,X-RAY DIFFRACTION,2.4,2020-08-28T00:00:00.000+00:00,2021-08-04T00:00:00.000+00:00,1,2
PPARG,P37231,7AHJ,Crystal structure of PPARgamma V290M mutant ligand binding domain in complex with farglitazar,X-RAY DIFFRACTION,2.1,2020-09-24T00:00:00.000+00:00,2020-10-14T00:00:00.000+00:00,1,1
PPARG,P37231,7AWC,Crystal structure of Peroxisome proliferator-activated receptor gamma (PPARG)in complex with rosiglitazone,X-RAY DIFFRACTION,1.74,2020-11-06T00:00:00.000+00:00,2020-11-25T00:00:00.000+00:00,1,2
PPARG,P37231,7AWD,Crystal structure of Peroxisome proliferator-activated receptor gamma (PPARG)in complex with garcinoic acid,X-RAY DIFFRACTION,1.93,2020-11-06T00:00:00.000+00:00,2020-11-25T00:00:00.000+00:00,1,3
PPARG,P37231,7CXE,The ligand-free structure of human PPARgamma LBD R280C mutant,X-RAY DIFFRACTION,2.5,2020-09-01T00:00:00.000+00:00,2021-09-01T00:00:00.000+00:00,1,0
PPARG,P37231,7CXF,The ligand-free structure of human PPARgamma LBD C285Y mutant in the presence of the SRC-1 coactivator peptide,X-RAY DIFFRACTION,2.35,2020-09-01T00:00:00.000+00:00,2021-09-01T00:00:00.000+00:00,2,1
PPARG,P37231,7CXG,The ligand-free structure of human PPARgamma LBD Q286E mutant,X-RAY DIFFRACTION,1.88,2020-09-01T00:00:00.000+00:00,2021-09-01T00:00:00.000+00:00,1,1
PPARG,P37231,7CXH,The ligand-free structure of human PPARgamma LBD Q286E mutant in the presence of the SRC-1 coactivator peptide,X-RAY DIFFRACTION,2.3,2020-09-01T00:00:00.000+00:00,2021-09-01T00:00:00.000+00:00,2,0
PPARG,P37231,7CXI,The ligand-free structure of human PPARgamma LBD F287Y mutant in the presence of the SRC-1 coactivator peptide,X-RAY DIFFRACTION,2.3,2020-09-01T00:00:00.000+00:00,2021-09-01T00:00:00.000+00:00,2,1
PPARG,P37231,7CXJ,The ligand-free structure of human PPARgamma LBD R288C mutant in the presence of the SRC-1 coactivator peptide,X-RAY DIFFRACTION,2.65,2020-09-01T00:00:00.000+00:00,2021-09-01T00:00:00.000+00:00,2,0
PPARG,P37231,7CXK,The ligand-free structure of human PPARgamma LBD R288H mutant in the presence of the SRC-1 coactivator peptide,X-RAY DIFFRACTION,2.2,2020-09-01T00:00:00.000+00:00,2021-09-01T00:00:00.000+00:00,2,1
PPARG,P37231,7CXL,The ligand-free structure of human PPARgamma LBD S289C mutant in the presence of the SRC-1 coactivator peptide,X-RAY DIFFRACTION,2.7,2020-09-01T00:00:00.000+00:00,2021-09-01T00:00:00.000+00:00,2,1
PPARG,P37231,7E0A,X-ray structure of human PPARgamma ligand binding domain-saroglitazar co-crystals obtained by co-crystallization,X-RAY DIFFRACTION,1.771,2021-01-27T00:00:00.000+00:00,2021-09-08T00:00:00.000+00:00,1,1
PPARG,P37231,7E2O,X-ray Crystal structure of PPARgamma R288H mutant.,X-RAY DIFFRACTION,3.2,2021-02-06T00:00:00.000+00:00,2022-01-19T00:00:00.000+00:00,1,0
PPARG,P37231,7EFQ,Crystal structure of hPPARgamma ligand binding domain complexed with rosiglitazone-based fluorescence probe,X-RAY DIFFRACTION,2.3,2021-03-23T00:00:00.000+00:00,2021-05-12T00:00:00.000+00:00,1,1
PPARG,P37231,7JQG,Crystal structure of human PPARgamma ligand binding domain Y473E mutant in complex with GW1929,X-RAY DIFFRACTION,2.15,2020-08-10T00:00:00.000+00:00,2021-03-03T00:00:00.000+00:00,1,1
PPARG,P37231,7LOT,Human PPAR Gamma LBD in Complex with Tetrazole Compound N-{3-[(4-methylbenzyl)oxy]benzyl}-2H-tetrazol-5-amine.,X-RAY DIFFRACTION,2.29,2021-02-10T00:00:00.000+00:00,2021-02-24T00:00:00.000+00:00,1,1
PPARG,P37231,7P4E,Crystal structure of PPARgamma in complex with compound FL217,X-RAY DIFFRACTION,2.4,2021-07-11T00:00:00.000+00:00,2022-07-06T00:00:00.000+00:00,1,3
PPARG,P37231,7QB1,PPARg in complex with inhibitor,X-RAY DIFFRACTION,2.2,2021-11-17T00:00:00.000+00:00,2022-05-04T00:00:00.000+00:00,1,2
PPARG,P37231,7RLE,Crystal structure of PPAR gamma in complex with CREB-binding protein and agonist GW1929,X-RAY DIFFRACTION,2.5,2021-07-23T00:00:00.000+00:00,2022-08-03T00:00:00.000+00:00,2,1
PPARG,P37231,7SQA,PPAR gamma LBD bound to SR10221 and SMRT corepressor motif,X-RAY DIFFRACTION,2.499,2021-11-05T00:00:00.000+00:00,2023-05-10T00:00:00.000+00:00,2,1
PPARG,P37231,7SQB,PPAR gamma LBD bound to Inverse Agonist SR10221,X-RAY DIFFRACTION,2.6,2021-11-05T00:00:00.000+00:00,2023-05-10T00:00:00.000+00:00,1,1
PPARG,P37231,7WGO,X-ray structure of human PPAR gamma ligand binding domain-bezafibrate co-rystals obtained by co-crystallization,X-RAY DIFFRACTION,2.36,2021-12-28T00:00:00.000+00:00,2022-05-25T00:00:00.000+00:00,2,1
PPARG,P37231,7WGP,X-ray structure of human PPAR gamma ligand binding domain-fenofibric acid co-crystals obtained by co-crystallization,X-RAY DIFFRACTION,2.53,2021-12-28T00:00:00.000+00:00,2022-05-25T00:00:00.000+00:00,2,1
PPARG,P37231,7WGQ,X-ray structure of human PPAR gamma ligand binding domain-pemafibrate co-crystals obtained by co-crystallization,X-RAY DIFFRACTION,2.43,2021-12-28T00:00:00.000+00:00,2022-05-25T00:00:00.000+00:00,2,1
PPARG,P37231,7WOX,PPARgamma antagonist (MMT-160)- PPARgamma LBD complex,X-RAY DIFFRACTION,3.2,2022-01-22T00:00:00.000+00:00,2022-04-13T00:00:00.000+00:00,1,1
PPARG,P37231,8ADF,X-ray crystal structure of PPAR gamma ligand binding domain in complex with CZ39,X-RAY DIFFRACTION,2.13,2022-07-08T00:00:00.000+00:00,2023-04-26T00:00:00.000+00:00,1,1
PPARG,P37231,8AQM,Crystal structure of PPARG and NCOR2 with an inverse agonist (compound 6a),X-RAY DIFFRACTION,2.3,2022-08-12T00:00:00.000+00:00,2022-11-09T00:00:00.000+00:00,2,1
PPARG,P37231,8AQN,"Crystal structure of PPARG and NCOR2 with BAY-4931, an inverse agonist (compound 6c)",X-RAY DIFFRACTION,1.9,2022-08-12T00:00:00.000+00:00,2022-11-09T00:00:00.000+00:00,2,3
PPARG,P37231,8ATY,Crystal structure of PPAR gamma (PPARG) in complex with JP85 (compound 1).,X-RAY DIFFRACTION,1.9,2022-08-24T00:00:00.000+00:00,2023-07-12T00:00:00.000+00:00,1,2
PPARG,P37231,8ATZ,Crystal structure of PPAR gamma (PPARG) in complex with SA112 (compound 2).,X-RAY DIFFRACTION,1.95,2022-08-24T00:00:00.000+00:00,2023-07-12T00:00:00.000+00:00,1,2
PPARG,P37231,8B8W,Crystal structure of PPARG and NCOR2 with an inverse agonist (compound 7a),X-RAY DIFFRACTION,1.86,2022-10-05T00:00:00.000+00:00,2022-12-28T00:00:00.000+00:00,2,2
PPARG,P37231,8B8X,"Crystal structure of PPARG and NCOR2 with SR10221, an inverse agonist",X-RAY DIFFRACTION,1.78,2022-10-05T00:00:00.000+00:00,2022-12-28T00:00:00.000+00:00,2,1
PPARG,P37231,8B8Y,Crystal structure of PPARG and NCOR2 with an inverse agonist (compound 7e),X-RAY DIFFRACTION,2.0,2022-10-05T00:00:00.000+00:00,2022-12-28T00:00:00.000+00:00,2,1
PPARG,P37231,8B8Z,Crystal structure of mutant PPARG (C313A) and NCOR2 with an inverse agonist (compound 7e),X-RAY DIFFRACTION,2.22,2022-10-05T00:00:00.000+00:00,2022-12-28T00:00:00.000+00:00,2,1
PPARG,P37231,8B90,Crystal structure of PPARG and NCOR2 with an inverse agonist (compound 7d),X-RAY DIFFRACTION,2.1,2022-10-05T00:00:00.000+00:00,2022-12-28T00:00:00.000+00:00,2,1
PPARG,P37231,8B91,Crystal structure of mutant PPARG (C313A) and NCOR2 with an inverse agonist (compound SI-1),X-RAY DIFFRACTION,2.23,2022-10-05T00:00:00.000+00:00,2022-12-28T00:00:00.000+00:00,2,1
PPARG,P37231,8B92,Crystal structure of PPARG and NCOR2 with an inverse agonist (compound SI-2),X-RAY DIFFRACTION,1.66,2022-10-05T00:00:00.000+00:00,2022-12-28T00:00:00.000+00:00,2,2
PPARG,P37231,8B93,Crystal structure of PPARG and NCOR2 with an inverse agonist (compound 15b),X-RAY DIFFRACTION,2.21,2022-10-05T00:00:00.000+00:00,2022-12-28T00:00:00.000+00:00,2,1
PPARG,P37231,8B94,"Crystal structure of PPARG and NCOR2 with BAY-5516, an inverse agonist",X-RAY DIFFRACTION,1.55,2022-10-05T00:00:00.000+00:00,2022-12-28T00:00:00.000+00:00,2,1
PPARG,P37231,8B95,"Crystal structure of PPARG and NCOR2 with BAY-9683, an inverse agonist",X-RAY DIFFRACTION,1.72,2022-10-05T00:00:00.000+00:00,2022-12-28T00:00:00.000+00:00,2,1
PPARG,P37231,8BF1,High-resolution structure of unliganded PPAR gamma in complex with the peptide PGC-1 alpha,X-RAY DIFFRACTION,1.36,2022-10-23T00:00:00.000+00:00,2023-03-08T00:00:00.000+00:00,2,0
PPARG,P37231,8BF2,Human PPARgamma in complex with MEHP bound to the AF-2 and omega sub-pockets,X-RAY DIFFRACTION,2.18,2022-10-23T00:00:00.000+00:00,2023-03-08T00:00:00.000+00:00,1,1
PPARG,P37231,8BFF,Human PPARgamma in complex with MINCH bound to the AF-2 sub-pocket,X-RAY DIFFRACTION,2.6,2022-10-25T00:00:00.000+00:00,2023-03-08T00:00:00.000+00:00,1,1
PPARG,P37231,8C0C,X-ray crystal structure of PPAR gamma ligand binding domain in complex with CZ46,X-RAY DIFFRACTION,2.2,2022-12-16T00:00:00.000+00:00,2023-04-26T00:00:00.000+00:00,1,1
PPARG,P37231,8CPH,Crystal structure of PPAR gamma (PPARG) in complex with WY-14643 (inactive form),X-RAY DIFFRACTION,2.4,2023-03-02T00:00:00.000+00:00,2023-07-12T00:00:00.000+00:00,1,1
PPARG,P37231,8CPI,Crystal structure of PPAR gamma (PPARG) in complex with WY-14643,X-RAY DIFFRACTION,2.1,2023-03-02T00:00:00.000+00:00,2023-07-12T00:00:00.000+00:00,1,1
PPARG,P37231,8CPJ,Crystal structure of PPAR gamma (PPARG) in an inactive form,X-RAY DIFFRACTION,2.4,2023-03-02T00:00:00.000+00:00,2023-07-12T00:00:00.000+00:00,1,1
PPARG,P37231,8DK4,Peroxisome proliferator-activated receptor gamma in complex with VSP-51-2,X-RAY DIFFRACTION,2.6,2022-07-02T00:00:00.000+00:00,2023-07-05T00:00:00.000+00:00,2,1
PPARG,P37231,8DKN,PPARg bound to T0070907 and Co-R peptide,X-RAY DIFFRACTION,1.95,2022-07-05T00:00:00.000+00:00,2022-09-07T00:00:00.000+00:00,2,3
PPARG,P37231,8DKV,PPARg bound to JTP-426467 and Co-R peptide,X-RAY DIFFRACTION,1.59,2022-07-06T00:00:00.000+00:00,2022-09-07T00:00:00.000+00:00,2,3
PPARG,P37231,8DSY,PPARg bound to inverse agonist H3B-343,X-RAY DIFFRACTION,2.95,2022-07-24T00:00:00.000+00:00,2022-09-07T00:00:00.000+00:00,1,1
PPARG,P37231,8DSZ,PPARg bound to partial agonist H3B-487,X-RAY DIFFRACTION,2.5,2022-07-24T00:00:00.000+00:00,2022-09-07T00:00:00.000+00:00,1,1
PPARG,P37231,8FHE,Crystal structure of PPARgamma ligand-binding domain in complex with N-CoR peptide and GW9662,X-RAY DIFFRACTION,1.8,2022-12-14T00:00:00.000+00:00,2024-03-20T00:00:00.000+00:00,2,1
PPARG,P37231,8FHF,Crystal structure of PPARgamma ligand-binding domain in complex with ZINC5672437,X-RAY DIFFRACTION,2.1,2022-12-14T00:00:00.000+00:00,2024-03-20T00:00:00.000+00:00,1,2
PPARG,P37231,8FHG,Crystal structure of PPARgamma ligand-binding domain in complex with N-CoR peptide and ZINC5672437,X-RAY DIFFRACTION,1.8,2022-12-14T00:00:00.000+00:00,2024-03-20T00:00:00.000+00:00,2,1
PPARG,P37231,8FKC,Crystal structure of PPARgamma ligand-binding domain in complex with N-CoR peptide and inverse agonist SR33544,X-RAY DIFFRACTION,1.42,2022-12-21T00:00:00.000+00:00,2024-04-17T00:00:00.000+00:00,2,2
PPARG,P37231,8FKD,Crystal structure of PPARgamma ligand-binding domain in complex with N-CoR peptide and inverse agonist SR33068,X-RAY DIFFRACTION,2.22,2022-12-21T00:00:00.000+00:00,2024-04-17T00:00:00.000+00:00,2,2
PPARG,P37231,8FKE,Crystal structure of PPARgamma ligand-binding domain in complex with N-CoR peptide and inverse agonist SR32904,X-RAY DIFFRACTION,2.02,2022-12-21T00:00:00.000+00:00,2024-04-17T00:00:00.000+00:00,2,2
PPARG,P37231,8FKF,Crystal structure of PPARgamma ligand-binding domain in complex with N-CoR peptide and inverse agonist SR36706,X-RAY DIFFRACTION,1.82,2022-12-21T00:00:00.000+00:00,2024-04-17T00:00:00.000+00:00,2,3
PPARG,P37231,8FKG,Crystal structure of PPARgamma ligand-binding domain in complex with N-CoR peptide and inverse agonist SR33486,X-RAY DIFFRACTION,2.12,2022-12-21T00:00:00.000+00:00,2024-04-17T00:00:00.000+00:00,2,5
PPARG,P37231,8HHP,"Crystal structure of PPARg-LBD complexed with three partial agonists, one nTZDpa and two LT175",X-RAY DIFFRACTION,2.45,2022-11-16T00:00:00.000+00:00,2023-11-22T00:00:00.000+00:00,1,2
PPARG,P37231,8HHQ,Covalent bond formation between cysteine of PPARg-LBD and iodoacetic acid,X-RAY DIFFRACTION,2.4,2022-11-16T00:00:00.000+00:00,2023-09-20T00:00:00.000+00:00,1,1
PPARG,P37231,8HUM,X-ray structure of human PPAR gamma ligand binding domain-lanifibranor-SRC1 coactivator peptide co-crystals obtained by co-crystallization,X-RAY DIFFRACTION,2.29,2022-12-24T00:00:00.000+00:00,2023-08-09T00:00:00.000+00:00,2,1
PPARG,P37231,8HUP,X-ray structure of human PPAR gamma ligand binding domain-seladelpar-SRC1 coactivator peptide co-crystals obtained by co-crystallization,X-RAY DIFFRACTION,2.36,2022-12-24T00:00:00.000+00:00,2023-08-09T00:00:00.000+00:00,2,1
PPARG,P37231,8PBO,Deep interactome learning for generative drug design,X-RAY DIFFRACTION,1.85,2023-06-09T00:00:00.000+00:00,2024-05-15T00:00:00.000+00:00,1,3
PPARG,P37231,8REJ,Crystal structure of PPAR gamma Ligand Binding Domain in complex with the ligand LBB78,X-RAY DIFFRACTION,3.16,2023-12-11T00:00:00.000+00:00,2024-10-16T00:00:00.000+00:00,1,1
PPARG,P37231,8SC9,Structure of PPARG in complex with MTX-531,X-RAY DIFFRACTION,1.855,2023-04-05T00:00:00.000+00:00,2024-06-12T00:00:00.000+00:00,1,3
PPARG,P37231,8U57,PPARg LBD in complex with perfluorooctanoic acid (PFOA),X-RAY DIFFRACTION,2.0,2023-09-12T00:00:00.000+00:00,2024-07-24T00:00:00.000+00:00,1,2
PPARG,P37231,8WFE,The Crystal Structure of PPARg from Biortus.,X-RAY DIFFRACTION,2.2,2023-09-19T00:00:00.000+00:00,2023-11-22T00:00:00.000+00:00,1,2
PPARG,P37231,8ZFN,Crystal Structure of Human PPARgamma Ligand Binding Domain in Complex with GW9662 and BVT.13,X-RAY DIFFRACTION,2.54,2024-05-08T00:00:00.000+00:00,2024-08-07T00:00:00.000+00:00,1,2
PPARG,P37231,8ZFO,Crystal Structure of Human PPARgamma Ligand Binding Domain in Complex with GW9662 and nTZDpa,X-RAY DIFFRACTION,3.15,2024-05-08T00:00:00.000+00:00,2024-08-07T00:00:00.000+00:00,1,2
PPARG,P37231,8ZFP,Crystal Structure of Human PPARgamma Ligand Binding Domain in Complex with GW9662 and MRL24,X-RAY DIFFRACTION,2.48,2024-05-08T00:00:00.000+00:00,2024-08-07T00:00:00.000+00:00,1,2
PPARG,P37231,8ZFQ,Crystal Structure of Human PPARgamma Ligand Binding Domain in Complex with T0070907 and BVT.13,X-RAY DIFFRACTION,2.49,2024-05-08T00:00:00.000+00:00,2024-08-07T00:00:00.000+00:00,1,2
PPARG,P37231,8ZFR,Crystal Structure of Human PPARgamma Ligand Binding Domain in Complex with T0070907 and nTZDpa,X-RAY DIFFRACTION,2.73,2024-05-08T00:00:00.000+00:00,2024-08-07T00:00:00.000+00:00,1,2
PPARG,P37231,8ZFS,Crystal Structure of Human PPARgamma Ligand Binding Domain in Complex with T0070907 and MRL24,X-RAY DIFFRACTION,2.56,2024-05-08T00:00:00.000+00:00,2024-08-07T00:00:00.000+00:00,1,2
PPARG,P37231,8ZFT,Crystal Structure of Human PPARgamma Ligand Binding Domain in Complex with T0070907 and SR1664,X-RAY DIFFRACTION,3.2,2024-05-08T00:00:00.000+00:00,2024-08-07T00:00:00.000+00:00,1,2
PPARG,P37231,9CK0,Cocrystal of PPARg LBD and NFKBIB / IKBB peptide with agonist GW1929,X-RAY DIFFRACTION,2.6,2024-07-08T00:00:00.000+00:00,2024-07-17T00:00:00.000+00:00,2,1
PPARG,P37231,9CWN,NRIP1_133 / RIP140 SxxLxxLL motif coregulator peptide with agonist GW1929 and PPARg LBD,X-RAY DIFFRACTION,2.7,2024-07-29T00:00:00.000+00:00,2024-08-14T00:00:00.000+00:00,2,1
PPARG,P37231,9F7W,Human PPARgamma ligand binding domain in complex with co-activator 1alpha peptide and bisphenol A (BPA),X-RAY DIFFRACTION,1.25,2024-05-05T00:00:00.000+00:00,2024-07-10T00:00:00.000+00:00,2,1
PPARG,P37231,9F7X,Human PPARgamma ligand binding domain in complex with co-activator 1alpha peptide and bisphenol B (BPB),X-RAY DIFFRACTION,1.63,2024-05-05T00:00:00.000+00:00,2024-07-10T00:00:00.000+00:00,2,1
PPARG,P37231,9GFU,Human PPAR-gamma ligand binding domain in complex with AKGO172,X-RAY DIFFRACTION,2.1,2024-08-12T00:00:00.000+00:00,2025-08-20T00:00:00.000+00:00,1,1
PPARG,P37231,9GVP,Human PPAR-gamma ligand binding domain in complex with WG115,X-RAY DIFFRACTION,2.05,2024-09-25T00:00:00.000+00:00,2025-10-08T00:00:00.000+00:00,1,1
PPARG,P37231,9GVS,Human PPAR-gamma ligand binding domain in complex with AK176_C,X-RAY DIFFRACTION,2.1,2024-09-25T00:00:00.000+00:00,2025-10-08T00:00:00.000+00:00,1,1
PPARG,P37231,9GVT,Human PPAR-gamma ligand binding domain in complex with AK176_D,X-RAY DIFFRACTION,2.3,2024-09-25T00:00:00.000+00:00,2025-10-08T00:00:00.000+00:00,1,1
PPARG,P37231,9GW3,Human PPAR-gamma ligand binding domain in complex with LW56,X-RAY DIFFRACTION,2.0,2024-09-26T00:00:00.000+00:00,2025-10-08T00:00:00.000+00:00,1,1
PPARG,P37231,9GW4,Human PPAR-gamma ligand binding domain in complex with LW78,X-RAY DIFFRACTION,2.2,2024-09-26T00:00:00.000+00:00,2025-10-08T00:00:00.000+00:00,1,1
PPARG,P37231,9GW7,Human PPAR-gamma ligand binding domain in complex with LW76,X-RAY DIFFRACTION,2.1,2024-09-26T00:00:00.000+00:00,2025-10-08T00:00:00.000+00:00,1,1
PPARG,P37231,9GW8,Human PPAR-gamma ligand binding domain in complex with LW75,X-RAY DIFFRACTION,2.2,2024-09-26T00:00:00.000+00:00,2025-10-08T00:00:00.000+00:00,1,1
PPARG,P37231,9GWB,Human PPAR-gamma ligand binding domain in complex with LW69,X-RAY DIFFRACTION,2.2,2024-09-26T00:00:00.000+00:00,2025-10-08T00:00:00.000+00:00,1,1
PPARG,P37231,9GWC,Human PPAR-gamma ligand binding domain in complex with LW99,X-RAY DIFFRACTION,2.0,2024-09-26T00:00:00.000+00:00,2025-10-08T00:00:00.000+00:00,1,1
PPARG,P37231,9GWE,Human PPAR-gamma ligand binding domain in complex with LW87,X-RAY DIFFRACTION,2.1,2024-09-26T00:00:00.000+00:00,2025-10-08T00:00:00.000+00:00,1,1
PPARG,P37231,9GWF,Human PPAR-gamma ligand binding domain in complex with LW100,X-RAY DIFFRACTION,2.4,2024-09-26T00:00:00.000+00:00,2025-10-08T00:00:00.000+00:00,1,1
PPARG,P37231,9GWG,Human PPAR-gamma ligand binding domain in complex with LW88,X-RAY DIFFRACTION,2.3,2024-09-26T00:00:00.000+00:00,2025-10-15T00:00:00.000+00:00,1,1
PPARG,P37231,9GWH,Human PPAR-gamma ligand binding domain in complex with LW77,X-RAY DIFFRACTION,2.1,2024-09-26T00:00:00.000+00:00,2025-10-08T00:00:00.000+00:00,1,1
PPARG,P37231,9GWI,Human PPAR-gamma ligand binding domain in complex with LW23,X-RAY DIFFRACTION,2.2,2024-09-26T00:00:00.000+00:00,2025-10-08T00:00:00.000+00:00,1,1
PPARG,P37231,9GWK,Human PPAR-gamma ligand binding domain in complex with AKGO6A,X-RAY DIFFRACTION,2.2,2024-09-27T00:00:00.000+00:00,2025-10-08T00:00:00.000+00:00,1,1
PPARG,P37231,9GWL,Human PPAR-gamma ligand binding domain in complex with AKGO157,X-RAY DIFFRACTION,2.2,2024-09-27T00:00:00.000+00:00,2025-10-08T00:00:00.000+00:00,1,1
PPARG,P37231,9GWM,Human PPAR-gamma ligand binding domain in complex with AKGO108,X-RAY DIFFRACTION,2.2,2024-09-27T00:00:00.000+00:00,2025-10-08T00:00:00.000+00:00,1,1
PPARG,P37231,9GWN,Human PPAR-gamma ligand binding domain in complex with LW30,X-RAY DIFFRACTION,2.2,2024-09-27T00:00:00.000+00:00,2025-10-08T00:00:00.000+00:00,1,1
PPARG,P37231,9GWP,Human PPAR-gamma ligand binding domain in complex with MRL-871 with two distinct binding modes,X-RAY DIFFRACTION,2.55,2024-09-27T00:00:00.000+00:00,2025-10-08T00:00:00.000+00:00,1,1
PPARG,P37231,9GWQ,Human PPAR-gamma ligand binding domain in complex with AKGO6D,X-RAY DIFFRACTION,2.1,2024-09-27T00:00:00.000+00:00,2025-10-08T00:00:00.000+00:00,1,1
PPARG,P37231,9GWR,Human PPAR-gamma ligand binding domain in complex with AKGO10,X-RAY DIFFRACTION,2.1,2024-09-27T00:00:00.000+00:00,2025-10-08T00:00:00.000+00:00,1,1
PPARG,P37231,9GWS,Human PPAR-gamma ligand binding domain in complex with AKGO8,X-RAY DIFFRACTION,2.2,2024-09-27T00:00:00.000+00:00,2025-10-08T00:00:00.000+00:00,1,1
PPARG,P37231,9GWX,Human PPAR-gamma ligand binding domain in complex with AKGO141,X-RAY DIFFRACTION,2.2,2024-09-27T00:00:00.000+00:00,2025-10-08T00:00:00.000+00:00,1,1
PPARG,P37231,9GWY,Human PPAR-gamma ligand binding domain in complex with AKGO78,X-RAY DIFFRACTION,2.09,2024-09-27T00:00:00.000+00:00,2025-10-08T00:00:00.000+00:00,1,1
PPARG,P37231,9GX0,Human PPAR-gamma ligand binding domain in complex with AKGO79,X-RAY DIFFRACTION,2.1,2024-09-27T00:00:00.000+00:00,2025-10-08T00:00:00.000+00:00,1,1
PPARG,P37231,9GX1,Human PPAR-gamma ligand binding domain in complex with AKGO80,X-RAY DIFFRACTION,2.1,2024-09-27T00:00:00.000+00:00,2025-10-08T00:00:00.000+00:00,1,1
PPARG,P37231,9GX2,Human PPAR-gamma ligand binding domain in complex with AKGO82,X-RAY DIFFRACTION,2.35,2024-09-27T00:00:00.000+00:00,2025-10-08T00:00:00.000+00:00,1,1
PPARG,P37231,9GX3,Human PPAR-gamma ligand binding domain in complex with AKGO12,X-RAY DIFFRACTION,1.9,2024-09-27T00:00:00.000+00:00,2025-10-08T00:00:00.000+00:00,1,1
PPARG,P37231,9GX4,Human PPAR-gamma ligand binding domain in complex with AKGO156,X-RAY DIFFRACTION,2.2,2024-09-27T00:00:00.000+00:00,2025-10-08T00:00:00.000+00:00,1,1
PPARG,P37231,9GX5,Human PPAR-gamma ligand binding domain in complex with AKGO173,X-RAY DIFFRACTION,2.45,2024-09-27T00:00:00.000+00:00,2025-10-08T00:00:00.000+00:00,1,1
PPARG,P37231,9GX6,Human PPAR-gamma ligand binding domain in complex with AKGO166,X-RAY DIFFRACTION,2.1,2024-09-27T00:00:00.000+00:00,2025-10-08T00:00:00.000+00:00,1,1
PPARG,P37231,9GX7,Human PPAR-gamma ligand binding domain in complex with WG17,X-RAY DIFFRACTION,2.2,2024-09-27T00:00:00.000+00:00,2025-10-08T00:00:00.000+00:00,1,1
PPARG,P37231,9GXD,Human PPAR-gamma ligand binding domain in complex with AKGO27,X-RAY DIFFRACTION,2.2,2024-09-30T00:00:00.000+00:00,2025-10-08T00:00:00.000+00:00,1,1
PPARG,P37231,9GZ7,Human PPAR-gamma ligand binding domain in complex with AKGO29,X-RAY DIFFRACTION,1.8,2024-10-03T00:00:00.000+00:00,2025-10-15T00:00:00.000+00:00,1,1
PPARG,P37231,9GZ8,Human PPAR-gamma ligand binding domain in complex with AKGO46,X-RAY DIFFRACTION,2.2,2024-10-03T00:00:00.000+00:00,2025-10-15T00:00:00.000+00:00,1,1
PPARG,P37231,9GZ9,Human PPAR-gamma ligand binding domain in complex with AKGO48,X-RAY DIFFRACTION,2.1,2024-10-03T00:00:00.000+00:00,2025-10-15T00:00:00.000+00:00,1,1
PPARG,P37231,9GZA,Human PPAR-gamma ligand binding domain in complex with AKGO50,X-RAY DIFFRACTION,1.9,2024-10-03T00:00:00.000+00:00,2025-10-15T00:00:00.000+00:00,1,1
PPARG,P37231,9GZB,Human PPAR-gamma ligand binding domain in complex with AKGO52,X-RAY DIFFRACTION,2.2,2024-10-03T00:00:00.000+00:00,2025-10-15T00:00:00.000+00:00,1,1
PPARG,P37231,9GZC,Human PPAR-gamma ligand binding domain in complex with AKGO142,X-RAY DIFFRACTION,2.3,2024-10-03T00:00:00.000+00:00,2025-10-15T00:00:00.000+00:00,1,1
PPARG,P37231,9GZE,Human PPAR-gamma ligand binding domain in complex with AKGO72,X-RAY DIFFRACTION,2.2,2024-10-03T00:00:00.000+00:00,2025-10-15T00:00:00.000+00:00,1,1
PPARG,P37231,9GZF,Human PPAR-gamma ligand binding domain in complex with AKGO88,X-RAY DIFFRACTION,2.65,2024-10-03T00:00:00.000+00:00,2025-10-15T00:00:00.000+00:00,1,1
PPARG,P37231,9GZI,Human PPAR-gamma ligand binding domain in complex with LW98,X-RAY DIFFRACTION,2.7,2024-10-04T00:00:00.000+00:00,2025-10-15T00:00:00.000+00:00,1,1
PPARG,P37231,9HX2,X-ray crystal structure of PPAR gamma Ligand Binding Domain in complex with CZ58,X-RAY DIFFRACTION,2.85,2025-01-06T00:00:00.000+00:00,2025-05-14T00:00:00.000+00:00,1,1
PPARG,P37231,9IWK,X-ray structure of human PPARgamma ligand binding domain-NCoR2 corepressor peptide co-crystals obtained by co-crystallization,X-RAY DIFFRACTION,2.43,2024-07-25T00:00:00.000+00:00,2025-05-07T00:00:00.000+00:00,2,0
PPARG,P37231,9L3T,PPARgamma Ligand binding domain in complex with piperine,X-RAY DIFFRACTION,2.36,2024-12-19T00:00:00.000+00:00,2025-04-16T00:00:00.000+00:00,1,1
PPARG,P37231,9MAH,PPARG-Spermine analogs,X-RAY DIFFRACTION,2.1,2025-03-14T00:00:00.000+00:00,2026-03-18T00:00:00.000+00:00,1,3
PPARG,P37231,9O9N,Crystal structure of PPARgamma ligand binding domain (LBD) in complex with NCoR1 corepressor peptide and inverse agonist FX-909,X-RAY DIFFRACTION,2.1,2025-04-18T00:00:00.000+00:00,2025-05-14T00:00:00.000+00:00,2,1
PPARG,P37231,9OLC,Crystal structure of PPARg ligand-binding domain in complex with NCoR1 peptide and FTX-6746,X-RAY DIFFRACTION,2.83,2025-05-12T00:00:00.000+00:00,2026-04-22T00:00:00.000+00:00,2,1
PPARG,P37231,9QFZ,Human PPAR-gamma ligand binding domain in complex with LW132,X-RAY DIFFRACTION,2.1,2025-03-13T00:00:00.000+00:00,2026-03-25T00:00:00.000+00:00,1,1
PPARG,P37231,9QG0,Human PPAR-gamma ligand binding domain in complex with LW128,X-RAY DIFFRACTION,2.1,2025-03-13T00:00:00.000+00:00,2026-03-25T00:00:00.000+00:00,1,1
PPARG,P37231,9QG2,Human PPAR-gamma ligand binding domain in complex with LW86,X-RAY DIFFRACTION,2.0,2025-03-13T00:00:00.000+00:00,2026-03-25T00:00:00.000+00:00,1,1
PPARG,P37231,9QG3,Human PPAR-gamma ligand binding domain in complex with LW129,X-RAY DIFFRACTION,2.3,2025-03-13T00:00:00.000+00:00,2026-03-25T00:00:00.000+00:00,1,1
PPARG,P37231,9QG4,Human PPAR-gamma ligand binding domain in complex with LW130,X-RAY DIFFRACTION,1.9,2025-03-13T00:00:00.000+00:00,2026-03-25T00:00:00.000+00:00,1,1
PPARG,P37231,9QG5,Human PPAR-gamma ligand binding domain in complex with LW112,X-RAY DIFFRACTION,2.3,2025-03-13T00:00:00.000+00:00,2026-03-25T00:00:00.000+00:00,1,1
PPARG,P37231,9QG6,Human PPAR-gamma ligand binding domain in complex with LW109,X-RAY DIFFRACTION,2.7,2025-03-13T00:00:00.000+00:00,2026-03-25T00:00:00.000+00:00,1,1
PPARG,P37231,9QGJ,Human PPAR-gamma ligand binding domain in complex with LW90,X-RAY DIFFRACTION,2.2,2025-03-13T00:00:00.000+00:00,2026-03-25T00:00:00.000+00:00,1,1
PPARG,P37231,9R6I,Crystal structure of PPARgamma in complex with the bisphenol derivative BPS4BE,X-RAY DIFFRACTION,1.7,2025-05-12T00:00:00.000+00:00,2026-02-18T00:00:00.000+00:00,1,2
PPARG,P37231,9R6K,Crystal structure of PPARgamma in complex with the bisphenol derivative BPPH,X-RAY DIFFRACTION,2.3,2025-05-12T00:00:00.000+00:00,2026-02-18T00:00:00.000+00:00,1,1
PPARG,P37231,9V8D,PPARgamma ligand-binding domain in complex with PG08,X-RAY DIFFRACTION,1.44,2025-05-29T00:00:00.000+00:00,2025-11-05T00:00:00.000+00:00,2,3
PPARG,P37231,9V8E,PPARgamma ligand-binding domain in complex with PG11,X-RAY DIFFRACTION,1.7,2025-05-29T00:00:00.000+00:00,2025-11-05T00:00:00.000+00:00,2,1
PPARG,P37231,9V8F,PPARgamma ligand-binding domain in complex with PG14,X-RAY DIFFRACTION,1.75,2025-05-29T00:00:00.000+00:00,2025-11-05T00:00:00.000+00:00,2,1
PPARG,P37231,9V8G,PPARgamma ligand-binding domain in complex with PG08-NL,X-RAY DIFFRACTION,1.39,2025-05-29T00:00:00.000+00:00,2025-11-05T00:00:00.000+00:00,2,1
PPARG,P37231,9V8H,PPARgamma ligand-binding domain in complex with PG08-NL and rosiglitazone,X-RAY DIFFRACTION,1.39,2025-05-29T00:00:00.000+00:00,2025-11-05T00:00:00.000+00:00,2,3
PR,P06401,1A28,HORMONE-BOUND HUMAN PROGESTERONE RECEPTOR LIGAND-BINDING DOMAIN,X-RAY DIFFRACTION,1.8,1998-01-19T00:00:00.000+00:00,1998-07-15T00:00:00.000+00:00,1,1
PR,P06401,1E3K,Human Progesteron Receptor Ligand Binding Domain in complex with the ligand metribolone (R1881),X-RAY DIFFRACTION,2.8,2000-06-19T00:00:00.000+00:00,2001-06-14T00:00:00.000+00:00,1,1
PR,P06401,1SQN,Progesterone Receptor Ligand Binding Domain with bound Norethindrone,X-RAY DIFFRACTION,1.451,2004-03-19T00:00:00.000+00:00,2004-07-27T00:00:00.000+00:00,1,1
PR,P06401,1SR7,Progesterone Receptor Hormone Binding Domain with Bound Mometasone Furoate,X-RAY DIFFRACTION,1.46,2004-03-22T00:00:00.000+00:00,2004-06-22T00:00:00.000+00:00,1,3
PR,P06401,1ZUC,Progesterone receptor ligand binding domain in complex with the nonsteroidal agonist tanaproget,X-RAY DIFFRACTION,2.0,2005-05-30T00:00:00.000+00:00,2005-07-05T00:00:00.000+00:00,1,2
PR,P06401,2C7A,STRUCTURE OF THE PROGESTERONE RECEPTOR-DNA COMPLEX,X-RAY DIFFRACTION,2.5,2005-11-19T00:00:00.000+00:00,2006-08-30T00:00:00.000+00:00,3,1
PR,P06401,2OVH,Progesterone Receptor with Bound Asoprisnil and a Peptide from the Co-Repressor SMRT,X-RAY DIFFRACTION,2.0,2007-02-13T00:00:00.000+00:00,2007-03-20T00:00:00.000+00:00,2,1
PR,P06401,2OVM,Progesterone Receptor with Bound Asoprisnil and a Peptide from the Co-Repressor NCoR,X-RAY DIFFRACTION,2.6,2007-02-14T00:00:00.000+00:00,2007-03-20T00:00:00.000+00:00,2,1
PR,P06401,2W8Y,RU486 bound to the progesterone receptor in a destabilized agonistic conformation,X-RAY DIFFRACTION,1.8,2009-01-20T00:00:00.000+00:00,2009-04-28T00:00:00.000+00:00,1,4
PR,P06401,38KC,Progesterone Receptor Ligand Binding Domain bound to Norethindrone,X-RAY DIFFRACTION,2.03,2026-08-31T00:00:00.000+00:00,2026-09-09T00:00:00.000+00:00,1,2
PR,P06401,3D90,Crystal structure of the human progesterone receptor ligand-binding domain bound to levonorgestrel,X-RAY DIFFRACTION,2.26,2008-05-26T00:00:00.000+00:00,2009-05-26T00:00:00.000+00:00,1,1
PR,P06401,3G8O,Progesterone Receptor with bound Pyrrolidine 1,X-RAY DIFFRACTION,1.9,2009-02-12T00:00:00.000+00:00,2010-02-16T00:00:00.000+00:00,1,2
PR,P06401,3HQ5,Progesterone Receptor bound to an Alkylpyrrolidine ligand.,X-RAY DIFFRACTION,2.1,2009-06-05T00:00:00.000+00:00,2010-03-02T00:00:00.000+00:00,1,3
PR,P06401,3KBA,Progesterone receptor bound to sulfonamide pyrrolidine partial agonist,X-RAY DIFFRACTION,2.0,2009-10-20T00:00:00.000+00:00,2009-12-08T00:00:00.000+00:00,1,2
PR,P06401,3ZR7,Structural basis for agonism and antagonism for a set of chemically related progesterone receptor modulators,X-RAY DIFFRACTION,1.65,2011-06-15T00:00:00.000+00:00,2011-08-17T00:00:00.000+00:00,1,3
PR,P06401,3ZRA,Structural basis for agonism and antagonism for a set of chemically related progesterone receptor modulators,X-RAY DIFFRACTION,1.9,2011-06-15T00:00:00.000+00:00,2011-08-17T00:00:00.000+00:00,1,2
PR,P06401,3ZRB,Structural basis for agonism and antagonism for a set of chemically related progesterone receptor modulators,X-RAY DIFFRACTION,1.8,2011-06-15T00:00:00.000+00:00,2011-08-17T00:00:00.000+00:00,1,4
PR,P06401,4A2J,PR X-Ray structures in agonist conformations reveal two different mechanisms for partial agonism in 11beta-substituted steroids,X-RAY DIFFRACTION,2.0,2011-09-27T00:00:00.000+00:00,2012-04-04T00:00:00.000+00:00,1,2
PR,P06401,4APU,PR X-Ray structures in agonist conformations reveal two different mechanisms for partial agonism in 11beta-substituted steroids,X-RAY DIFFRACTION,1.9,2012-04-06T00:00:00.000+00:00,2012-04-25T00:00:00.000+00:00,1,3
PR,P06401,4OAR,Progesterone receptor with bound ulipristal acetate and a peptide from the co-repressor SMRT,X-RAY DIFFRACTION,2.41,2014-01-06T00:00:00.000+00:00,2014-10-08T00:00:00.000+00:00,2,1
PR,P06401,5CC0,AncSR2 - TSLP nGRE complex,X-RAY DIFFRACTION,2.405,2015-07-01T00:00:00.000+00:00,2015-12-23T00:00:00.000+00:00,3,1
PXR,O75469,1ILG,Crystal Structure of Apo Human Pregnane X Receptor Ligand Binding Domain,X-RAY DIFFRACTION,2.52,2001-05-08T00:00:00.000+00:00,2001-06-27T00:00:00.000+00:00,1,0
PXR,O75469,1ILH,Crystal Structure of Human Pregnane X Receptor Ligand Binding Domain Bound to SR12813,X-RAY DIFFRACTION,2.76,2001-05-08T00:00:00.000+00:00,2001-06-27T00:00:00.000+00:00,1,1
PXR,O75469,1M13,"Crystal Structure of the Human Pregane X Receptor Ligand Binding Domain in Complex with Hyperforin, a Constituent of St. John's Wort",X-RAY DIFFRACTION,2.15,2002-06-17T00:00:00.000+00:00,2003-03-04T00:00:00.000+00:00,1,1
PXR,O75469,1NRL,Crystal Structure of the human PXR-LBD in complex with an SRC-1 coactivator peptide and SR12813,X-RAY DIFFRACTION,2.0,2003-01-25T00:00:00.000+00:00,2003-08-19T00:00:00.000+00:00,2,1
PXR,O75469,1SKX,Structural Disorder in the Complex of Human PXR and the Macrolide Antibiotic Rifampicin,X-RAY DIFFRACTION,2.8,2004-03-05T00:00:00.000+00:00,2005-03-08T00:00:00.000+00:00,1,1
PXR,O75469,2O9I,Crystal Structure of the Human Pregnane X Receptor LBD in complex with an SRC-1 coactivator peptide and T0901317,X-RAY DIFFRACTION,2.8,2006-12-13T00:00:00.000+00:00,2007-01-30T00:00:00.000+00:00,2,1
PXR,O75469,2QNV,Crystal Structure of the Pregnane X Receptor bound to Colupulone,X-RAY DIFFRACTION,2.8,2007-07-19T00:00:00.000+00:00,2008-07-29T00:00:00.000+00:00,1,1
PXR,O75469,3CTB,Tethered PXR-LBD/SRC-1p apoprotein,X-RAY DIFFRACTION,2.0,2008-04-11T00:00:00.000+00:00,2008-12-02T00:00:00.000+00:00,1,0
PXR,O75469,3HVL,Tethered PXR-LBD/SRC-1p complexed with SR-12813,X-RAY DIFFRACTION,2.1,2009-06-16T00:00:00.000+00:00,2009-08-04T00:00:00.000+00:00,1,1
PXR,O75469,3R8D,Activation of the Human Nuclear Xenobiotic Receptor PXR by the Reverse Transcriptase-Targeted Anti-HIV Drug PNU-142721,X-RAY DIFFRACTION,2.8,2011-03-23T00:00:00.000+00:00,2011-08-17T00:00:00.000+00:00,1,1
PXR,O75469,4J5W,Crystal Structure of the apo-PXR/RXRalpha LBD Heterotetramer Complex,X-RAY DIFFRACTION,2.8,2013-02-10T00:00:00.000+00:00,2013-08-21T00:00:00.000+00:00,2,1
PXR,O75469,4J5X,Crystal Structure of the SR12813-bound PXR/RXRalpha LBD Heterotetramer Complex,X-RAY DIFFRACTION,2.8,2013-02-10T00:00:00.000+00:00,2013-08-21T00:00:00.000+00:00,2,1
PXR,O75469,4NY9,"Crystal Structure Of the Human PXR-LBD In Complex With N-{(2R)-1-[(4S)-4-(4-chlorophenyl)-4-hydroxy-3,3-dimethylpiperidin-1-yl]-3-methyl-1-oxobutan-2-yl}-3-hydroxy-3-methylbutanamide",X-RAY DIFFRACTION,2.8,2013-12-10T00:00:00.000+00:00,2014-08-27T00:00:00.000+00:00,1,2
PXR,O75469,4S0S,STRUCTURE OF HUMAN PREGNANE X RECEPTOR LIGAND BINDING DOMAIN with ADNECTIN-1,X-RAY DIFFRACTION,2.8,2015-01-05T00:00:00.000+00:00,2015-02-11T00:00:00.000+00:00,2,0
PXR,O75469,4S0T,STRUCTURE OF HUMAN PREGNANE X RECEPTOR LIGAND BINDING DOMAIN BOUND WITH ADNECTIN-1 AND COMPOUND-1,X-RAY DIFFRACTION,3.14,2015-01-05T00:00:00.000+00:00,2015-02-04T00:00:00.000+00:00,2,1
PXR,O75469,4X1F,Crystal structure of the hPXR-LBD in complex with the synthetic estrogen 17alpha-ethinylestradiol,X-RAY DIFFRACTION,2.0,2014-11-24T00:00:00.000+00:00,2015-09-09T00:00:00.000+00:00,1,2
PXR,O75469,4X1G,Crystal structure of the hPXR-LBD in complex with the synthetic estrogen 17alpha-ethinylestradiol and the pesticide trans-nonachlor,X-RAY DIFFRACTION,2.25,2014-11-24T00:00:00.000+00:00,2015-09-09T00:00:00.000+00:00,1,4
PXR,O75469,4XAO,Crystal structure of the hPXR-LBD obtained in presence of the pesticide trans-nonachlor,X-RAY DIFFRACTION,2.58,2014-12-15T00:00:00.000+00:00,2015-09-09T00:00:00.000+00:00,1,2
PXR,O75469,4XHD,STRUCTURE OF HUMAN PREGNANE X RECEPTOR LIGAND BINDING DOMAIN WITH COMPOUND-1,X-RAY DIFFRACTION,2.4,2015-01-05T00:00:00.000+00:00,2015-01-28T00:00:00.000+00:00,1,2
PXR,O75469,5A86,Structure of pregnane X receptor in complex with a Sphingosine 1- Phosphate Receptor 1 Antagonist,X-RAY DIFFRACTION,2.25,2015-07-13T00:00:00.000+00:00,2015-10-21T00:00:00.000+00:00,2,1
PXR,O75469,5X0R,Crystal Structure of PXR LBD Complexed with SJB7,X-RAY DIFFRACTION,2.665,2017-01-23T00:00:00.000+00:00,2017-10-04T00:00:00.000+00:00,2,1
PXR,O75469,6BNS,STRUCTURE OF HUMAN PREGNANE X RECEPTOR LIGAND BINDING DOMAIN BOUND TETHERED WITH SRC co-activator peptide and Compound 25a AKA BICYCLIC HEXAFLUOROISOPROPYL 2 ALCOHOL SULFONAMIDES,X-RAY DIFFRACTION,2.56,2017-11-17T00:00:00.000+00:00,2017-12-20T00:00:00.000+00:00,1,1
PXR,O75469,6DUP,CRYSTAL STRUCTURE OF PXR IN COMPLEX WITH COMPOUND 7,X-RAY DIFFRACTION,2.3,2018-06-21T00:00:00.000+00:00,2018-08-29T00:00:00.000+00:00,1,1
PXR,O75469,6HJ2,Crystal structure of hPXR in complex with dabrafenib,X-RAY DIFFRACTION,2.28,2018-08-31T00:00:00.000+00:00,2020-03-25T00:00:00.000+00:00,1,2
PXR,O75469,6HTY,PXR in complex with P2X4 inhibitor compound 25,X-RAY DIFFRACTION,2.22,2018-10-05T00:00:00.000+00:00,2019-12-04T00:00:00.000+00:00,1,3
PXR,O75469,6NX1,"STRUCTURE OF HUMAN PREGNANE X RECEPTOR LIGAND BINDING DOMAIN BOUND TETHERED WITH SRC CO-ACTIVATOR PEPTIDE AND COMPOUND-3 AKA 1,1,1,3,3,3-HEXAFLUORO-2-{4-[1-(4- LUOROBENZENESULFONYL)CYCLOPENTYL]PHENYL}PROPAN-2-OL",X-RAY DIFFRACTION,2.27,2019-02-07T00:00:00.000+00:00,2020-02-12T00:00:00.000+00:00,1,1
PXR,O75469,6P2B,Tethered PXR-LBD/SRC-1p bound to Garcinoic Acid,X-RAY DIFFRACTION,2.3,2019-05-21T00:00:00.000+00:00,2020-04-01T00:00:00.000+00:00,1,2
PXR,O75469,6S41,CRYSTAL STRUCTURE OF PXR IN COMPLEX WITH XPC-7455,X-RAY DIFFRACTION,2.7,2019-06-26T00:00:00.000+00:00,2019-10-02T00:00:00.000+00:00,1,1
PXR,O75469,6TFI,PXR IN COMPLEX WITH THROMBIN INHIBITOR COMPOUND 17,X-RAY DIFFRACTION,1.85,2019-11-14T00:00:00.000+00:00,2020-11-11T00:00:00.000+00:00,1,5
PXR,O75469,6XP9,"STRUCTURE OF HUMAN PREGNANE X RECEPTOR LIGAND BINDING DOMAIN BOUND TETHERED WITH SRC co-activator peptide IN COMPLEX WITH (S,S)-1",X-RAY DIFFRACTION,2.27,2020-07-08T00:00:00.000+00:00,2020-09-23T00:00:00.000+00:00,1,2
PXR,O75469,7AX8,Crystal structure of the hPXR-LBD in apo form (P43212 SG),X-RAY DIFFRACTION,2.15,2020-11-09T00:00:00.000+00:00,2021-01-13T00:00:00.000+00:00,1,1
PXR,O75469,7AX9,Crystal structure of the hPXR-LBD in complex with cis-chlordane,X-RAY DIFFRACTION,2.25,2020-11-09T00:00:00.000+00:00,2021-01-13T00:00:00.000+00:00,1,3
PXR,O75469,7AXA,Crystal structure of the hPXR-LBD in complex with clotrimazole,X-RAY DIFFRACTION,2.26,2020-11-09T00:00:00.000+00:00,2021-01-13T00:00:00.000+00:00,1,1
PXR,O75469,7AXB,Crystal structure of the hPXR-LBD in complex with endosulfan,X-RAY DIFFRACTION,2.55,2020-11-09T00:00:00.000+00:00,2021-01-13T00:00:00.000+00:00,1,3
PXR,O75469,7AXC,Crystal structure of the hPXR-LBD in complex with ferutinine,X-RAY DIFFRACTION,2.05,2020-11-09T00:00:00.000+00:00,2021-01-13T00:00:00.000+00:00,1,3
PXR,O75469,7AXD,Crystal structure of the hPXR-LBD in complex with fipronil,X-RAY DIFFRACTION,2.65,2020-11-09T00:00:00.000+00:00,2021-01-13T00:00:00.000+00:00,1,2
PXR,O75469,7AXE,Crystal structure of the hPXR-LBD in complex with oxadiazon,X-RAY DIFFRACTION,1.9,2020-11-09T00:00:00.000+00:00,2021-01-13T00:00:00.000+00:00,1,3
PXR,O75469,7AXF,Crystal structure of the hPXR-LBD in complex with pretilachlor,X-RAY DIFFRACTION,2.45,2020-11-09T00:00:00.000+00:00,2021-01-13T00:00:00.000+00:00,1,2
PXR,O75469,7AXG,Crystal structure of the hPXR-LBD in complex with tributyltin,X-RAY DIFFRACTION,2.7,2020-11-09T00:00:00.000+00:00,2021-01-13T00:00:00.000+00:00,1,1
PXR,O75469,7AXH,Crystal structure of the hPXR-LBD in complex with alpha-zearalanol,X-RAY DIFFRACTION,2.55,2020-11-09T00:00:00.000+00:00,2021-01-13T00:00:00.000+00:00,1,3
PXR,O75469,7AXI,Crystal structure of the hPXR-LBD in complex with estradiol and cis-chlordane,X-RAY DIFFRACTION,2.15,2020-11-09T00:00:00.000+00:00,2021-01-13T00:00:00.000+00:00,1,5
PXR,O75469,7AXJ,Crystal structure of the hPXR-LBD in complex with estradiol and clotrimazole,X-RAY DIFFRACTION,2.3,2020-11-09T00:00:00.000+00:00,2021-01-13T00:00:00.000+00:00,1,2
PXR,O75469,7AXK,Crystal structure of the hPXR-LBD in complex with estradiol and endosulfan,X-RAY DIFFRACTION,2.0,2020-11-09T00:00:00.000+00:00,2021-01-13T00:00:00.000+00:00,1,4
PXR,O75469,7AXL,Crystal structure of the hPXR-LBD in complex with estradiol and heptachlor endo-epoxide,X-RAY DIFFRACTION,2.5,2020-11-09T00:00:00.000+00:00,2021-01-13T00:00:00.000+00:00,1,3
PXR,O75469,7N2A,human PXR LBD bound to compound 2,X-RAY DIFFRACTION,2.26,2021-05-28T00:00:00.000+00:00,2021-08-25T00:00:00.000+00:00,1,1
PXR,O75469,7RIO,human PXR LBD bound to GSK003,X-RAY DIFFRACTION,2.48,2021-07-20T00:00:00.000+00:00,2021-08-25T00:00:00.000+00:00,1,1
PXR,O75469,7RIU,human PXR LBD bound to GSK002,X-RAY DIFFRACTION,2.05,2021-07-20T00:00:00.000+00:00,2021-08-25T00:00:00.000+00:00,1,1
PXR,O75469,7RIV,human PXR LBD bound to GSK001,X-RAY DIFFRACTION,2.2,2021-07-20T00:00:00.000+00:00,2021-08-25T00:00:00.000+00:00,1,1
PXR,O75469,7YFK,"The structure of human pregnane X receptor in complex with an SRC-1 coactivator peptide and a limonoid compound, nomilin",X-RAY DIFFRACTION,2.1,2022-07-08T00:00:00.000+00:00,2023-06-14T00:00:00.000+00:00,1,1
PXR,O75469,8CCT,"Crystal structure of the human PXR ligand-binding domain in complex with 2,2'-dichloro bisphenol A",X-RAY DIFFRACTION,2.9,2023-01-27T00:00:00.000+00:00,2024-02-07T00:00:00.000+00:00,1,1
PXR,O75469,8CF9,Crystal structure of the human PXR ligand-binding domain in complex with sclareol,X-RAY DIFFRACTION,2.0,2023-02-03T00:00:00.000+00:00,2024-02-21T00:00:00.000+00:00,1,2
PXR,O75469,8CH8,Crystal structure of the human PXR ligand-binding domain in complex with liranaftate,X-RAY DIFFRACTION,2.15,2023-02-07T00:00:00.000+00:00,2024-02-21T00:00:00.000+00:00,1,1
PXR,O75469,8E3N,Crystal structure of pregnane X receptor ligand binding domain complexed with rifamycin S,X-RAY DIFFRACTION,2.25,2022-08-17T00:00:00.000+00:00,2023-03-15T00:00:00.000+00:00,1,1
PXR,O75469,8EQZ,Crystal structure of pregnane X receptor ligand binding domain complexed with T0901317 analog T0-C6,X-RAY DIFFRACTION,2.37,2022-10-11T00:00:00.000+00:00,2023-03-15T00:00:00.000+00:00,1,1
PXR,O75469,8F5Y,Crystal structure of pregnane X receptor ligand binding domain complexed with JQ1,X-RAY DIFFRACTION,2.15,2022-11-15T00:00:00.000+00:00,2024-02-21T00:00:00.000+00:00,2,1
PXR,O75469,8FPE,Crystal structure of pregnane X receptor ligand binding domain complexed with T0901317 analog T0-BP,X-RAY DIFFRACTION,2.3,2023-01-04T00:00:00.000+00:00,2023-03-15T00:00:00.000+00:00,1,1
PXR,O75469,8R00,Crystal structure of the human PXR ligand-binding domain in complex with furanodienone,X-RAY DIFFRACTION,1.95,2023-10-30T00:00:00.000+00:00,2025-04-16T00:00:00.000+00:00,1,1
PXR,O75469,8R81,Crystal structure of the hPXR-LBD in complex with compound JMV6845,X-RAY DIFFRACTION,2.45,2023-11-27T00:00:00.000+00:00,2025-06-11T00:00:00.000+00:00,1,3
PXR,O75469,8R82,Crystal structure of the hPXR-LBD in complex with compound JMV6944,X-RAY DIFFRACTION,2.1,2023-11-27T00:00:00.000+00:00,2025-06-11T00:00:00.000+00:00,1,4
PXR,O75469,8SVN,Crystal structure of the apo form of pregnane X receptor ligand binding domain,X-RAY DIFFRACTION,2.2,2023-05-17T00:00:00.000+00:00,2024-05-15T00:00:00.000+00:00,1,0
PXR,O75469,8SVO,Crystal structure of pregnane X receptor ligand binding domain in complex with SJPYT-310,X-RAY DIFFRACTION,2.35,2023-05-17T00:00:00.000+00:00,2024-05-15T00:00:00.000+00:00,1,2
PXR,O75469,8SVP,Crystal structure of pregnane X receptor ligand binding domain in complex with SJPYT-278,X-RAY DIFFRACTION,3.32,2023-05-17T00:00:00.000+00:00,2024-05-15T00:00:00.000+00:00,1,2
PXR,O75469,8SVQ,Crystal structure of pregnane X receptor ligand binding domain in complex with SJPYT-312,X-RAY DIFFRACTION,2.75,2023-05-17T00:00:00.000+00:00,2024-05-15T00:00:00.000+00:00,1,2
PXR,O75469,8SVR,Crystal structure of pregnane X receptor ligand binding domain in complex with SJPYT-326,X-RAY DIFFRACTION,2.92,2023-05-17T00:00:00.000+00:00,2024-05-15T00:00:00.000+00:00,1,2
PXR,O75469,8SVS,Crystal structure of pregnane X receptor ligand binding domain in complex with SJPYT-328,X-RAY DIFFRACTION,2.68,2023-05-17T00:00:00.000+00:00,2024-05-15T00:00:00.000+00:00,1,1
PXR,O75469,8SVT,Crystal structure of pregnane X receptor ligand binding domain in complex with SJPYT-331,X-RAY DIFFRACTION,2.39,2023-05-17T00:00:00.000+00:00,2024-05-15T00:00:00.000+00:00,1,2
PXR,O75469,8SVU,Crystal structure of the L428V mutant of pregnane X receptor ligand binding domain in apo form,X-RAY DIFFRACTION,2.89,2023-05-17T00:00:00.000+00:00,2024-05-15T00:00:00.000+00:00,1,1
PXR,O75469,8SVX,Crystal structure of the L428V mutant of pregnane X receptor ligand binding domain in complex with SJPYT-331,X-RAY DIFFRACTION,2.14,2023-05-17T00:00:00.000+00:00,2024-05-15T00:00:00.000+00:00,1,2
PXR,O75469,8SZV,Crystal structure of pregnane X receptor ligand binding domain complexed with T0901317 analog SJPYT-318,X-RAY DIFFRACTION,2.2,2023-05-30T00:00:00.000+00:00,2023-10-11T00:00:00.000+00:00,1,1
PXR,O75469,9BEQ,Crystal structure of pregnane X receptor ligand binding domain complexed with AP1867,X-RAY DIFFRACTION,2.6,2024-04-16T00:00:00.000+00:00,2024-10-09T00:00:00.000+00:00,1,1
PXR,O75469,9FZG,Crystal structure of the hPXR-LBD in complex with compound JMV7035,X-RAY DIFFRACTION,2.0,2024-07-05T00:00:00.000+00:00,2025-02-19T00:00:00.000+00:00,1,3
PXR,O75469,9FZH,Crystal structure of the hPXR-LBD in complex with compound JMV6995,X-RAY DIFFRACTION,2.5,2024-07-05T00:00:00.000+00:00,2025-02-19T00:00:00.000+00:00,1,1
PXR,O75469,9FZI,A new crystal structure of the hPXR-LBD in fusion with an SRC1 co-activator peptide and in complex with SR12813 (P212121 form),X-RAY DIFFRACTION,2.7,2024-07-05T00:00:00.000+00:00,2025-02-19T00:00:00.000+00:00,1,1
PXR,O75469,9FZJ,A new crystal structure of the hPXR-LBD in complex with SR12813 (P43212 form),X-RAY DIFFRACTION,1.6,2024-07-05T00:00:00.000+00:00,2025-02-19T00:00:00.000+00:00,1,4
PXR,O75469,9O41,Crystal structure of the L411A mutant of pregnane X receptor ligand binding domain (apo form),X-RAY DIFFRACTION,2.05,2025-04-08T00:00:00.000+00:00,2025-11-05T00:00:00.000+00:00,1,0
PXR,O75469,9O42,Crystal structure of the L411A mutant of pregnane X receptor ligand binding domain in complex with SJPYT-328,X-RAY DIFFRACTION,2.51,2025-04-08T00:00:00.000+00:00,2025-11-05T00:00:00.000+00:00,1,1
PXR,O75469,9O43,Crystal structure of the L411A mutant of pregnane X receptor ligand binding domain in complex with SJPYT-331,X-RAY DIFFRACTION,2.76,2025-04-08T00:00:00.000+00:00,2025-11-05T00:00:00.000+00:00,1,1
PXR,O75469,9O44,Crystal structure of the L411W mutant of pregnane X receptor ligand binding domain (apo form),X-RAY DIFFRACTION,2.3,2025-04-08T00:00:00.000+00:00,2025-11-05T00:00:00.000+00:00,1,0
PXR,O75469,9O45,Crystal structure of the L411W mutant of pregnane X receptor ligand binding domain in complex with SJPYT-328,X-RAY DIFFRACTION,2.56,2025-04-08T00:00:00.000+00:00,2025-11-05T00:00:00.000+00:00,1,1
PXR,O75469,9O46,Crystal structure of the L411W mutant of pregnane X receptor ligand binding domain in complex with SJPYT-331,X-RAY DIFFRACTION,3.02,2025-04-08T00:00:00.000+00:00,2025-11-05T00:00:00.000+00:00,1,1
RARA,P10276,1DKF,CRYSTAL STRUCTURE OF A HETERODIMERIC COMPLEX OF RAR AND RXR LIGAND-BINDING DOMAINS,X-RAY DIFFRACTION,2.5,1999-12-07T00:00:00.000+00:00,2000-04-19T00:00:00.000+00:00,2,2
RARA,P10276,1DSZ,STRUCTURE OF THE RXR/RAR DNA-BINDING DOMAIN HETERODIMER IN COMPLEX WITH THE RETINOIC ACID RESPONSE ELEMENT DR1,X-RAY DIFFRACTION,1.7,2000-01-10T00:00:00.000+00:00,2000-07-10T00:00:00.000+00:00,4,1
RARA,P10276,3A9E,Crystal structure of a mixed agonist-bound RAR-alpha and antagonist-bound RXR-alpha heterodimer ligand binding domains,X-RAY DIFFRACTION,2.75,2009-10-24T00:00:00.000+00:00,2010-10-06T00:00:00.000+00:00,3,2
RARA,P10276,3KMR,Crystal structure of RARalpha ligand binding domain in complex with an agonist ligand (Am580) and a coactivator fragment,X-RAY DIFFRACTION,1.8,2009-11-11T00:00:00.000+00:00,2010-06-02T00:00:00.000+00:00,2,1
RARA,P10276,3KMZ,Crystal structure of RARalpha ligand binding domain in complex with the inverse agonist BMS493 and a corepressor fragment,X-RAY DIFFRACTION,2.1,2009-11-11T00:00:00.000+00:00,2010-06-02T00:00:00.000+00:00,2,2
RARA,P10276,4DQM,Revealing a marine natural product as a novel agonist for retinoic acid receptors with a unique binding mode and antitumor activity,X-RAY DIFFRACTION,2.75,2012-02-16T00:00:00.000+00:00,2012-10-03T00:00:00.000+00:00,2,1
RARA,P10276,5K13,Crystal structure of the RAR alpha ligand-binding domain in complex with an antagonist,X-RAY DIFFRACTION,1.85,2016-05-17T00:00:00.000+00:00,2016-06-22T00:00:00.000+00:00,1,1
RARA,P10276,6XWG,Crystal Structure of the Human RXR/RAR DNA-Binding Domain Heterodimer Bound to the Human RARb2 DR5 Response Element,X-RAY DIFFRACTION,2.4,2020-01-23T00:00:00.000+00:00,2020-09-09T00:00:00.000+00:00,4,3
RARA,P10276,7AOS,crystal structure of the RARalpha/RXRalpha ligand binding domain heterodimer in complex with a fragment of SRC1 coactivator,X-RAY DIFFRACTION,2.55,2020-10-15T00:00:00.000+00:00,2021-08-04T00:00:00.000+00:00,3,3
RARA,P10276,7APO,Crystal structure of RARalpha ligand binding domain in complex with a fragment of the TIF2 coactivator,X-RAY DIFFRACTION,2.4,2020-10-19T00:00:00.000+00:00,2021-08-04T00:00:00.000+00:00,2,2
RARA,P10276,7QAA,Crystal structure of RARalpha/RXRalpha ligand binding domain heterodimer in complex with BMS614 and oleic acid,X-RAY DIFFRACTION,2.76,2021-11-16T00:00:00.000+00:00,2022-10-05T00:00:00.000+00:00,2,2
RARA,P10276,7WQQ,Retinoic acid receptor alpha mutant - N299H,X-RAY DIFFRACTION,1.9,2022-01-25T00:00:00.000+00:00,2023-01-25T00:00:00.000+00:00,2,1
RARA,P10276,9GFE,hRAR LBD protein in complex with AM580 agonist ligand and a stapled peptide,X-RAY DIFFRACTION,1.583,2024-08-09T00:00:00.000+00:00,2025-01-22T00:00:00.000+00:00,2,1
RARA,P10276,9GFI,hRAR alpha LBD-AM580 complex with staple peptide,X-RAY DIFFRACTION,2.1,2024-08-09T00:00:00.000+00:00,2025-02-12T00:00:00.000+00:00,2,1
RARB,P10826,1HRA,THE SOLUTION STRUCTURE OF THE HUMAN RETINOIC ACID RECEPTOR-BETA DNA-BINDING DOMAIN,SOLUTION NMR,,1993-07-25T00:00:00.000+00:00,1994-01-31T00:00:00.000+00:00,1,1
RARB,P10826,1XAP,Structure of the ligand binding domain of the Retinoic Acid Receptor beta,X-RAY DIFFRACTION,2.1,2004-08-26T00:00:00.000+00:00,2004-11-16T00:00:00.000+00:00,1,1
RARB,P10826,4DM6,Crystal structure of RARb LBD homodimer in complex with TTNPB,X-RAY DIFFRACTION,1.9,2012-02-07T00:00:00.000+00:00,2012-03-07T00:00:00.000+00:00,2,1
RARB,P10826,4DM8,Crystal structure of RARb LBD in complex with 9cis retinoic acid,X-RAY DIFFRACTION,2.3,2012-02-07T00:00:00.000+00:00,2012-03-07T00:00:00.000+00:00,2,1
RARB,P10826,4JYG,"Crystal structure of RARbeta LBD in complex with agonist BMS411 [4-{[(5,5-dimethyl-8-phenyl-5,6-dihydronaphthalen-2-yl)carbonyl]amino}benzoic acid]",X-RAY DIFFRACTION,2.35,2013-03-29T00:00:00.000+00:00,2014-03-19T00:00:00.000+00:00,2,3
RARB,P10826,4JYH,Crystal structure of RARbeta LBD in complex with selective agonist BMS948 [4-{[(8-phenylnaphthalen-2-yl)carbonyl]amino}benzoic acid],X-RAY DIFFRACTION,2.6,2013-03-29T00:00:00.000+00:00,2014-03-19T00:00:00.000+00:00,2,2
RARB,P10826,4JYI,"Crystal structure of RARbeta LBD in complex with selective partial agonist BMS641 [3-chloro-4-[(E)-2-(5,5-dimethyl-8-phenyl-5,6-dihydronaphthalen-2-yl)ethenyl]benzoic acid]",X-RAY DIFFRACTION,1.9,2013-03-29T00:00:00.000+00:00,2014-03-19T00:00:00.000+00:00,2,2
RARB,P10826,5UAN,Crystal structure of multi-domain RAR-beta-RXR-alpha heterodimer on DNA,X-RAY DIFFRACTION,3.508,2016-12-19T00:00:00.000+00:00,2017-10-18T00:00:00.000+00:00,5,3
RARB,P10826,6SSQ,Crystal structure of RARbeta LBD in complex with LG 100754,X-RAY DIFFRACTION,2.3,2019-09-09T00:00:00.000+00:00,2019-11-20T00:00:00.000+00:00,2,3
RARG,P13631,1EXA,ENANTIOMER DISCRIMINATION ILLUSTRATED BY CRYSTAL STRUCTURES OF THE HUMAN RETINOIC ACID RECEPTOR HRARGAMMA LIGAND BINDING DOMAIN: THE COMPLEX WITH THE ACTIVE R-ENANTIOMER BMS270394.,X-RAY DIFFRACTION,1.59,2000-05-02T00:00:00.000+00:00,2000-06-09T00:00:00.000+00:00,1,2
RARG,P13631,1EXX,ENANTIOMER DISCRIMINATION ILLUSTRATED BY CRYSTAL STRUCTURES OF THE HUMAN RETINOIC ACID RECEPTOR HRARGAMMA LIGAND BINDING DOMAIN: THE COMPLEX WITH THE INACTIVE S-ENANTIOMER BMS270395.,X-RAY DIFFRACTION,1.67,2000-05-05T00:00:00.000+00:00,2000-06-09T00:00:00.000+00:00,1,2
RARG,P13631,1FCX,ISOTYPE SELECTIVITY OF THE HUMAN RETINOIC ACID NUCLEAR RECEPTOR HRAR: THE COMPLEX WITH THE RARGAMMA-SELECTIVE RETINOID BMS184394,X-RAY DIFFRACTION,1.47,2000-07-19T00:00:00.000+00:00,2000-09-11T00:00:00.000+00:00,1,2
RARG,P13631,1FCY,ISOTYPE SELECTIVITY OF THE HUMAN RETINOIC ACID NUCLEAR RECEPTOR HRAR: THE COMPLEX WITH THE RARBETA/GAMMA-SELECTIVE RETINOID CD564,X-RAY DIFFRACTION,1.3,2000-07-19T00:00:00.000+00:00,2000-09-11T00:00:00.000+00:00,1,2
RARG,P13631,1FCZ,ISOTYPE SELECTIVITY OF THE HUMAN RETINOIC ACID NUCLEAR RECEPTOR HRAR: THE COMPLEX WITH THE PANAGONIST RETINOID BMS181156,X-RAY DIFFRACTION,1.38,2000-07-19T00:00:00.000+00:00,2000-09-11T00:00:00.000+00:00,1,2
RARG,P13631,1FD0,ISOTYPE SELECTIVITY OF THE HUMAN RETINOIC ACID NUCLEAR RECEPTOR HRAR: THE COMPLEX WITH THE RARGAMMA-SELECTIVE RETINOID SR11254,X-RAY DIFFRACTION,1.38,2000-07-19T00:00:00.000+00:00,2002-09-27T00:00:00.000+00:00,1,2
RARG,P13631,2LBD,LIGAND-BINDING DOMAIN OF THE HUMAN RETINOIC ACID RECEPTOR GAMMA BOUND TO ALL-TRANS RETINOIC ACID,X-RAY DIFFRACTION,2.06,1997-08-19T00:00:00.000+00:00,1997-11-12T00:00:00.000+00:00,1,1
RARG,P13631,3LBD,LIGAND-BINDING DOMAIN OF THE HUMAN RETINOIC ACID RECEPTOR GAMMA BOUND TO 9-CIS RETINOIC ACID,X-RAY DIFFRACTION,2.4,1998-02-04T00:00:00.000+00:00,1999-03-02T00:00:00.000+00:00,1,1
RARG,P13631,4LBD,LIGAND-BINDING DOMAIN OF THE HUMAN RETINOIC ACID RECEPTOR GAMMA BOUND TO THE SYNTHETIC AGONIST BMS961,X-RAY DIFFRACTION,2.5,1998-02-04T00:00:00.000+00:00,1999-03-02T00:00:00.000+00:00,1,1
RARG,P13631,5M24,RARg mutant-S371E,X-RAY DIFFRACTION,1.69,2016-10-11T00:00:00.000+00:00,2017-09-20T00:00:00.000+00:00,1,3
RARG,P13631,6FX0,"Structure-based design of Trifarotene (CD5789), a potent and selective RAR gamma agonist for the treatment of acne",X-RAY DIFFRACTION,1.9,2018-03-08T00:00:00.000+00:00,2018-05-23T00:00:00.000+00:00,1,2
REV_ERB_ALPHA,P20393,1A6Y,REVERBA ORPHAN NUCLEAR RECEPTOR/DNA COMPLEX,X-RAY DIFFRACTION,2.3,1998-03-04T00:00:00.000+00:00,1998-10-21T00:00:00.000+00:00,3,1
REV_ERB_ALPHA,P20393,1GA5,CRYSTAL STRUCTURE OF THE ORPHAN NUCLEAR RECEPTOR REV-ERB(ALPHA) DNA-BINDING DOMAIN BOUND TO ITS COGNATE RESPONSE ELEMENT,X-RAY DIFFRACTION,2.4,2000-11-29T00:00:00.000+00:00,2001-11-16T00:00:00.000+00:00,3,1
REV_ERB_ALPHA,P20393,1HLZ,CRYSTAL STRUCTURE OF THE ORPHAN NUCLEAR RECEPTOR REV-ERB(ALPHA) DNA-BINDING DOMAIN BOUND TO ITS COGNATE RESPONSE ELEMENT,X-RAY DIFFRACTION,2.8,2000-12-04T00:00:00.000+00:00,2001-11-16T00:00:00.000+00:00,3,1
REV_ERB_ALPHA,P20393,3N00,Crystal Structure of a deletion mutant of human Reverba ligand binding domain bound with an NCoR ID1 peptide determined to 2.60A,X-RAY DIFFRACTION,2.6,2010-05-13T00:00:00.000+00:00,2010-06-30T00:00:00.000+00:00,2,0
REV_ERB_ALPHA,P20393,8D8I,Crystal structure of Reverb alpha in complex with synthetic agonist,X-RAY DIFFRACTION,2.504,2022-06-08T00:00:00.000+00:00,2022-12-14T00:00:00.000+00:00,2,1
REV_ERB_BETA,Q14995,2V0V,Crystal Structure of Rev-Erb beta,X-RAY DIFFRACTION,2.4,2007-05-19T00:00:00.000+00:00,2007-10-23T00:00:00.000+00:00,1,0
REV_ERB_BETA,Q14995,2V7C,Crystal Structure of Rev-Erb beta,X-RAY DIFFRACTION,2.4,2007-07-29T00:00:00.000+00:00,2007-10-23T00:00:00.000+00:00,1,0
REV_ERB_BETA,Q14995,3CQV,Crystal structure of Reverb beta in complex with heme,X-RAY DIFFRACTION,1.9,2008-04-03T00:00:00.000+00:00,2008-08-05T00:00:00.000+00:00,1,1
REV_ERB_BETA,Q14995,4N73,Crystal structure of the ligand binding domain (LBD) of REV-ERB beta bound to Cobalt Protoporphyrin IX,X-RAY DIFFRACTION,1.8662,2013-10-14T00:00:00.000+00:00,2014-06-04T00:00:00.000+00:00,1,1
REV_ERB_BETA,Q14995,6WMQ,Crystal Structure of Human REV-ERBbeta Ligand Binding Domain Co-Bound to Heme and NCoR ID1 Peptide,X-RAY DIFFRACTION,2.55,2020-04-21T00:00:00.000+00:00,2021-02-17T00:00:00.000+00:00,2,1
REV_ERB_BETA,Q14995,6WMS,Crystal Structure of Human REV-ERBbeta Ligand Binding Domain Co-Bound to Heme and NCoR ID2 Peptide,X-RAY DIFFRACTION,2.0,2020-04-21T00:00:00.000+00:00,2021-02-17T00:00:00.000+00:00,2,1
RORA,P35398,1N83,Crystal Structure of the complex between the Orphan Nuclear Hormone Receptor ROR(alpha)-LBD and Cholesterol,X-RAY DIFFRACTION,1.63,2002-11-19T00:00:00.000+00:00,2002-12-11T00:00:00.000+00:00,1,1
RORA,P35398,1S0X,Crystal structure of the human RORalpha ligand binding domain in complex with cholesterol sulfate at 2.2A,X-RAY DIFFRACTION,2.2,2004-01-05T00:00:00.000+00:00,2004-02-10T00:00:00.000+00:00,1,1
RORA,P35398,4S15,"Crystal structure of the orphan nuclear receptor RORalpha ligand-binding domain in complex with 4alpha-caboxyl, 4beta-methyl-zymosterol (4ACD8)",X-RAY DIFFRACTION,1.897,2015-01-08T00:00:00.000+00:00,2015-02-11T00:00:00.000+00:00,2,2
RORC,P51449,29OB,Crystal structure of RORg LBD in complex with DHEA,X-RAY DIFFRACTION,3.6,2026-03-25T00:00:00.000+00:00,2026-07-01T00:00:00.000+00:00,1,1
RORC,P51449,3B0W,Crystal structure of the orphan nuclear receptor ROR(gamma)t ligand-binding domain in complex with digoxin,X-RAY DIFFRACTION,2.2,2011-06-17T00:00:00.000+00:00,2011-07-06T00:00:00.000+00:00,1,1
RORC,P51449,3KYT,Crystal structure of orphan nuclear receptor RORgamma in complex with natural ligand,X-RAY DIFFRACTION,2.35,2009-12-07T00:00:00.000+00:00,2010-03-16T00:00:00.000+00:00,2,1
RORC,P51449,3L0J,Crystal structure of orphan nuclear receptor RORgamma in complex with natural ligand,X-RAY DIFFRACTION,2.4,2009-12-10T00:00:00.000+00:00,2010-03-16T00:00:00.000+00:00,2,1
RORC,P51449,3L0L,Crystal structure of orphan nuclear receptor RORgamma in complex with natural ligand,X-RAY DIFFRACTION,1.74,2009-12-10T00:00:00.000+00:00,2010-03-16T00:00:00.000+00:00,2,1
RORC,P51449,4NB6,Crystal structure of the ligand binding domain of RORC with T0901317,X-RAY DIFFRACTION,2.85,2013-10-22T00:00:00.000+00:00,2013-11-27T00:00:00.000+00:00,1,1
RORC,P51449,4NIE,Crystal structure of the orphan nuclear receptor ROR(gamma)t ligand-binding domain in complex with small molecule ligand,X-RAY DIFFRACTION,2.01,2013-11-06T00:00:00.000+00:00,2013-12-11T00:00:00.000+00:00,2,2
RORC,P51449,4QM0,Crystal structure of RORc in complex with a tertiary sulfonamide inverse agonist,X-RAY DIFFRACTION,2.195,2014-06-14T00:00:00.000+00:00,2014-09-17T00:00:00.000+00:00,1,2
RORC,P51449,4S14,"Crystal structure of the orphan nuclear receptor RORgamma ligand-binding domain in complex with 4alpha-caboxyl, 4beta-methyl-zymosterol (4ACD8)",X-RAY DIFFRACTION,3.542,2015-01-07T00:00:00.000+00:00,2015-02-11T00:00:00.000+00:00,2,1
RORC,P51449,4WLB,Crystal structure of RORc in complex with a partial inverse agonist compound,X-RAY DIFFRACTION,1.702,2014-10-07T00:00:00.000+00:00,2014-11-12T00:00:00.000+00:00,2,2
RORC,P51449,4WPF,Crystal structure of RORc in complex with a phenyl sulfonamide agonist,X-RAY DIFFRACTION,2.202,2014-10-18T00:00:00.000+00:00,2015-01-14T00:00:00.000+00:00,2,1
RORC,P51449,4WQP,Crystal structure of RORc in complex with a benzyl sulfonamide inverse agonist,X-RAY DIFFRACTION,1.99,2014-10-22T00:00:00.000+00:00,2015-01-14T00:00:00.000+00:00,2,2
RORC,P51449,4XT9,RORgamma (263-509) complexed with GSK2435341A and SRC2,X-RAY DIFFRACTION,2.25,2015-01-23T00:00:00.000+00:00,2015-08-12T00:00:00.000+00:00,2,2
RORC,P51449,4YMQ,X-ray co-structure of nuclear receptor ROR-GAMMAT + SRC2 peptide with a benzothiadiazole dioxide inverse agonist,X-RAY DIFFRACTION,2.0,2015-03-07T00:00:00.000+00:00,2015-04-22T00:00:00.000+00:00,1,3
RORC,P51449,4YPQ,Crystal structure of the ROR(gamma)t ligand binding domain in complex with 4-(1-(2-chloro-6-(trifluoromethyl)benzoyl)-1H-indazol-3-yl)benzoic acid,X-RAY DIFFRACTION,2.32,2015-03-13T00:00:00.000+00:00,2015-12-23T00:00:00.000+00:00,1,2
RORC,P51449,4ZJR,RORgamma in complex with inverse agonist 48,X-RAY DIFFRACTION,2.702,2015-04-29T00:00:00.000+00:00,2015-06-17T00:00:00.000+00:00,1,1
RORC,P51449,4ZJW,RORgamma in complex with inverse agonist 16,X-RAY DIFFRACTION,2.5,2015-04-29T00:00:00.000+00:00,2015-06-17T00:00:00.000+00:00,1,1
RORC,P51449,4ZOM,RORgamma in complex with inverse agonist 4j.,X-RAY DIFFRACTION,2.27,2015-05-06T00:00:00.000+00:00,2015-06-17T00:00:00.000+00:00,1,1
RORC,P51449,5APH,Ligand complex of RORg LBD,X-RAY DIFFRACTION,1.54,2015-09-16T00:00:00.000+00:00,2015-11-25T00:00:00.000+00:00,2,2
RORC,P51449,5APJ,Ligand complex of RORg LBD,X-RAY DIFFRACTION,2.08,2015-09-16T00:00:00.000+00:00,2015-11-25T00:00:00.000+00:00,2,2
RORC,P51449,5APK,Ligand complex of RORg LBD,X-RAY DIFFRACTION,2.1,2015-09-16T00:00:00.000+00:00,2015-11-25T00:00:00.000+00:00,2,1
RORC,P51449,5AYG,Crystal Structure of the Human ROR gamma Ligand Binding Domain With 3g,X-RAY DIFFRACTION,2.6,2015-08-20T00:00:00.000+00:00,2016-03-02T00:00:00.000+00:00,1,1
RORC,P51449,5C4O,Identification of a Novel Allosteric Binding Site for RORgt Inhibitors,X-RAY DIFFRACTION,2.24,2015-06-18T00:00:00.000+00:00,2015-12-16T00:00:00.000+00:00,1,3
RORC,P51449,5C4S,Identification of a Novel Allosteric Binding Site for RORgt Inhibitors,X-RAY DIFFRACTION,2.23,2015-06-18T00:00:00.000+00:00,2015-12-16T00:00:00.000+00:00,1,2
RORC,P51449,5C4T,Identification of a Novel Allosteric Binding Site for RORgt Inhibitors,X-RAY DIFFRACTION,1.77,2015-06-18T00:00:00.000+00:00,2015-12-16T00:00:00.000+00:00,1,3
RORC,P51449,5C4U,Identification of a Novel Allosteric Binding Site for RORgt Inhibitors,X-RAY DIFFRACTION,2.08,2015-06-18T00:00:00.000+00:00,2015-12-16T00:00:00.000+00:00,1,2
RORC,P51449,5EJV,RORy in complex with T090131718 and Coactivator peptide EBI96,X-RAY DIFFRACTION,2.58,2015-11-02T00:00:00.000+00:00,2016-04-27T00:00:00.000+00:00,2,1
RORC,P51449,5ETH,RORy in complex with inverse agonist 3.,X-RAY DIFFRACTION,2.803,2015-11-17T00:00:00.000+00:00,2016-04-27T00:00:00.000+00:00,1,1
RORC,P51449,5G42,Ligand complex of RORg LBD,X-RAY DIFFRACTION,1.72,2016-05-04T00:00:00.000+00:00,2016-08-03T00:00:00.000+00:00,2,2
RORC,P51449,5G43,Ligand complex of RORg LBD,X-RAY DIFFRACTION,2.58,2016-05-04T00:00:00.000+00:00,2016-08-03T00:00:00.000+00:00,2,1
RORC,P51449,5G44,Ligand complex of RORg LBD,X-RAY DIFFRACTION,1.84,2016-05-04T00:00:00.000+00:00,2016-08-03T00:00:00.000+00:00,2,5
RORC,P51449,5G45,Ligand complex of RORg LBD,X-RAY DIFFRACTION,2.07,2016-05-04T00:00:00.000+00:00,2016-08-03T00:00:00.000+00:00,2,3
RORC,P51449,5G46,Ligand complex of RORg LBD,X-RAY DIFFRACTION,1.76,2016-05-04T00:00:00.000+00:00,2016-08-03T00:00:00.000+00:00,2,2
RORC,P51449,5IXK,RORgamma in complex with inverse agonist BIO399.,X-RAY DIFFRACTION,2.35,2016-03-23T00:00:00.000+00:00,2016-06-15T00:00:00.000+00:00,1,1
RORC,P51449,5IZ0,RORgamma in complex with agonist BIO592 and Coactivator EBI96,X-RAY DIFFRACTION,2.635,2016-03-24T00:00:00.000+00:00,2016-06-15T00:00:00.000+00:00,2,2
RORC,P51449,5K38,Crystal structure of Retinoic acid receptor-related orphan receptor (ROR) gamma ligand binding domain,X-RAY DIFFRACTION,2.05,2016-05-19T00:00:00.000+00:00,2017-05-31T00:00:00.000+00:00,1,0
RORC,P51449,5K3L,Crystal structure of Retinoic acid receptor-related orphan receptor (ROR) gamma ligand binding domain complex with 444,X-RAY DIFFRACTION,2.75,2016-05-19T00:00:00.000+00:00,2017-05-31T00:00:00.000+00:00,1,1
RORC,P51449,5K3M,Crystal structure of Retinoic acid receptor-related orphan receptor (ROR) gamma ligand binding domain complex with UUA,X-RAY DIFFRACTION,2.894,2016-05-19T00:00:00.000+00:00,2017-05-31T00:00:00.000+00:00,1,1
RORC,P51449,5K3N,Crystal structure of Retinoic acid receptor-related orphan receptor (ROR) gamma ligand binding domain complex with ML209,X-RAY DIFFRACTION,2.666,2016-05-19T00:00:00.000+00:00,2017-05-31T00:00:00.000+00:00,1,1
RORC,P51449,5K6E,Crystal structure of Retinoic acid receptor-related orphan receptor (ROR) gamma ligand binding domain complex with SBI0654919,X-RAY DIFFRACTION,2.8,2016-05-24T00:00:00.000+00:00,2017-05-31T00:00:00.000+00:00,1,1
RORC,P51449,5K74,Crystal structure of Retinoic acid receptor-related orphan receptor (ROR) gamma ligand binding domain complex with SBI0655870,X-RAY DIFFRACTION,2.75,2016-05-25T00:00:00.000+00:00,2017-05-31T00:00:00.000+00:00,1,1
RORC,P51449,5LWP,Discovery of phenoxyindazoles and phenylthioindazoles as RORg inverse agonists,X-RAY DIFFRACTION,2.4,2016-09-19T00:00:00.000+00:00,2016-11-16T00:00:00.000+00:00,1,1
RORC,P51449,5M96,Synthesis and biological evaluation of new triazolo and imidazolopyridine RORgt inverse agonists,X-RAY DIFFRACTION,1.77,2016-10-31T00:00:00.000+00:00,2016-12-14T00:00:00.000+00:00,1,1
RORC,P51449,5NI5,Ligand complex of RORg LBD,X-RAY DIFFRACTION,2.3,2017-03-23T00:00:00.000+00:00,2018-08-22T00:00:00.000+00:00,2,2
RORC,P51449,5NI7,Ligand complex of RORg LBD,X-RAY DIFFRACTION,2.45,2017-03-23T00:00:00.000+00:00,2018-08-22T00:00:00.000+00:00,2,3
RORC,P51449,5NI8,Ligand complex of RORg LBD,X-RAY DIFFRACTION,1.94,2017-03-23T00:00:00.000+00:00,2018-08-22T00:00:00.000+00:00,2,2
RORC,P51449,5NIB,Ligand complex of RORg LBD,X-RAY DIFFRACTION,1.82,2017-03-23T00:00:00.000+00:00,2018-08-22T00:00:00.000+00:00,2,3
RORC,P51449,5NTI,Structural states of RORgt: X-ray elucidation of molecular mechanisms and binding interactions for natural and synthetic compounds,X-RAY DIFFRACTION,2.4,2017-04-28T00:00:00.000+00:00,2017-06-21T00:00:00.000+00:00,2,1
RORC,P51449,5NTK,Structural states of RORgt: X-ray elucidation of molecular mechanisms and binding interactions for natural and synthetic compounds,X-RAY DIFFRACTION,1.9,2017-04-28T00:00:00.000+00:00,2017-06-21T00:00:00.000+00:00,1,1
RORC,P51449,5NTN,Structural states of RORgt: X-ray elucidation of molecular mechanisms and binding interactions for natural and synthetic compounds,X-RAY DIFFRACTION,1.9,2017-04-28T00:00:00.000+00:00,2017-06-21T00:00:00.000+00:00,2,1
RORC,P51449,5NTP,Structural states of RORgt: X-ray elucidation of molecular mechanisms and binding interactions for natural and synthetic compounds,X-RAY DIFFRACTION,1.7,2017-04-28T00:00:00.000+00:00,2017-06-21T00:00:00.000+00:00,1,1
RORC,P51449,5NTQ,Structural states of RORgt: X-ray elucidation of molecular mechanisms and binding interactions for natural and synthetic compounds,X-RAY DIFFRACTION,2.26,2017-04-28T00:00:00.000+00:00,2017-06-21T00:00:00.000+00:00,1,1
RORC,P51449,5NTW,Structural states of RORgt: X-ray elucidation of molecular mechanisms and binding interactions for natural and synthetic compounds,X-RAY DIFFRACTION,1.64,2017-04-28T00:00:00.000+00:00,2017-06-21T00:00:00.000+00:00,2,1
RORC,P51449,5NU1,Structural states of RORgt: X-ray elucidation of molecular mechanisms and binding interactions for natural and synthetic compounds,X-RAY DIFFRACTION,1.85,2017-04-28T00:00:00.000+00:00,2017-06-21T00:00:00.000+00:00,2,1
RORC,P51449,5UFO,Structure of RORgt bound to,X-RAY DIFFRACTION,2.802,2017-01-05T00:00:00.000+00:00,2017-04-05T00:00:00.000+00:00,1,1
RORC,P51449,5UFR,Structure of RORgt bound to,X-RAY DIFFRACTION,2.068,2017-01-05T00:00:00.000+00:00,2017-04-05T00:00:00.000+00:00,1,1
RORC,P51449,5UHI,Structure of RORgt bound to,X-RAY DIFFRACTION,3.198,2017-01-11T00:00:00.000+00:00,2017-04-05T00:00:00.000+00:00,1,1
RORC,P51449,5VB3,X-ray structure of nuclear receptor ROR-gammat Ligand Binding Domain + SRC2 peptide,X-RAY DIFFRACTION,1.95,2017-03-28T00:00:00.000+00:00,2017-06-07T00:00:00.000+00:00,1,1
RORC,P51449,5VB5,X-ray co-structure of nuclear receptor ROR-gammat Ligand Binding Domain with an inverse agonist and SRC2 peptide,X-RAY DIFFRACTION,2.226,2017-03-28T00:00:00.000+00:00,2017-06-07T00:00:00.000+00:00,1,2
RORC,P51449,5VB6,X-ray co-structure of nuclear receptor ROR-gammat Ligand Binding Domain with an inverse agonist and SRC2 peptide,X-RAY DIFFRACTION,2.041,2017-03-28T00:00:00.000+00:00,2017-06-07T00:00:00.000+00:00,1,2
RORC,P51449,5VB7,X-ray co-structure of nuclear receptor ROR-gammat Ligand Binding Domain with an agonist and SRC2 peptide,X-RAY DIFFRACTION,2.335,2017-03-28T00:00:00.000+00:00,2017-06-07T00:00:00.000+00:00,1,2
RORC,P51449,5VQK,X-ray co-structure of nuclear receptor ROR-gammat Ligand Binding Domain with a inverse agonist and SRC2 peptide,X-RAY DIFFRACTION,3.1,2017-05-09T00:00:00.000+00:00,2018-05-16T00:00:00.000+00:00,1,1
RORC,P51449,5VQL,X-ray co-structure of nuclear receptor ROR-gammat Ligand Binding Domain with a inverse agonist and SRC2 peptide,X-RAY DIFFRACTION,2.7,2017-05-09T00:00:00.000+00:00,2018-05-16T00:00:00.000+00:00,1,2
RORC,P51449,5W4R,Structure of RORgt bound to a tertiary alcohol,X-RAY DIFFRACTION,3.002,2017-06-12T00:00:00.000+00:00,2017-12-27T00:00:00.000+00:00,1,1
RORC,P51449,5W4V,Structure of RORgt bound to a tertiary alcohol,X-RAY DIFFRACTION,2.65,2017-06-13T00:00:00.000+00:00,2017-12-27T00:00:00.000+00:00,1,1
RORC,P51449,5X8Q,Crystal Structure of the mutant Human ROR gamma Ligand Binding Domain With rockogenin.,X-RAY DIFFRACTION,2.2,2017-03-03T00:00:00.000+00:00,2017-06-07T00:00:00.000+00:00,2,1
RORC,P51449,5YP5,Crystal structure of RORgamma complexed with SRC2 and compound 5d,X-RAY DIFFRACTION,2.65,2017-11-01T00:00:00.000+00:00,2018-04-04T00:00:00.000+00:00,2,1
RORC,P51449,5YP6,RORgamma (263-509) complexed with SRC2 and Compound 6,X-RAY DIFFRACTION,2.2,2017-11-01T00:00:00.000+00:00,2018-02-07T00:00:00.000+00:00,2,1
RORC,P51449,5ZA1,Ligand complex of RORgt LBD,X-RAY DIFFRACTION,2.52,2018-02-06T00:00:00.000+00:00,2018-10-31T00:00:00.000+00:00,1,3
RORC,P51449,6A22,Ternary complex of Human ROR gamma Ligand Binding Domain With Compound T.,X-RAY DIFFRACTION,2.55,2018-06-08T00:00:00.000+00:00,2018-12-12T00:00:00.000+00:00,2,1
RORC,P51449,6B30,Structure of RORgt in complex with a novel inverse agonist 1,X-RAY DIFFRACTION,2.69,2017-09-20T00:00:00.000+00:00,2018-01-03T00:00:00.000+00:00,1,1
RORC,P51449,6B31,Structure of RORgt in complex with a novel inverse agonist 2,X-RAY DIFFRACTION,3.18,2017-09-20T00:00:00.000+00:00,2018-08-01T00:00:00.000+00:00,1,1
RORC,P51449,6B33,Structure of RORgt in complex with a novel inverse agonist 3,X-RAY DIFFRACTION,2.48,2017-09-20T00:00:00.000+00:00,2018-11-21T00:00:00.000+00:00,1,1
RORC,P51449,6BN6,IDENTIFICATION OF BICYCLIC HEXAFLUOROISOPROPYL ALCOHOL SULFONAMIDES AS RORGT/RORC INVERSE AGONISTS,X-RAY DIFFRACTION,2.4,2017-11-16T00:00:00.000+00:00,2017-12-20T00:00:00.000+00:00,1,2
RORC,P51449,6BR2,Structure of RORgt in complex with a novel isoquinoline inverse agonist.,X-RAY DIFFRACTION,3.18,2017-11-29T00:00:00.000+00:00,2018-03-21T00:00:00.000+00:00,1,2
RORC,P51449,6BR3,Structure of RORgt in complex with a novel inverse agonist TAK-828.,X-RAY DIFFRACTION,3.0,2017-11-29T00:00:00.000+00:00,2018-03-21T00:00:00.000+00:00,1,2
RORC,P51449,6CN5,HUMAN RETENOID-RELATED ORPHAN RECEPTOR-GAMMA LIGAND- BINDING DOMAIN IN COMPLEX WITH INDOLE LIGAND CP9b IN INVERSE AGONIST CONFORMATION,X-RAY DIFFRACTION,2.3,2018-03-07T00:00:00.000+00:00,2018-09-05T00:00:00.000+00:00,1,1
RORC,P51449,6CN6,RORC2 LBD complexed with compound 34,X-RAY DIFFRACTION,2.45,2018-03-07T00:00:00.000+00:00,2018-09-05T00:00:00.000+00:00,1,1
RORC,P51449,6CVH,Identification and biological evaluation of thiazole-based inverse agonists of RORgt,X-RAY DIFFRACTION,3.5,2018-03-28T00:00:00.000+00:00,2018-04-25T00:00:00.000+00:00,1,1
RORC,P51449,6E3E,Structure of RORgt in complex with a novel inverse agonist.,X-RAY DIFFRACTION,2.47,2018-07-13T00:00:00.000+00:00,2019-07-17T00:00:00.000+00:00,1,3
RORC,P51449,6E3G,Structure of RORgt in complex with a novel agonist.,X-RAY DIFFRACTION,2.1,2018-07-13T00:00:00.000+00:00,2019-06-12T00:00:00.000+00:00,2,2
RORC,P51449,6ESN,Ligand complex of RORg LBD,X-RAY DIFFRACTION,1.84,2017-10-23T00:00:00.000+00:00,2018-08-22T00:00:00.000+00:00,2,2
RORC,P51449,6FGQ,Ligand complex of RORg LBD,X-RAY DIFFRACTION,2.37,2018-01-11T00:00:00.000+00:00,2018-08-22T00:00:00.000+00:00,1,1
RORC,P51449,6FZU,"RORGT (264-518;C455S) IN COMPLEX WITH THE FRAGMENT (""CPD-1"") AND RIP140 PEPTIDE AT 1.80A",X-RAY DIFFRACTION,1.8,2018-03-15T00:00:00.000+00:00,2018-07-18T00:00:00.000+00:00,2,1
RORC,P51449,6G05,"RORGT (264-518;C455S) IN COMPLEX WITH INVERSE AGONIST ""CPD-2"" AND RIP140 PEPTIDE AT 1.90A",X-RAY DIFFRACTION,1.9,2018-03-16T00:00:00.000+00:00,2018-07-18T00:00:00.000+00:00,2,1
RORC,P51449,6G07,"RORGT (264-518;C455S) IN COMPLEX WITH INVERSE AGONIST ""CPD-9"" AND RIP140 PEPTIDE AT 1.66A",X-RAY DIFFRACTION,1.66,2018-03-16T00:00:00.000+00:00,2018-07-18T00:00:00.000+00:00,2,1
RORC,P51449,6IVX,Discovery of the Second Generation ROR gamma Inhibitors Composed of an Azole Scaffold.,X-RAY DIFFRACTION,2.35,2018-12-04T00:00:00.000+00:00,2019-03-06T00:00:00.000+00:00,2,1
RORC,P51449,6J1L,Crystal Structure Analysis of the ROR gamma(C455E),X-RAY DIFFRACTION,2.3,2018-12-28T00:00:00.000+00:00,2019-05-01T00:00:00.000+00:00,1,1
RORC,P51449,6J3N,RORgammat LBD complexed with Ursonic Acid and SRC2.2,X-RAY DIFFRACTION,1.99,2019-01-05T00:00:00.000+00:00,2020-01-15T00:00:00.000+00:00,2,1
RORC,P51449,6LO9,Crystal structure of RORgammat with ligand C46D bound,X-RAY DIFFRACTION,1.8600494706,2020-01-04T00:00:00.000+00:00,2021-01-06T00:00:00.000+00:00,1,1
RORC,P51449,6LOA,Crystal structure of RORgammat with ligand C46D bound,X-RAY DIFFRACTION,2.50003303865,2020-01-04T00:00:00.000+00:00,2021-01-06T00:00:00.000+00:00,1,1
RORC,P51449,6LOB,Crystal structure of RORgammat with ligand C46D bound,X-RAY DIFFRACTION,2.40006662577,2020-01-04T00:00:00.000+00:00,2021-01-06T00:00:00.000+00:00,1,1
RORC,P51449,6LOC,Crystal structure of RORgammat with ligand C46D bound,X-RAY DIFFRACTION,2.20014861503,2020-01-04T00:00:00.000+00:00,2021-01-06T00:00:00.000+00:00,1,1
RORC,P51449,6NAD,Identification and biological evaluation of tertiary ALCOHOL-based inverse agonists of RORgt,X-RAY DIFFRACTION,2.90197076582,2018-12-05T00:00:00.000+00:00,2019-05-08T00:00:00.000+00:00,1,1
RORC,P51449,6NWS,RORgamma Ligand Binding Domain,X-RAY DIFFRACTION,2.44,2019-02-07T00:00:00.000+00:00,2019-07-10T00:00:00.000+00:00,1,1
RORC,P51449,6NWT,RORgamma Ligand Binding Domain,X-RAY DIFFRACTION,2.35,2019-02-07T00:00:00.000+00:00,2019-07-10T00:00:00.000+00:00,1,1
RORC,P51449,6NWU,RORgamma Ligand Binding Domain,X-RAY DIFFRACTION,3.2,2019-02-07T00:00:00.000+00:00,2019-07-10T00:00:00.000+00:00,1,1
RORC,P51449,6O3Z,Crystal structure of RORgt with 3-cyano-N-(3-{[(3S)-4-(cyclopentanecarbonyl)-3-methylpiperazin-1-yl]methyl}-5-fluoro-2-methylphenyl)benzamide (compound 1),X-RAY DIFFRACTION,2.4,2019-02-27T00:00:00.000+00:00,2020-03-04T00:00:00.000+00:00,1,2
RORC,P51449,6O98,Crystal structure of RAR-related orphan receptor C in complex with a phenyl (3-phenylpyrrolidin-3-yl)sulfone inhibitor,X-RAY DIFFRACTION,2.29,2019-03-13T00:00:00.000+00:00,2019-03-20T00:00:00.000+00:00,1,1
RORC,P51449,6P9F,Crystal structure of RAR-related orphan receptor C (NHIS-RORGT(244-487)-L6-SRC1(678-692)) in complex with a phenyl (3-phenylpyrrolidin-3-yl)sulfone inhibitor,X-RAY DIFFRACTION,2.8,2019-06-10T00:00:00.000+00:00,2019-07-17T00:00:00.000+00:00,1,1
RORC,P51449,6Q2W,Crystal structure of human ROR gamma LBD in complex with a quinoline sulfonamide inverse agonist,X-RAY DIFFRACTION,1.99,2018-12-03T00:00:00.000+00:00,2019-05-29T00:00:00.000+00:00,1,1
RORC,P51449,6Q6M,"RORCVAR2 (RORGT, 264-499) IN COMPLEX WITH COMPOUND 1: Identification of N-aryl imidazoles as potent and selective RORgt inhibitors",X-RAY DIFFRACTION,2.35,2018-12-11T00:00:00.000+00:00,2019-11-27T00:00:00.000+00:00,1,1
RORC,P51449,6Q6O,"RORCVAR2 (RORGT, 264-499) IN COMPLEX WITH COMPOUND 2 AT 2.3A: Identification of N-aryl imidazoles as potent and selective RORgt inhibitors",X-RAY DIFFRACTION,2.3,2018-12-11T00:00:00.000+00:00,2019-11-27T00:00:00.000+00:00,1,2
RORC,P51449,6Q7A,"RORCVAR2 (RORGT, 264-499) IN COMPLEX WITH COMPOUND 4 AT 2.2A: Identification of N-aryl imidazoles as potent and selective RORgt inhibitors",X-RAY DIFFRACTION,2.2,2018-12-13T00:00:00.000+00:00,2019-11-27T00:00:00.000+00:00,1,1
RORC,P51449,6Q7H,"RORCVAR2 (RORGT, 264-499) IN COMPLEX WITH COMPOUND 9 AT 2.3A: Identification of N-aryl imidazoles as potent and selective RORgt inhibitors",X-RAY DIFFRACTION,2.3,2018-12-13T00:00:00.000+00:00,2019-11-27T00:00:00.000+00:00,1,1
RORC,P51449,6R7A,Ligand complex of RORg LBD,X-RAY DIFFRACTION,2.13,2019-03-28T00:00:00.000+00:00,2019-07-03T00:00:00.000+00:00,2,2
RORC,P51449,6R7J,Ligand complex of RORg LBD,X-RAY DIFFRACTION,1.84,2019-03-29T00:00:00.000+00:00,2019-07-03T00:00:00.000+00:00,2,3
RORC,P51449,6R7K,Ligand complex of RORg LBD,X-RAY DIFFRACTION,1.54,2019-03-29T00:00:00.000+00:00,2019-07-03T00:00:00.000+00:00,2,3
RORC,P51449,6SAL,ROR(gamma)t ligand binding domain in complex with allosteric ligand FM26,X-RAY DIFFRACTION,1.61,2019-07-17T00:00:00.000+00:00,2019-12-25T00:00:00.000+00:00,1,1
RORC,P51449,6SLZ,Crystal structure of human ROR gamma LBD in complex with a (quinolinoxymethyl)benzamide inverse agonist,X-RAY DIFFRACTION,2.2,2019-08-21T00:00:00.000+00:00,2020-09-09T00:00:00.000+00:00,1,1
RORC,P51449,6T4G,ROR(gamma)t ligand binding domain in complex with cholesterol and allosteric ligand FM26,X-RAY DIFFRACTION,1.93,2019-10-14T00:00:00.000+00:00,2020-11-25T00:00:00.000+00:00,1,3
RORC,P51449,6T4I,ROR(gamma)t ligand binding domain in complex with cholesterol and allosteric ligand MRL871,X-RAY DIFFRACTION,1.84,2019-10-14T00:00:00.000+00:00,2020-11-18T00:00:00.000+00:00,1,3
RORC,P51449,6T4J,ROR(gamma)t ligand binding domain in complex with desmosterol and allosteric ligand FM26,X-RAY DIFFRACTION,1.79,2019-10-14T00:00:00.000+00:00,2020-11-18T00:00:00.000+00:00,1,3
RORC,P51449,6T4K,ROR(gamma)t ligand binding domain in complex with desmosterol and allosteric ligand MRL871,X-RAY DIFFRACTION,1.89,2019-10-14T00:00:00.000+00:00,2020-11-18T00:00:00.000+00:00,1,3
RORC,P51449,6T4T,ROR(gamma)t ligand binding domain in complex with 20-alpha-hydroxycholesterol and allosteric ligand FM26,X-RAY DIFFRACTION,1.62,2019-10-15T00:00:00.000+00:00,2020-11-18T00:00:00.000+00:00,1,3
RORC,P51449,6T4U,ROR(gamma)t ligand binding domain in complex with 20-alpha-hydroxycholesterol and allosteric ligand MRL871,X-RAY DIFFRACTION,2.0,2019-10-15T00:00:00.000+00:00,2020-11-18T00:00:00.000+00:00,1,3
RORC,P51449,6T4W,ROR(gamma)t ligand binding domain in complex with 20-alpha-hydroxycholesterol and allosteric ligand Glenmark,X-RAY DIFFRACTION,1.71,2019-10-15T00:00:00.000+00:00,2020-11-18T00:00:00.000+00:00,1,3
RORC,P51449,6T4X,ROR(gamma)t ligand binding domain in complex with 25-hydroxycholesterol and allosteric ligand FM26,X-RAY DIFFRACTION,1.48,2019-10-15T00:00:00.000+00:00,2020-11-18T00:00:00.000+00:00,1,3
RORC,P51449,6T4Y,ROR(gamma)t ligand binding domain in complex with 25-hydroxycholesterol and allosteric ligand MRL871,X-RAY DIFFRACTION,1.95,2019-10-15T00:00:00.000+00:00,2020-11-18T00:00:00.000+00:00,1,3
RORC,P51449,6T50,ROR(gamma)t ligand binding domain in complex with 25-hydroxycholesterol and allosteric ligand Glenmark,X-RAY DIFFRACTION,1.87,2019-10-15T00:00:00.000+00:00,2020-11-18T00:00:00.000+00:00,1,3
RORC,P51449,6TLM,ROR(gamma)t ligand binding domain in complex with allosteric ligand compound 13 (Glenmark),X-RAY DIFFRACTION,2.321,2019-12-03T00:00:00.000+00:00,2020-03-04T00:00:00.000+00:00,1,1
RORC,P51449,6TLQ,ROR(gamma)t ligand binding domain in complex with cholesterol and allosteric ligand Glenmark,X-RAY DIFFRACTION,1.761,2019-12-03T00:00:00.000+00:00,2020-12-16T00:00:00.000+00:00,1,3
RORC,P51449,6TLT,ROR(gamma)t ligand binding domain in complex with desmosterol and allosteric ligand Glenmark,X-RAY DIFFRACTION,2.11,2019-12-03T00:00:00.000+00:00,2020-12-16T00:00:00.000+00:00,1,3
RORC,P51449,6U25,CRYSTAL STRUCTURE OF RAR-RELATED ORPHAN RECEPTOR C (NHIS- RORGT(244-487)-L6-SRC1(678-692)) IN COMPLEX WITH A TRICYCLIC INVERSE AGONIST,X-RAY DIFFRACTION,2.61,2019-08-19T00:00:00.000+00:00,2019-11-06T00:00:00.000+00:00,1,2
RORC,P51449,6UCG,Retinoic acid receptor-related orphan receptor (ROR) gamma in complex with allosteric compound 28,X-RAY DIFFRACTION,2.87,2019-09-16T00:00:00.000+00:00,2020-03-04T00:00:00.000+00:00,1,1
RORC,P51449,6VQF,CRYSTAL STRUCTURE OF RAR-RELATED ORPHAN RECEPTOR C (NHIS-RORGT(244- 487)-L6-SRC1(678-692)) IN COMPLEX WITH AN INVERSE AGONIST,X-RAY DIFFRACTION,2.0,2020-02-05T00:00:00.000+00:00,2020-04-08T00:00:00.000+00:00,1,2
RORC,P51449,6VSW,Optimization and biological evaluation of thiazole-bis-amide inverse agonists of RORgt,X-RAY DIFFRACTION,3.202,2020-02-12T00:00:00.000+00:00,2020-05-13T00:00:00.000+00:00,1,1
RORC,P51449,6W9H,SUBSTITUTED BENZYLOXYTRICYCLIC COMPOUNDS AS RETINOIC ACID-RELATED ORPHAN RECEPTOR GAMMA T AGONISTS,X-RAY DIFFRACTION,1.995,2020-03-23T00:00:00.000+00:00,2020-04-29T00:00:00.000+00:00,1,1
RORC,P51449,6W9I,SUBSTITUTED BENZYLOXYTRICYCLIC COMPOUNDS AS RETINOIC ACID-RELATED ORPHAN RECEPTOR GAMMA T AGONISTS,X-RAY DIFFRACTION,1.608,2020-03-23T00:00:00.000+00:00,2020-04-29T00:00:00.000+00:00,1,1
RORC,P51449,6XAE,SUBSTITUTED BENZYLOXYTRICYCLIC COMPOUNDS AS RETINOIC ACID-RELATED ORPHAN RECEPTOR GAMMA T AGONISTS,X-RAY DIFFRACTION,2.257,2020-06-04T00:00:00.000+00:00,2020-06-17T00:00:00.000+00:00,1,1
RORC,P51449,6XFV,CRYSTAL STRUCTURE OF RAR-RELATED ORPHAN RECEPTOR C IN COMPLEX WITH A NOVEL INVERSE AGONIST,X-RAY DIFFRACTION,2.15,2020-06-16T00:00:00.000+00:00,2020-08-12T00:00:00.000+00:00,1,1
RORC,P51449,7E3M,RORgamma LBD complexed with Panaxatriol and SRC2.2,X-RAY DIFFRACTION,2.8,2021-02-09T00:00:00.000+00:00,2022-03-23T00:00:00.000+00:00,2,1
RORC,P51449,7JH2,"CRYSTAL STRUCTURE OF RAR-RELATED ORPHAN RECEPTOR C IN COMPLEX WITH A POTENT, SELECTIVE AND ORALLY BIOAVAILABLE ROR-GAMMA-T INVERSE AGONIST",X-RAY DIFFRACTION,2.367,2020-07-20T00:00:00.000+00:00,2020-08-12T00:00:00.000+00:00,1,2
RORC,P51449,7JTM,CRYSTAL STRUCTURE OF RAR-RELATED ORPHAN RECEPTOR C (NHIS-RORGT(244-487)-L6-SRC1(6T78-692) IN COMPLEX WITH A TRICYCLIC SULFONE RORGT INVERSE AGONIST,X-RAY DIFFRACTION,2.43,2020-08-18T00:00:00.000+00:00,2020-09-16T00:00:00.000+00:00,1,1
RORC,P51449,7JTW,"Crystal structure of RORgt with compound (4R)-6-[(2,5-dichloro-3-{[(2R,4R)-1-(cyclopentanecarbonyl)-2-methylpiperidin-4-yl]oxy}phenyl)amino]-6-oxo-4-phenylhexanoic acid",X-RAY DIFFRACTION,1.9,2020-08-18T00:00:00.000+00:00,2021-02-03T00:00:00.000+00:00,1,3
RORC,P51449,7JYM,CRYSTAL STRUCTURE OF RAR-RELATED ORPHAN RECEPTOR C (NHIS-RORGT(244-487)-L6-SRC1(678-692)) IN COMPLEX WITH A TRICYCLIC SULFONE INVERSE AGONIST,X-RAY DIFFRACTION,3.051,2020-08-31T00:00:00.000+00:00,2020-11-25T00:00:00.000+00:00,1,1
RORC,P51449,7KCO,ROR gamma in complex with SCR2 and compound 3,X-RAY DIFFRACTION,1.86,2020-10-06T00:00:00.000+00:00,2021-04-21T00:00:00.000+00:00,2,2
RORC,P51449,7KQJ,CRYSTAL STRUCTURE OF RAR-RELATED ORPHAN RECEPTOR C (NHIS-RORGT(244-487)-L6-SRC1(678-692) IN COMPLEX WITH A NOVEL TRICYCLIC-CARBOCYLIC RORGT INVERSE AGONIST,X-RAY DIFFRACTION,2.645,2020-11-16T00:00:00.000+00:00,2021-02-24T00:00:00.000+00:00,1,1
RORC,P51449,7KXD,"CRYSTAL STRUCTURE OF RAR-RELATED ORPHAN RECEPTOR C (NHIS-RORGT(244-487)-L6-SRC1(678-692)) IN COMPLEX WITH {3,5-DICHLORO-4-[4-METHOXY-3-(PROPAN-2-YL)PHENOXY]PHENYL}METHANOL",X-RAY DIFFRACTION,1.624,2020-12-03T00:00:00.000+00:00,2021-01-20T00:00:00.000+00:00,1,1
RORC,P51449,7KXE,"CRYSTAL STRUCTURE OF RAR-RELATED ORPHAN RECEPTOR C (NHIS-RORGT(244-487)-L6-SRC1(678-692)) IN COMPLEX WITH {3,5-DICHLORO-4-[4-METHOXY-3-(PROPAN-2-YL)PHENOXY]PHENYL}METHANOL",X-RAY DIFFRACTION,2.42,2020-12-03T00:00:00.000+00:00,2021-01-20T00:00:00.000+00:00,1,1
RORC,P51449,7KXF,"CRYSTAL STRUCTURE OF RAR-RELATED ORPHAN RECEPTOR C (NHIS-RORGT(244-487)-L6-SRC1(678-692)) IN COMPLEX WITH {3,5-DICHLORO-4-[4-METHOXY-3-(PROPAN-2-YL)PHENOXY]PHENYL}METHANOL",X-RAY DIFFRACTION,2.141,2020-12-03T00:00:00.000+00:00,2021-01-20T00:00:00.000+00:00,1,1
RORC,P51449,7LUK,CRYSTAL STRUCTURE OF RAR-RELATED ORPHAN RECEPTOR C (NHIS-RORGT(244-487)-L6-SRC1(678-692) IN COMPLEX WITH AN AZATRICYCLIC RORGT INVERSE AGONIST,X-RAY DIFFRACTION,2.087,2021-02-22T00:00:00.000+00:00,2021-05-12T00:00:00.000+00:00,1,1
RORC,P51449,7NEC,ROR(gamma)t ligand binding domain in complex with allosteric ligand FM217,X-RAY DIFFRACTION,1.95,2021-02-03T00:00:00.000+00:00,2021-06-02T00:00:00.000+00:00,1,1
RORC,P51449,7NP5,ROR(gamma)t ligand binding domain in complex with allosteric ligand FM216,X-RAY DIFFRACTION,1.55,2021-02-26T00:00:00.000+00:00,2021-06-02T00:00:00.000+00:00,1,1
RORC,P51449,7NP6,ROR(gamma)t ligand binding domain in complex with allosteric ligand FM257,X-RAY DIFFRACTION,1.84,2021-02-26T00:00:00.000+00:00,2021-06-02T00:00:00.000+00:00,1,1
RORC,P51449,7NPC,ROR(gamma)t ligand binding domain in complex with allosteric ligand FM156,X-RAY DIFFRACTION,1.47,2021-02-26T00:00:00.000+00:00,2021-06-02T00:00:00.000+00:00,1,2
RORC,P51449,7OFI,Ligand complex of RORg LBD,X-RAY DIFFRACTION,1.953,2021-05-05T00:00:00.000+00:00,2022-03-16T00:00:00.000+00:00,2,3
RORC,P51449,7OFK,Ligand complex of RORg LBD,X-RAY DIFFRACTION,1.61,2021-05-05T00:00:00.000+00:00,2022-03-16T00:00:00.000+00:00,2,3
RORC,P51449,7QP4,Complex of a Gemini-cholesterol analogue with Retinoid-related Orphan Receptor gamma,X-RAY DIFFRACTION,2.3,2022-01-02T00:00:00.000+00:00,2022-12-14T00:00:00.000+00:00,2,2
RORC,P51449,7W3P,Crystal structure of RORgamma in complex with natural inverse agonist,X-RAY DIFFRACTION,1.77,2021-11-25T00:00:00.000+00:00,2022-12-07T00:00:00.000+00:00,2,1
RORC,P51449,7W3Q,Crystal structure of RORgamma in complex with natural inverse agonist,X-RAY DIFFRACTION,2.0,2021-11-25T00:00:00.000+00:00,2022-12-07T00:00:00.000+00:00,2,1
RORC,P51449,7XQE,Crystal Structure of human RORgamma (C455E) LBD in complex with compound XY039,X-RAY DIFFRACTION,2.57,2022-05-07T00:00:00.000+00:00,2023-05-31T00:00:00.000+00:00,1,3
RORC,P51449,8FAV,HUMAN RETENOID-RELATED ORPHAN RECEPTOR-GAMMA (RORC2) LIGAND-BINDING DOMAIN IN COMPLEX WITH COMPOUND 5 ANDINDAZOLE ACID BOUND IN H12-POCKET,X-RAY DIFFRACTION,1.85,2022-11-28T00:00:00.000+00:00,2023-03-01T00:00:00.000+00:00,1,3
RORC,P51449,8FB1,HUMAN RETENOID-RELATED ORPHAN RECEPTOR-GAMMA (RORC2) LIGAND-BINDING DOMAIN IN COMPLEX WITH COMPOUND 6a ANDINDAZOLE ACID BOUND IN H12-POCKET,X-RAY DIFFRACTION,2.18,2022-11-29T00:00:00.000+00:00,2023-03-01T00:00:00.000+00:00,1,2
RORC,P51449,8FB2,HUMAN RETENOID-RELATED ORPHAN RECEPTOR-GAMMA (RORC2) LIGAND-BINDING DOMAIN IN COMPLEX WITH COMPOUND 8 ANDINDAZOLE ACID BOUND IN H12-POCKET,X-RAY DIFFRACTION,2.3,2022-11-29T00:00:00.000+00:00,2023-03-01T00:00:00.000+00:00,1,2
RORC,P51449,8GXP,Complex structure of RORgama with betulinic acid,X-RAY DIFFRACTION,2.45,2022-09-20T00:00:00.000+00:00,2023-06-07T00:00:00.000+00:00,1,1
RORC,P51449,8X7E,Crystal Structure of the mutant Human ROR gamma Ligand Binding Domain With JTE-151,X-RAY DIFFRACTION,2.3,2023-11-24T00:00:00.000+00:00,2024-11-27T00:00:00.000+00:00,2,1
RORC,P51449,8XU5,The Crystal Structure of RORgT from Biortus.,X-RAY DIFFRACTION,3.5,2024-01-12T00:00:00.000+00:00,2024-01-24T00:00:00.000+00:00,1,0
RORC,P51449,9N9L,An RORgt Inverse agonist for treatment of Psoriasis,X-RAY DIFFRACTION,1.637,2025-02-11T00:00:00.000+00:00,2025-04-30T00:00:00.000+00:00,1,1
RORC,P51449,9VNX,Crystal Structure of the mutant ROR gamma LBD With Compound 28,X-RAY DIFFRACTION,1.93,2025-07-01T00:00:00.000+00:00,2025-07-30T00:00:00.000+00:00,2,3
RORC,P51449,9VZQ,Crystal structure of RORgamma in complex with novel inverse agonist,X-RAY DIFFRACTION,2.18,2025-07-23T00:00:00.000+00:00,2026-06-03T00:00:00.000+00:00,2,1
RORC,P51449,9XMJ,A Potent and Selective ROR gamma Inhibitor for the Treatment of Autoimmune Diseases,X-RAY DIFFRACTION,2.18,2025-11-10T00:00:00.000+00:00,2026-04-29T00:00:00.000+00:00,2,1
RXRA,P19793,1BY4,STRUCTURE AND MECHANISM OF THE HOMODIMERIC ASSEMBLY OF THE RXR ON DNA,X-RAY DIFFRACTION,2.1,1998-10-22T00:00:00.000+00:00,2000-01-12T00:00:00.000+00:00,3,1
RXRA,P19793,1DSZ,STRUCTURE OF THE RXR/RAR DNA-BINDING DOMAIN HETERODIMER IN COMPLEX WITH THE RETINOIC ACID RESPONSE ELEMENT DR1,X-RAY DIFFRACTION,1.7,2000-01-10T00:00:00.000+00:00,2000-07-10T00:00:00.000+00:00,4,1
RXRA,P19793,1FBY,CRYSTAL STRUCTURE OF THE HUMAN RXR ALPHA LIGAND BINDING DOMAIN BOUND TO 9-CIS RETINOIC ACID,X-RAY DIFFRACTION,2.25,2000-07-17T00:00:00.000+00:00,2000-07-28T00:00:00.000+00:00,1,1
RXRA,P19793,1FM6,THE 2.1 ANGSTROM RESOLUTION CRYSTAL STRUCTURE OF THE HETERODIMER OF THE HUMAN RXRALPHA AND PPARGAMMA LIGAND BINDING DOMAINS RESPECTIVELY BOUND WITH 9-CIS RETINOIC ACID AND ROSIGLITAZONE AND CO-ACTIVATOR PEPTIDES.,X-RAY DIFFRACTION,2.1,2000-08-16T00:00:00.000+00:00,2001-02-16T00:00:00.000+00:00,3,2
RXRA,P19793,1FM9,THE 2.1 ANGSTROM RESOLUTION CRYSTAL STRUCTURE OF THE HETERODIMER OF THE HUMAN RXRALPHA AND PPARGAMMA LIGAND BINDING DOMAINS RESPECTIVELY BOUND WITH 9-CIS RETINOIC ACID AND GI262570 AND CO-ACTIVATOR PEPTIDES.,X-RAY DIFFRACTION,2.1,2000-08-16T00:00:00.000+00:00,2001-02-16T00:00:00.000+00:00,3,2
RXRA,P19793,1G1U,THE 2.5 ANGSTROM RESOLUTION CRYSTAL STRUCTURE OF THE RXRALPHA LIGAND BINDING DOMAIN IN TETRAMER IN THE ABSENCE OF LIGAND,X-RAY DIFFRACTION,2.5,2000-10-13T00:00:00.000+00:00,2001-04-25T00:00:00.000+00:00,1,0
RXRA,P19793,1G5Y,THE 2.0 ANGSTROM RESOLUTION CRYSTAL STRUCTURE OF THE RXRALPHA LIGAND BINDING DOMAIN TETRAMER IN THE PRESENCE OF A NON-ACTIVATING RETINOIC ACID ISOMER.,X-RAY DIFFRACTION,2.0,2000-11-02T00:00:00.000+00:00,2001-05-02T00:00:00.000+00:00,1,1
RXRA,P19793,1K74,The 2.3 Angstrom resolution crystal structure of the heterodimer of the human PPARgamma and RXRalpha ligand binding domains respectively bound with GW409544 and 9-cis retinoic acid and co-activator peptides.,X-RAY DIFFRACTION,2.3,2001-10-18T00:00:00.000+00:00,2001-12-05T00:00:00.000+00:00,3,2
RXRA,P19793,1MV9,Crystal Structure of the human RXR alpha ligand binding domain bound to the eicosanoid DHA (Docosa Hexaenoic Acid) and a coactivator peptide,X-RAY DIFFRACTION,1.9,2002-09-24T00:00:00.000+00:00,2002-10-16T00:00:00.000+00:00,2,1
RXRA,P19793,1MVC,Crystal structure of the human RXR alpha ligand binding domain bound to the synthetic agonist compound BMS 649 and a coactivator peptide,X-RAY DIFFRACTION,1.9,2002-09-24T00:00:00.000+00:00,2002-10-16T00:00:00.000+00:00,2,1
RXRA,P19793,1MZN,CRYSTAL STRUCTURE at 1.9 ANGSTROEMS RESOLUTION OF THE HOMODIMER OF HUMAN RXR ALPHA LIGAND BINDING DOMAIN BOUND TO THE SYNTHETIC AGONIST COMPOUND BMS 649 AND A COACTIVATOR PEPTIDE,X-RAY DIFFRACTION,1.9,2002-10-09T00:00:00.000+00:00,2002-10-23T00:00:00.000+00:00,2,1
RXRA,P19793,1R0N,Crystal Structure of Heterodimeric Ecdsyone receptor DNA binding complex,X-RAY DIFFRACTION,2.6,2003-09-22T00:00:00.000+00:00,2003-10-21T00:00:00.000+00:00,4,1
RXRA,P19793,1RDT,Crystal Structure of a new rexinoid bound to the RXRalpha ligand binding doamin in the RXRalpha/PPARgamma heterodimer,X-RAY DIFFRACTION,2.4,2003-11-06T00:00:00.000+00:00,2004-11-09T00:00:00.000+00:00,4,2
RXRA,P19793,1RXR,"HIGH RESOLUTION SOLUTION STRUCTURE OF THE RETINOID X RECEPTOR DNA BINDING DOMAIN, NMR, 20 STRUCTURE",SOLUTION NMR,,1998-06-12T00:00:00.000+00:00,1998-11-11T00:00:00.000+00:00,1,1
RXRA,P19793,1XLS,Crystal structure of the mouse CAR/RXR LBD heterodimer bound to TCPOBOP and 9cRA and a TIF2 peptide containg the third LXXLL motifs,X-RAY DIFFRACTION,2.96,2004-09-30T00:00:00.000+00:00,2004-12-28T00:00:00.000+00:00,3,2
RXRA,P19793,1XV9,"crystal structure of CAR/RXR heterodimer bound with SRC1 peptide, fatty acid, and 5b-pregnane-3,20-dione.",X-RAY DIFFRACTION,2.7,2004-10-27T00:00:00.000+00:00,2004-12-28T00:00:00.000+00:00,3,2
RXRA,P19793,1XVP,"crystal structure of CAR/RXR heterodimer bound with SRC1 peptide, fatty acid and CITCO",X-RAY DIFFRACTION,2.6,2004-10-28T00:00:00.000+00:00,2004-12-28T00:00:00.000+00:00,3,2
RXRA,P19793,1YNW,Crystal Structure of Vitamin D Receptor and 9-cis Retinoic Acid Receptor DNA-Binding Domains Bound to a DR3 Response Element,X-RAY DIFFRACTION,3.0,2005-01-25T00:00:00.000+00:00,2005-02-15T00:00:00.000+00:00,4,1
RXRA,P19793,2ACL,Liver X-Receptor alpha Ligand Binding Domain with SB313987,X-RAY DIFFRACTION,2.8,2005-07-19T00:00:00.000+00:00,2005-09-20T00:00:00.000+00:00,2,2
RXRA,P19793,2NLL,RETINOID X RECEPTOR-THYROID HORMONE RECEPTOR DNA-BINDING DOMAIN HETERODIMER BOUND TO THYROID RESPONSE ELEMENT DNA,X-RAY DIFFRACTION,1.9,1996-11-20T00:00:00.000+00:00,1997-03-12T00:00:00.000+00:00,4,1
RXRA,P19793,2P1T,Crystal structure of the ligand binding domain of the retinoid X receptor alpha in complex with 3-(2'-methoxy)-tetrahydronaphtyl cinnamic acid and a fragment of the coactivator TIF-2,X-RAY DIFFRACTION,1.8,2007-03-06T00:00:00.000+00:00,2007-10-09T00:00:00.000+00:00,2,1
RXRA,P19793,2P1U,Crystal structure of the ligand binding domain of the retinoid X receptor alpha in complex with 3-(2'-ethoxy)-tetrahydronaphtyl cinnamic acid and a fragment of the coactivator TIF-2,X-RAY DIFFRACTION,2.2,2007-03-06T00:00:00.000+00:00,2007-10-09T00:00:00.000+00:00,2,1
RXRA,P19793,2P1V,Crystal structure of the ligand binding domain of the retinoid X receptor alpha in complex with 3-(2'-propoxy)-tetrahydronaphtyl cinnamic acid and a fragment of the coactivator TIF-2,X-RAY DIFFRACTION,2.2,2007-03-06T00:00:00.000+00:00,2007-10-09T00:00:00.000+00:00,2,1
RXRA,P19793,2ZXZ,Crystal structure of the human RXR alpha ligand binding domain bound to a synthetic agonist compound and a coactivator peptide,X-RAY DIFFRACTION,3.0,2009-01-09T00:00:00.000+00:00,2009-08-11T00:00:00.000+00:00,2,1
RXRA,P19793,2ZY0,Crystal structure of the human RXR alpha ligand binding domain bound to a synthetic agonist compound and a coactivator peptide,X-RAY DIFFRACTION,2.9,2009-01-09T00:00:00.000+00:00,2009-08-11T00:00:00.000+00:00,2,1
RXRA,P19793,3DZU,"Intact PPAR gamma - RXR alpha Nuclear Receptor Complex on DNA bound with BVT.13, 9-cis Retinoic Acid and NCOA2 Peptide",X-RAY DIFFRACTION,3.2,2008-07-30T00:00:00.000+00:00,2008-10-28T00:00:00.000+00:00,5,3
RXRA,P19793,3DZY,"Intact PPAR gamma - RXR alpha Nuclear Receptor Complex on DNA bound with Rosiglitazone, 9-cis Retinoic Acid and NCOA2 Peptide",X-RAY DIFFRACTION,3.1,2008-07-30T00:00:00.000+00:00,2008-10-28T00:00:00.000+00:00,5,3
RXRA,P19793,3E00,"Intact PPAR gamma - RXR alpha Nuclear Receptor Complex on DNA bound with GW9662, 9-cis Retinoic Acid and NCOA2 Peptide",X-RAY DIFFRACTION,3.1,2008-07-30T00:00:00.000+00:00,2008-10-28T00:00:00.000+00:00,5,3
RXRA,P19793,3E94,Crystal structure of RXRalpha ligand binding domain in complex with tributyltin and a coactivator fragment,X-RAY DIFFRACTION,1.9,2008-08-21T00:00:00.000+00:00,2009-03-10T00:00:00.000+00:00,2,2
RXRA,P19793,3FAL,humanRXR alpha & mouse LXR alpha complexed with Retenoic acid and GSK2186,X-RAY DIFFRACTION,2.36,2008-11-17T00:00:00.000+00:00,2009-04-14T00:00:00.000+00:00,2,2
RXRA,P19793,3FC6,"hRXRalpha & mLXRalpha with an indole Pharmacophore, SB786875",X-RAY DIFFRACTION,2.063,2008-11-21T00:00:00.000+00:00,2009-02-10T00:00:00.000+00:00,2,2
RXRA,P19793,3FUG,"Crystal Structure of the Retinoid X Receptor Ligand Binding Domain Bound to the Synthetic Agonist 3-[4-Hydroxy-3-(3,5,5,8,8-pentamethyl-5,6,7,8-tetrahydronaphthalen-2-yl)-phenyl]acrylic Acid",X-RAY DIFFRACTION,2.0,2009-01-14T00:00:00.000+00:00,2009-05-12T00:00:00.000+00:00,2,1
RXRA,P19793,3H0A,"Crystal Structure of Peroxisome Proliferator-Activated Receptor Gamma (PPARg) and Retinoic Acid Receptor Alpha (RXRa) in Complex with 9-cis Retinoic Acid, Co-activator Peptide, and a Partial Agonist",X-RAY DIFFRACTION,2.1,2009-04-08T00:00:00.000+00:00,2009-06-09T00:00:00.000+00:00,3,2
RXRA,P19793,3KWY,Crystal structure of RXRalpha ligand binding domain in complex with triphenyltin and a coactivator fragment,X-RAY DIFFRACTION,2.3,2009-12-02T00:00:00.000+00:00,2010-01-19T00:00:00.000+00:00,2,2
RXRA,P19793,3NSP,Crystal structure of tetrameric RXRalpha-LBD,X-RAY DIFFRACTION,2.9,2010-07-02T00:00:00.000+00:00,2010-11-17T00:00:00.000+00:00,1,0
RXRA,P19793,3NSQ,Crystal structure of tetrameric RXRalpha-LBD complexed with antagonist danthron,X-RAY DIFFRACTION,2.6,2010-07-02T00:00:00.000+00:00,2010-11-17T00:00:00.000+00:00,1,1
RXRA,P19793,3OAP,Crystal structure of human Retinoid X Receptor alpha-ligand binding domain complex with 9-cis retinoic acid and the coactivator peptide GRIP-1,X-RAY DIFFRACTION,2.05,2010-08-05T00:00:00.000+00:00,2010-11-17T00:00:00.000+00:00,2,1
RXRA,P19793,3OZJ,Crystal structure of human retinoic X receptor alpha complexed with bigelovin and coactivator SRC-1,X-RAY DIFFRACTION,2.1,2010-09-25T00:00:00.000+00:00,2011-02-02T00:00:00.000+00:00,2,1
RXRA,P19793,3PCU,Crystal structure of human retinoic X receptor alpha ligand-binding domain complexed with LX0278 and SRC1 peptide,X-RAY DIFFRACTION,2.0,2010-10-22T00:00:00.000+00:00,2011-11-16T00:00:00.000+00:00,2,1
RXRA,P19793,3R29,Crystal structure of RXRalpha ligand-binding domain complexed with corepressor SMRT2,X-RAY DIFFRACTION,2.9,2011-03-14T00:00:00.000+00:00,2011-05-25T00:00:00.000+00:00,2,0
RXRA,P19793,3R2A,Crystal structure of RXRalpha ligand-binding domain complexed with corepressor SMRT2 and antagonist rhein,X-RAY DIFFRACTION,3.0,2011-03-14T00:00:00.000+00:00,2011-05-25T00:00:00.000+00:00,2,1
RXRA,P19793,3R5M,Crystal structure of RXRalphaLBD complexed with the agonist magnolol,X-RAY DIFFRACTION,2.8,2011-03-18T00:00:00.000+00:00,2012-02-08T00:00:00.000+00:00,2,1
RXRA,P19793,3UVV,"Crystal Structure of the ligand binding domains of the thyroid receptor:retinoid X receptor complexed with 3,3',5 triiodo-L-thyronine and 9-cis retinoic acid",X-RAY DIFFRACTION,2.95,2011-11-30T00:00:00.000+00:00,2012-04-18T00:00:00.000+00:00,2,2
RXRA,P19793,4CN2,Crystal Structure of the Human Retinoid X Receptor DNA-Binding Domain Bound to the Human Ramp2 Response Element,X-RAY DIFFRACTION,2.069,2014-01-21T00:00:00.000+00:00,2015-02-18T00:00:00.000+00:00,3,4
RXRA,P19793,4CN3,Crystal Structure of the Human Retinoid X Receptor DNA-Binding Domain Bound to the Human Gde1SpA Response Element,X-RAY DIFFRACTION,2.35,2014-01-21T00:00:00.000+00:00,2015-02-18T00:00:00.000+00:00,4,1
RXRA,P19793,4CN5,Crystal Structure of the Human Retinoid X Receptor DNA-Binding Domain Bound to the Human Nr1d1 Response Element,X-RAY DIFFRACTION,2.0,2014-01-21T00:00:00.000+00:00,2015-02-18T00:00:00.000+00:00,3,4
RXRA,P19793,4CN7,Crystal Structure of the Human Retinoid X Receptor DNA-Binding Domain Bound to an idealized DR1 Response Element,X-RAY DIFFRACTION,2.34,2014-01-21T00:00:00.000+00:00,2015-02-18T00:00:00.000+00:00,3,2
RXRA,P19793,4J5W,Crystal Structure of the apo-PXR/RXRalpha LBD Heterotetramer Complex,X-RAY DIFFRACTION,2.8,2013-02-10T00:00:00.000+00:00,2013-08-21T00:00:00.000+00:00,2,1
RXRA,P19793,4J5X,Crystal Structure of the SR12813-bound PXR/RXRalpha LBD Heterotetramer Complex,X-RAY DIFFRACTION,2.8,2013-02-10T00:00:00.000+00:00,2013-08-21T00:00:00.000+00:00,2,1
RXRA,P19793,4K4J,Crystal structure of human Retinoid X Receptor alpha-ligand binding domain complex with 9cUAB30 and the coactivator peptide GRIP-1,X-RAY DIFFRACTION,2.0,2013-04-12T00:00:00.000+00:00,2013-11-13T00:00:00.000+00:00,2,1
RXRA,P19793,4K6I,Crystal structure of human retinoid X receptor alpha-ligand binding domain complex with Targretin and the coactivator peptide GRIP-1,X-RAY DIFFRACTION,2.1,2013-04-15T00:00:00.000+00:00,2013-11-13T00:00:00.000+00:00,2,1
RXRA,P19793,4M8E,CRYSTAL STRUCTURE OF HUMAN RETINOID X RECEPTOR ALPHA-LIGAND BINDING DOMAIN COMPLEX WITH (S) 4-Methyl 9cUAB30 COACTIVATOR PEPTIDE GRIP-1,X-RAY DIFFRACTION,2.4,2013-08-13T00:00:00.000+00:00,2014-01-22T00:00:00.000+00:00,2,1
RXRA,P19793,4M8H,CRYSTAL STRUCTURE OF HUMAN RETINOID X RECEPTOR ALPHA-LIGAND BINDING DOMAIN COMPLEX WITH (R)4-METHYL 9cUAB30 AND COACTIVATOR PEPTIDE GRIP-1,X-RAY DIFFRACTION,2.2,2013-08-13T00:00:00.000+00:00,2014-01-22T00:00:00.000+00:00,2,1
RXRA,P19793,4N5G,Crystal Structure of RXRa LBD complexed with a synthetic modulator K8012,X-RAY DIFFRACTION,2.11,2013-10-09T00:00:00.000+00:00,2014-05-14T00:00:00.000+00:00,1,1
RXRA,P19793,4N8R,Crystal structure of RXRa LBD complexed with a synthetic modulator K-8008,X-RAY DIFFRACTION,2.03,2013-10-17T00:00:00.000+00:00,2014-05-14T00:00:00.000+00:00,1,1
RXRA,P19793,4NQA,Crystal structure of liganded hRXR-alpha/hLXR-beta heterodimer on DNA,X-RAY DIFFRACTION,3.102,2013-11-24T00:00:00.000+00:00,2014-02-26T00:00:00.000+00:00,5,3
RXRA,P19793,4OC7,"Retinoic acid receptor alpha in complex with (E)-3-(3'-allyl-6-hydroxy-[1,1'-biphenyl]-3-yl)acrylic acid and a fragment of the coactivator TIF2",X-RAY DIFFRACTION,2.5,2014-01-08T00:00:00.000+00:00,2014-10-08T00:00:00.000+00:00,2,1
RXRA,P19793,4POH,Crystal structure of human Retinoid X Receptor alpha-ligand binding domain complex with 8-methyl UAB30 and the coactivator peptide GRIP-1,X-RAY DIFFRACTION,2.3,2014-02-25T00:00:00.000+00:00,2014-06-18T00:00:00.000+00:00,2,1
RXRA,P19793,4POJ,Crystal structure of human Retinoid X Receptor alpha-ligand binding domain complex with 7-methyl UAB30 and the coactivator peptide GRIP-1,X-RAY DIFFRACTION,2.0,2014-02-25T00:00:00.000+00:00,2014-06-18T00:00:00.000+00:00,2,1
RXRA,P19793,4PP3,Crystal structure of human Retinoid X Receptor alpha-ligand binding domain complex with 6-methyl UAB30 and the coactivator peptide GRIP-1,X-RAY DIFFRACTION,2.0,2014-02-26T00:00:00.000+00:00,2014-06-18T00:00:00.000+00:00,2,1
RXRA,P19793,4PP5,Crystal structure of human Retinoid X Receptor alpha-ligand binding domain complex with 5-methyl UAB30 and the coactivator peptide GRIP-1,X-RAY DIFFRACTION,2.0,2014-02-26T00:00:00.000+00:00,2014-06-18T00:00:00.000+00:00,2,1
RXRA,P19793,4RFW,Crystal structure of human retinoid X Receptor alpha-ligand binding domain complex with 9cUAB70 and the coactivator peptide GRIP-1,X-RAY DIFFRACTION,2.4,2014-09-28T00:00:00.000+00:00,2015-09-16T00:00:00.000+00:00,2,1
RXRA,P19793,4RMC,Crystal Structure of human retinoid X receptor alpha-ligand binding domain complex with 9cUAB76 and the coactivator peptide GRIP-1,X-RAY DIFFRACTION,2.7,2014-10-21T00:00:00.000+00:00,2015-09-16T00:00:00.000+00:00,2,1
RXRA,P19793,4RMD,Crystal structure of human Retinoid X receptor alpha ligand binding domain complex with 9cUAB110 and coactivator peptide GRIP-1,X-RAY DIFFRACTION,1.9,2014-10-21T00:00:00.000+00:00,2015-09-23T00:00:00.000+00:00,2,1
RXRA,P19793,4RME,Crystal structure of human Retinoid X receptor alpha ligand binding domain complex with 9cUAB111 and coactivator peptide GRIP-1,X-RAY DIFFRACTION,2.3,2014-10-21T00:00:00.000+00:00,2015-09-16T00:00:00.000+00:00,2,1
RXRA,P19793,4ZO1,Crystal Structure of the T3-bound TR-beta Ligand-binding Domain in complex with RXR-alpha,X-RAY DIFFRACTION,3.221,2015-05-05T00:00:00.000+00:00,2015-09-02T00:00:00.000+00:00,3,1
RXRA,P19793,4ZSH,"RXR LBD in complex with 9-cis-13,14-dihydroretinoic acid",X-RAY DIFFRACTION,1.8,2015-05-13T00:00:00.000+00:00,2016-03-30T00:00:00.000+00:00,2,1
RXRA,P19793,5EC9,Retinoic acid receptor alpha in complex with chiral dihydrobenzofuran benzoic acid 9a and a fragment of the coactivator TIF2,X-RAY DIFFRACTION,2.3,2015-10-20T00:00:00.000+00:00,2016-03-09T00:00:00.000+00:00,2,1
RXRA,P19793,5JI0,"PPARgamma-RXRalpha(S427F) heterodimer in complex with SRC-1, rosiglitazone, and 9-cis-retanoic acid",X-RAY DIFFRACTION,1.98,2016-04-21T00:00:00.000+00:00,2017-04-26T00:00:00.000+00:00,3,2
RXRA,P19793,5LYQ,Crystal structure of the Retinoic Acid Receptor alpha in complex with a synthetic spiroketal agonist and a fragment of the TIF2 co-activator.,X-RAY DIFFRACTION,2.17,2016-09-28T00:00:00.000+00:00,2017-04-26T00:00:00.000+00:00,2,1
RXRA,P19793,5MJ5,Crystal structure of the Retinoid X Receptor alpha in complex with synthetichonokiol derivative 3 and a fragment of the TIF2 co-activator.,X-RAY DIFFRACTION,1.9,2016-11-30T00:00:00.000+00:00,2017-11-08T00:00:00.000+00:00,2,1
RXRA,P19793,5MK4,Crystal structure of the Retinoid X Receptor alpha in complex with synthetic honokiol derivative 7 and a fragment of the TIF2 co-activator.,X-RAY DIFFRACTION,2.0,2016-12-02T00:00:00.000+00:00,2017-11-08T00:00:00.000+00:00,2,2
RXRA,P19793,5MKJ,Crystal structure of the Retinoid X Receptor alpha in complex with synthetic honokiol derivative 9 and a fragment of the TIF2 co-activator.,X-RAY DIFFRACTION,2.5,2016-12-05T00:00:00.000+00:00,2017-11-08T00:00:00.000+00:00,2,1
RXRA,P19793,5MKU,Crystal structure of the Retinoid X Receptor alpha in complex with synthetic honokiol derivative 4 and a fragment of the TIF2 co-activator.,X-RAY DIFFRACTION,1.78,2016-12-05T00:00:00.000+00:00,2017-11-08T00:00:00.000+00:00,2,1
RXRA,P19793,5MMW,Crystal structure of the Retinoid X Receptor alpha in complex with synthetic honokiol derivative 6 and a fragment of the TIF2 co-activator.,X-RAY DIFFRACTION,2.7,2016-12-12T00:00:00.000+00:00,2017-11-08T00:00:00.000+00:00,2,1
RXRA,P19793,5TBP,Crystal Structure of RXR-alpha ligand binding domain complexed with synthetic modulator K8003,X-RAY DIFFRACTION,2.6,2016-09-12T00:00:00.000+00:00,2017-08-09T00:00:00.000+00:00,1,4
RXRA,P19793,5UAN,Crystal structure of multi-domain RAR-beta-RXR-alpha heterodimer on DNA,X-RAY DIFFRACTION,3.508,2016-12-19T00:00:00.000+00:00,2017-10-18T00:00:00.000+00:00,5,3
RXRA,P19793,5Z12,A structure of FXR/RXR,X-RAY DIFFRACTION,2.75,2017-12-23T00:00:00.000+00:00,2018-07-04T00:00:00.000+00:00,4,2
RXRA,P19793,5ZQU,Crystal structure of tetrameric RXRalpha-LBD complexed with partial agonist CBt-PMN,X-RAY DIFFRACTION,2.60038789589,2018-04-20T00:00:00.000+00:00,2019-02-27T00:00:00.000+00:00,1,2
RXRA,P19793,6A5Y,Crystal structure of human FXR/RXR-LBD heterodimer bound to HNC143 and 9cRA and SRC1,X-RAY DIFFRACTION,2.1,2018-06-25T00:00:00.000+00:00,2018-10-10T00:00:00.000+00:00,3,4
RXRA,P19793,6A5Z,Crystal structure of human FXR/RXR-LBD heterodimer bound to HNC180 and 9cRA and SRC1,X-RAY DIFFRACTION,2.95,2018-06-25T00:00:00.000+00:00,2018-10-10T00:00:00.000+00:00,3,2
RXRA,P19793,6A60,Crystal structure of human FXR/RXR-LBD heterodimer bound to GW4064 and 9cRA and SRC1,X-RAY DIFFRACTION,3.05,2018-06-25T00:00:00.000+00:00,2018-10-10T00:00:00.000+00:00,3,2
RXRA,P19793,6FBQ,"Crystal Structure of the Human Retinoid X Receptor DNA-Binding Domain Bound to the Human MEp DR1 Response Element, pH 7.0",X-RAY DIFFRACTION,1.6,2017-12-19T00:00:00.000+00:00,2018-12-05T00:00:00.000+00:00,3,2
RXRA,P19793,6FBR,"Crystal Structure of the Human Retinoid X Receptor DNA-Binding Domain Bound to the Human MEp DR1 Response Element, pH 4.2",X-RAY DIFFRACTION,2.1,2017-12-19T00:00:00.000+00:00,2018-12-05T00:00:00.000+00:00,3,4
RXRA,P19793,6HN6,A revisited version of the apo structure of the ligand-binding domain of the human nuclear receptor RXR-ALPHA,X-RAY DIFFRACTION,2.71,2018-09-14T00:00:00.000+00:00,2019-02-20T00:00:00.000+00:00,1,1
RXRA,P19793,6JNO,RXRa structure complexed with CU-6PMN,X-RAY DIFFRACTION,2.65,2019-03-17T00:00:00.000+00:00,2019-11-20T00:00:00.000+00:00,1,1
RXRA,P19793,6JNR,RXRa structure complexed with CU-6PMN and SRC1 peptide.,X-RAY DIFFRACTION,2.3,2019-03-18T00:00:00.000+00:00,2020-03-25T00:00:00.000+00:00,2,1
RXRA,P19793,6L6K,Crystal structure of dimeric RXRalpha-LBD complexed with partial agonist CBt-PMN and SRC1,X-RAY DIFFRACTION,1.8,2019-10-29T00:00:00.000+00:00,2020-11-04T00:00:00.000+00:00,2,2
RXRA,P19793,6LB4,Crystal structure of dimeric RXR-LBD complexed with NEt-3ME and TIF2 co-activator,X-RAY DIFFRACTION,1.5,2019-11-13T00:00:00.000+00:00,2020-11-18T00:00:00.000+00:00,2,2
RXRA,P19793,6LB5,Crystal structure of dimeric RXR-LBD complexed with full agonist NEt-3IB and TIF2 co-activator,X-RAY DIFFRACTION,2.4,2019-11-13T00:00:00.000+00:00,2020-11-18T00:00:00.000+00:00,2,1
RXRA,P19793,6LB6,Crystal structure of dimeric RXR-LBD complexed with partial agonist NEt-4IB and TIF2 co-activator,X-RAY DIFFRACTION,2.4,2019-11-13T00:00:00.000+00:00,2020-11-18T00:00:00.000+00:00,2,1
RXRA,P19793,6SJM,Crystal structure of the Retinoic Acid Receptor alpha in complex with compound 24 (JP175),X-RAY DIFFRACTION,2.52,2019-08-13T00:00:00.000+00:00,2019-09-18T00:00:00.000+00:00,2,1
RXRA,P19793,6STI,Crystal structure of RXRalpha LBD in complex with LG 100754 and a coactivator peptide,X-RAY DIFFRACTION,1.892,2019-09-10T00:00:00.000+00:00,2019-11-20T00:00:00.000+00:00,2,2
RXRA,P19793,6XWG,Crystal Structure of the Human RXR/RAR DNA-Binding Domain Heterodimer Bound to the Human RARb2 DR5 Response Element,X-RAY DIFFRACTION,2.4,2020-01-23T00:00:00.000+00:00,2020-09-09T00:00:00.000+00:00,4,3
RXRA,P19793,6XWH,Crystal Structure of the Human RXR DNA-Binding Domain Homodimer Bound to the Human Hoxb13 DR0 Response Element,X-RAY DIFFRACTION,2.1,2020-01-23T00:00:00.000+00:00,2020-09-09T00:00:00.000+00:00,3,1
RXRA,P19793,7A77,Crystal structure of RXR alpha LBD in complexes with palmitic acid and GRIP-1 peptide,X-RAY DIFFRACTION,1.5,2020-08-27T00:00:00.000+00:00,2020-10-21T00:00:00.000+00:00,2,3
RXRA,P19793,7B88,Crystal structure of Retinoic Acid Receptor alpha (RXRA) in complexed with S99 inhibitor,X-RAY DIFFRACTION,2.38,2020-12-12T00:00:00.000+00:00,2021-01-13T00:00:00.000+00:00,2,1
RXRA,P19793,7B9O,Crystal structure of Retinoic Acid Receptor alpha (RXRA) in complexed with S169 inhibitor,X-RAY DIFFRACTION,2.05,2020-12-14T00:00:00.000+00:00,2021-02-10T00:00:00.000+00:00,2,1
RXRA,P19793,7BK4,Crystal structure of RXRalpha ligand binding domain in complex with a fragment of the TIF2 coactivator,X-RAY DIFFRACTION,2.8,2021-01-15T00:00:00.000+00:00,2021-08-04T00:00:00.000+00:00,2,1
RXRA,P19793,7CFO,Crystal structure of human RXRalpha ligand binding domain complexed with CBTF-EE.,X-RAY DIFFRACTION,2.15,2020-06-27T00:00:00.000+00:00,2021-01-06T00:00:00.000+00:00,1,2
RXRA,P19793,7NKE,"Crystal structure of human RXRalpha ligand binding domain in complex with 2,4-di-tert-butylphenol and a coactivator fragment",X-RAY DIFFRACTION,2.35,2021-02-17T00:00:00.000+00:00,2022-03-02T00:00:00.000+00:00,2,2
RXRA,P19793,7UW2,Crystal structure of human Retinoid X receptor alpha ligand binding domain complex with UAB116 and coactivator peptide GRIP-1,X-RAY DIFFRACTION,1.88,2022-05-02T00:00:00.000+00:00,2023-03-15T00:00:00.000+00:00,2,1
RXRA,P19793,7UW4,Crystal structure of human Retinoid X receptor alpha ligand binding domain complex with UAB113 and coactivator peptide GRIP-1,X-RAY DIFFRACTION,2.1,2022-05-02T00:00:00.000+00:00,2023-03-15T00:00:00.000+00:00,2,1
RXRA,P19793,8HBM,Structural basis of the farnesoid X receptor/retinoid X receptor heterodimer on inverted repeat DNA,X-RAY DIFFRACTION,3.3,2022-10-29T00:00:00.000+00:00,2023-06-14T00:00:00.000+00:00,4,1
RXRA,P19793,8PP0,Crystal structure of Retinoic Acid Receptor alpha (RXRA) in complexed with JP147,X-RAY DIFFRACTION,1.9,2023-07-05T00:00:00.000+00:00,2024-02-07T00:00:00.000+00:00,2,1
RXRA,P19793,9QJ9,Crystal Structure of the Human Retinoid X Receptor DNA-Binding Domain Bound to Trim16 IR1 Response Element,X-RAY DIFFRACTION,3.5,2025-03-18T00:00:00.000+00:00,2026-01-28T00:00:00.000+00:00,3,1
RXRA,P19793,9QX6,Crystal structure of RXR alpha LBD bound to a synthetic agonist FN537 and a coactivator fragment,X-RAY DIFFRACTION,1.46,2025-04-15T00:00:00.000+00:00,2025-08-13T00:00:00.000+00:00,2,2
RXRA,P19793,9RMR,Crystal structure of RXR alpha LBD bound to a synthetic agonist FN558 and a coactivator fragment,X-RAY DIFFRACTION,1.65,2025-06-18T00:00:00.000+00:00,2025-08-13T00:00:00.000+00:00,2,1
RXRA,P19793,9S70,Crystal structure of RXR alpha LBD bound to a partial agonist 21 and a coactivator fragment SRC1,X-RAY DIFFRACTION,1.95,2025-08-01T00:00:00.000+00:00,2025-10-29T00:00:00.000+00:00,2,1
RXRA,P19793,9S71,Crystal structure of RXR alpha LBD bound to a partial agonist 35 and a coactivator fragment SRC1,X-RAY DIFFRACTION,2.0,2025-08-01T00:00:00.000+00:00,2025-10-29T00:00:00.000+00:00,2,1
RXRB,P28702,1H9U,The structure of the human retinoid-X-receptor beta ligand binding domain in complex with the specific synthetic agonist LG100268,X-RAY DIFFRACTION,2.7,2001-03-21T00:00:00.000+00:00,2002-04-03T00:00:00.000+00:00,1,3
RXRB,P28702,1UHL,Crystal structure of the LXRalfa-RXRbeta LBD heterodimer,X-RAY DIFFRACTION,2.9,2003-07-03T00:00:00.000+00:00,2004-06-01T00:00:00.000+00:00,3,2
RXRB,P28702,5HJP,Identification of LXRbeta selective agonists for the treatment of Alzheimer's Disease,X-RAY DIFFRACTION,2.6,2016-01-13T00:00:00.000+00:00,2016-04-06T00:00:00.000+00:00,2,2
RXRB,P28702,5I4V,"Discovery of novel, orally efficacious Liver X Receptor (LXR) beta agonists",X-RAY DIFFRACTION,2.61,2016-02-12T00:00:00.000+00:00,2016-06-29T00:00:00.000+00:00,2,1
RXRB,P28702,5KYA,"Brain penetrant liver X receptor (LXR) modulators based on a 2,4,5,6-tetrahydropyrrolo[3,4-c]pyrazole core",X-RAY DIFFRACTION,2.598,2016-07-21T00:00:00.000+00:00,2016-09-21T00:00:00.000+00:00,2,1
RXRB,P28702,5KYJ,"Brain penetrant liver X receptor (LXR) modulators based on a 2,4,5,6-tetrahydropyrrolo[3,4-c]pyrazole core",X-RAY DIFFRACTION,2.8,2016-07-21T00:00:00.000+00:00,2016-09-21T00:00:00.000+00:00,2,1
RXRB,P28702,7A78,Crystal structure of RXR beta LBD in complexes with palmitic acid and GRIP-1 peptide,X-RAY DIFFRACTION,1.72,2020-08-27T00:00:00.000+00:00,2020-10-21T00:00:00.000+00:00,2,3
RXRG,P48443,2GL8,Human Retinoic acid receptor RXR-gamma ligand-binding domain,X-RAY DIFFRACTION,2.4,2006-04-04T00:00:00.000+00:00,2006-04-18T00:00:00.000+00:00,1,0
RXRG,P48443,7A79,Crystal structure of RXR gamma LBD in complexes with palmitic acid and GRIP-1 peptide,X-RAY DIFFRACTION,2.05,2020-08-27T00:00:00.000+00:00,2020-10-21T00:00:00.000+00:00,2,1
SF1,Q13285,1YOW,human Steroidogenic Factor 1 LBD with bound Co-factor Peptide,X-RAY DIFFRACTION,3.0,2005-01-28T00:00:00.000+00:00,2005-05-10T00:00:00.000+00:00,2,1
SF1,Q13285,1ZDT,The Crystal Structure of Human Steroidogenic Factor-1,X-RAY DIFFRACTION,2.1,2005-04-14T00:00:00.000+00:00,2005-05-24T00:00:00.000+00:00,2,1
SF1,Q13285,4QJR,Crystal structure of human nuclear receptor sf-1 (nr5a1) bound to its hormone pip3 at 2.4 a resolution,X-RAY DIFFRACTION,2.4,2014-06-04T00:00:00.000+00:00,2014-07-30T00:00:00.000+00:00,2,2
SF1,Q13285,4QK4,Crystal structure of human nuclear receptor sf-1 (nr5a1) bound to pip2 at 2.8 a resolution,X-RAY DIFFRACTION,2.81,2014-06-05T00:00:00.000+00:00,2014-07-30T00:00:00.000+00:00,2,2
SF1,Q13285,7KHT,The acyl chains of phosphoinositide PIP3 alter the structure and function of nuclear receptor Steroidogenic Factor-1 (SF-1),X-RAY DIFFRACTION,2.504,2020-10-22T00:00:00.000+00:00,2021-05-19T00:00:00.000+00:00,2,1
SF1,Q13285,8DAF,Human SF-1 LBD bound to synthetic agonist 6N-10CA and bacterial phospholipid,X-RAY DIFFRACTION,2.59,2022-06-13T00:00:00.000+00:00,2023-06-28T00:00:00.000+00:00,2,2
SHP,Q15466,1YUC,"Human Nuclear Receptor Liver Receptor Homologue-1, LRH-1, Bound to Phospholipid and a Fragment of Human SHP",X-RAY DIFFRACTION,1.9,2005-02-13T00:00:00.000+00:00,2005-03-01T00:00:00.000+00:00,2,2
SHP,Q15466,2Q3Y,Ancestral Corticiod Receptor in Complex with DOC,X-RAY DIFFRACTION,2.4,2007-05-30T00:00:00.000+00:00,2007-09-04T00:00:00.000+00:00,2,2
SHP,Q15466,2Z4J,Crystal structure of AR LBD with SHP peptide NR Box 2,X-RAY DIFFRACTION,2.6,2007-06-19T00:00:00.000+00:00,2007-12-04T00:00:00.000+00:00,2,1
SHP,Q15466,4DOR,"Human Nuclear Receptor Liver Receptor Homologue-1, LRH-1, in its apo State Bound to a Fragment of Human SHP Box1",X-RAY DIFFRACTION,1.9,2012-02-10T00:00:00.000+00:00,2012-04-18T00:00:00.000+00:00,2,1
SHP,Q15466,4ONI,Structure of Human Orphan Receptor LRH1 bound to two bacterial phospholipids,X-RAY DIFFRACTION,1.8,2014-01-28T00:00:00.000+00:00,2015-02-11T00:00:00.000+00:00,2,4
SHP,Q15466,5UFS,X-Ray Crystal Structure of the Ancestral Glucocorticoid Receptor 2 ligand binding domain in complex with triamcinolone acetonide and SHP coregulator fragment,X-RAY DIFFRACTION,2.118,2017-01-05T00:00:00.000+00:00,2017-04-26T00:00:00.000+00:00,2,1
SHP,Q15466,6W9M,Structure of the Ancestral Glucocorticoid Receptor 2 ligand binding domain in complex with vamorolone and SHP coregulator fragment,X-RAY DIFFRACTION,1.59,2020-03-23T00:00:00.000+00:00,2020-11-04T00:00:00.000+00:00,2,2
SHP,Q15466,7YXC,Crystal structure of WT AncGR2-LBD bound to dexamethasone and SHP coregulator fragment,X-RAY DIFFRACTION,2.25,2022-02-15T00:00:00.000+00:00,2022-12-07T00:00:00.000+00:00,2,3
SHP,Q15466,7YXD,Crystal structure of WT AncGR2-LBD bound to dexamethasone and SHP coregulator fragment,X-RAY DIFFRACTION,2.3,2022-02-15T00:00:00.000+00:00,2022-12-07T00:00:00.000+00:00,2,2
SHP,Q15466,7YXN,Crystal structure of WT AncGR2-LBD bound to dexamethasone and SHP coregulator fragment,X-RAY DIFFRACTION,2.46,2022-02-16T00:00:00.000+00:00,2022-12-07T00:00:00.000+00:00,2,2
SHP,Q15466,7YXO,Crystal structure of WT AncGR2-LBD bound to dexamethasone and SHP coregulator fragment,X-RAY DIFFRACTION,2.99,2022-02-16T00:00:00.000+00:00,2022-12-07T00:00:00.000+00:00,2,3
SHP,Q15466,7YXP,Crystal structure of WT AncGR2-LBD WT bound to dexamethasone and SHP coregulator fragment,X-RAY DIFFRACTION,3.36,2022-02-16T00:00:00.000+00:00,2022-12-07T00:00:00.000+00:00,2,2
SHP,Q15466,7YXR,Crystal structure of mutant AncGR2-LBD (Y545A) bound to dexamethasone and SHP coregulator fragment,X-RAY DIFFRACTION,2.5,2022-02-16T00:00:00.000+00:00,2022-12-07T00:00:00.000+00:00,2,2
SHP,Q15466,9HDF,Glucocorticoid Receptor Ligand Binding Domain in complex with dexamethasone,X-RAY DIFFRACTION,2.78,2024-11-12T00:00:00.000+00:00,2025-11-12T00:00:00.000+00:00,3,10
THRA,P10827,1NAV,Thyroid Receptor Alpha in complex with an agonist selective for Thyroid Receptor Beta1,X-RAY DIFFRACTION,2.5,2002-11-29T00:00:00.000+00:00,2003-06-17T00:00:00.000+00:00,1,2
THRA,P10827,2H77,Crystal structure of human TR alpha bound T3 in monoclinic space group,X-RAY DIFFRACTION,2.33,2006-06-01T00:00:00.000+00:00,2006-07-25T00:00:00.000+00:00,1,1
THRA,P10827,2H79,Crystal Structure of human TR alpha bound T3 in orthorhombic space group,X-RAY DIFFRACTION,1.87,2006-06-01T00:00:00.000+00:00,2006-07-25T00:00:00.000+00:00,1,1
THRA,P10827,3HZF,Structure of TR-alfa bound to selective thyromimetic GC-1 in C2 space group,X-RAY DIFFRACTION,2.5,2009-06-23T00:00:00.000+00:00,2009-07-21T00:00:00.000+00:00,1,1
THRA,P10827,3ILZ,Structure of TR-alfa bound to selective thyromimetic GC-1 in P212121 space group,X-RAY DIFFRACTION,1.85,2009-08-07T00:00:00.000+00:00,2010-04-28T00:00:00.000+00:00,1,1
THRA,P10827,3JZB,Crystal Structure of TR-alfa bound to the selective thyromimetic TRIAC,X-RAY DIFFRACTION,2.007,2009-09-23T00:00:00.000+00:00,2009-12-08T00:00:00.000+00:00,1,1
THRA,P10827,4LNW,Crystal structure of TR-alpha bound to T3 in a second site,X-RAY DIFFRACTION,1.9,2013-07-12T00:00:00.000+00:00,2014-03-19T00:00:00.000+00:00,1,1
THRA,P10827,4LNX,Crystal structure of TR-alpha bound to T4 in a second site,X-RAY DIFFRACTION,2.05,2013-07-12T00:00:00.000+00:00,2014-03-19T00:00:00.000+00:00,1,2
THRA,P10827,7QDT,Crystal structure of a mutant (P393GX) Thyroid Receptor Alpha ligand binding domain designed to model dominant negative human mutations.,X-RAY DIFFRACTION,3.0,2021-11-30T00:00:00.000+00:00,2022-01-26T00:00:00.000+00:00,1,1
THRA,P10827,8RQO,Human thyroid hormone receptor alpha ligand binding domain in complex with beta-selective agonist ALG-055009,X-RAY DIFFRACTION,2.74,2024-01-18T00:00:00.000+00:00,2024-09-11T00:00:00.000+00:00,1,2
THRB,P10828,1BSX,STRUCTURE AND SPECIFICITY OF NUCLEAR RECEPTOR-COACTIVATOR INTERACTIONS,X-RAY DIFFRACTION,3.7,1998-08-31T00:00:00.000+00:00,1999-08-26T00:00:00.000+00:00,2,1
THRB,P10828,1N46,CRYSTAL STRUCTURE OF HUMAN TR BETA LIGAND-BINDING DOMAIN COMPLEXED WITH A POTENT SUBTYPE-SELECTIVE THYROMIMETIC,X-RAY DIFFRACTION,2.2,2002-10-30T00:00:00.000+00:00,2003-04-22T00:00:00.000+00:00,1,1
THRB,P10828,1NAX,Thyroid receptor beta1 in complex with a beta-selective ligand,X-RAY DIFFRACTION,2.7,2002-11-29T00:00:00.000+00:00,2003-06-17T00:00:00.000+00:00,1,1
THRB,P10828,1NQ0,TR Receptor Mutations Conferring Hormone Resistance and Reduced Corepressor Release Exhibit Decreased Stability in the Nterminal LBD,X-RAY DIFFRACTION,2.4,2003-01-20T00:00:00.000+00:00,2003-04-15T00:00:00.000+00:00,1,2
THRB,P10828,1NQ1,TR Receptor Mutations Conferring Hormone Resistance and Reduced Corepressor Release Exhibit Decreased Stability in the Nterminal LBD,X-RAY DIFFRACTION,2.9,2003-01-20T00:00:00.000+00:00,2003-04-15T00:00:00.000+00:00,1,2
THRB,P10828,1NQ2,Two RTH Mutants with Impaired Hormone Binding,X-RAY DIFFRACTION,2.4,2003-01-21T00:00:00.000+00:00,2003-04-15T00:00:00.000+00:00,1,3
THRB,P10828,1NUO,Two RTH Mutants with Impaired Hormone Binding,X-RAY DIFFRACTION,3.1,2003-01-31T00:00:00.000+00:00,2003-04-15T00:00:00.000+00:00,1,1
THRB,P10828,1Q4X,Crystal Structure of Human Thyroid Hormone Receptor beta LBD in complex with specific agonist GC-24,X-RAY DIFFRACTION,2.8,2003-08-04T00:00:00.000+00:00,2004-02-03T00:00:00.000+00:00,1,1
THRB,P10828,1R6G,Crystal structure of the thyroid hormone receptor beta ligand binding domain in complex with a beta selective compound,X-RAY DIFFRACTION,3.0,2003-10-15T00:00:00.000+00:00,2005-02-15T00:00:00.000+00:00,1,1
THRB,P10828,1XZX,Thyroxine-Thyroid Hormone Receptor Interactions,X-RAY DIFFRACTION,2.5,2004-11-12T00:00:00.000+00:00,2004-12-07T00:00:00.000+00:00,1,2
THRB,P10828,1Y0X,Thyroxine-Thyroid Hormone Receptor Interactions,X-RAY DIFFRACTION,3.1,2004-11-16T00:00:00.000+00:00,2004-12-07T00:00:00.000+00:00,1,2
THRB,P10828,2J4A,Human Thyroid hormone receptor beta ligand binding domain in complex with KB131084,X-RAY DIFFRACTION,2.2,2006-08-28T00:00:00.000+00:00,2007-09-25T00:00:00.000+00:00,1,1
THRB,P10828,2NLL,RETINOID X RECEPTOR-THYROID HORMONE RECEPTOR DNA-BINDING DOMAIN HETERODIMER BOUND TO THYROID RESPONSE ELEMENT DNA,X-RAY DIFFRACTION,1.9,1996-11-20T00:00:00.000+00:00,1997-03-12T00:00:00.000+00:00,4,1
THRB,P10828,2PIN,Thyroid receptor beta in complex with inhibitor,X-RAY DIFFRACTION,2.3,2007-04-13T00:00:00.000+00:00,2008-02-26T00:00:00.000+00:00,1,3
THRB,P10828,3D57,TR Variant D355R,X-RAY DIFFRACTION,2.2,2008-05-15T00:00:00.000+00:00,2008-10-14T00:00:00.000+00:00,1,2
THRB,P10828,3GWS,Crystal Structure of T3-Bound Thyroid Hormone Receptor,X-RAY DIFFRACTION,2.2,2009-04-01T00:00:00.000+00:00,2009-04-28T00:00:00.000+00:00,1,1
THRB,P10828,3IMY,Structure of TR-beta bound to selective thyromimetic GC-1,X-RAY DIFFRACTION,2.55,2009-08-11T00:00:00.000+00:00,2009-09-08T00:00:00.000+00:00,1,1
THRB,P10828,3JZC,Crystal Structure of TR-beta bound to the selective thyromimetic TRIAC,X-RAY DIFFRACTION,2.5,2009-09-23T00:00:00.000+00:00,2009-12-08T00:00:00.000+00:00,1,1
THRB,P10828,4ZO1,Crystal Structure of the T3-bound TR-beta Ligand-binding Domain in complex with RXR-alpha,X-RAY DIFFRACTION,3.221,2015-05-05T00:00:00.000+00:00,2015-09-02T00:00:00.000+00:00,3,1
THRB,P10828,6KKB,A novel agonist of THRb,X-RAY DIFFRACTION,1.7,2019-07-24T00:00:00.000+00:00,2019-10-23T00:00:00.000+00:00,2,1
THRB,P10828,6KKE,THRb mutation with a novel agonist,X-RAY DIFFRACTION,2.577,2019-07-25T00:00:00.000+00:00,2019-10-23T00:00:00.000+00:00,2,1
THRB,P10828,6KNU,THRb mutation with a novel agonist,X-RAY DIFFRACTION,2.7,2019-08-07T00:00:00.000+00:00,2019-10-23T00:00:00.000+00:00,2,1
THRB,P10828,6KNV,THRb mutation with a novel agonist,X-RAY DIFFRACTION,2.8,2019-08-07T00:00:00.000+00:00,2019-10-23T00:00:00.000+00:00,2,1
THRB,P10828,6KNW,THRb mutation with a novel agonist,X-RAY DIFFRACTION,2.67,2019-08-07T00:00:00.000+00:00,2019-10-23T00:00:00.000+00:00,2,1
THRB,P10828,7WLX,A novel chemical derivative(53) of THRB agonist,X-RAY DIFFRACTION,2.39,2022-01-14T00:00:00.000+00:00,2022-05-18T00:00:00.000+00:00,2,1
THRB,P10828,7WMG,A novel chemical derivative(52) of THRB agonist,X-RAY DIFFRACTION,2.93,2022-01-14T00:00:00.000+00:00,2022-05-18T00:00:00.000+00:00,2,1
THRB,P10828,7WMH,A novel chemical derivative(56) of THRB agonist,X-RAY DIFFRACTION,1.97,2022-01-14T00:00:00.000+00:00,2022-05-18T00:00:00.000+00:00,2,1
THRB,P10828,7WMJ,A novel chemical derivative(71) of THRB agonist,X-RAY DIFFRACTION,2.81,2022-01-14T00:00:00.000+00:00,2022-05-18T00:00:00.000+00:00,2,1
THRB,P10828,7WML,A novel chemical derivative(85) of THRB agonist,X-RAY DIFFRACTION,2.67,2022-01-15T00:00:00.000+00:00,2022-05-18T00:00:00.000+00:00,2,1
THRB,P10828,7WMN,A novel chemical derivative(89) of THRB agonist,X-RAY DIFFRACTION,2.57,2022-01-15T00:00:00.000+00:00,2022-05-18T00:00:00.000+00:00,2,1
THRB,P10828,7WMO,A novel chemical derivative(92) of THRB agonist,X-RAY DIFFRACTION,2.56,2022-01-15T00:00:00.000+00:00,2022-05-18T00:00:00.000+00:00,2,1
THRB,P10828,8RQN,Human thyroid hormone receptor beta ligand binding domain in complex with beta-selective agonist ALG-055009,X-RAY DIFFRACTION,2.88,2024-01-18T00:00:00.000+00:00,2024-09-11T00:00:00.000+00:00,1,1
THRB,P10828,9IX5,An agonist(compound 15n) of Thyroid Hormone Receptor B,X-RAY DIFFRACTION,2.65,2024-07-26T00:00:00.000+00:00,2025-07-02T00:00:00.000+00:00,2,1
THRB,P10828,9J0K,An agonist(compound 14e)of Thyroid Hormone Receptor B,X-RAY DIFFRACTION,2.698,2024-08-02T00:00:00.000+00:00,2025-07-02T00:00:00.000+00:00,2,1
TLX,Q9Y466,4XAJ,Crystal structure of human NR2E1/TLX,X-RAY DIFFRACTION,3.551,2014-12-14T00:00:00.000+00:00,2015-03-04T00:00:00.000+00:00,2,0
VDR,P11473,1DB1,CRYSTAL STRUCTURE OF THE NUCLEAR RECEPTOR FOR VITAMIN D COMPLEXED TO VITAMIN D,X-RAY DIFFRACTION,1.8,1999-11-02T00:00:00.000+00:00,2000-01-31T00:00:00.000+00:00,1,1
VDR,P11473,1IE8,Crystal Structure Of The Nuclear Receptor For Vitamin D Ligand Binding Domain Bound to KH1060,X-RAY DIFFRACTION,1.52,2001-04-09T00:00:00.000+00:00,2001-05-16T00:00:00.000+00:00,1,1
VDR,P11473,1IE9,Crystal Structure Of The Nuclear Receptor For Vitamin D Ligand Binding Domain Bound to MC1288,X-RAY DIFFRACTION,1.4,2001-04-09T00:00:00.000+00:00,2001-05-16T00:00:00.000+00:00,1,1
VDR,P11473,1KB2,Crystal Structure of VDR DNA-binding Domain Bound to Mouse Osteopontin (SPP) Response Element,X-RAY DIFFRACTION,2.7,2001-11-05T00:00:00.000+00:00,2002-05-03T00:00:00.000+00:00,3,1
VDR,P11473,1KB4,Crystal Structure of VDR DNA-binding Domain Bound to a Canonical Direct Repeat with Three Base Pair Spacer (DR3) Response Element,X-RAY DIFFRACTION,2.8,2001-11-05T00:00:00.000+00:00,2002-05-03T00:00:00.000+00:00,3,1
VDR,P11473,1KB6,Crystal Structure of VDR DNA-binding Domain Bound to Rat Osteocalcin (OC) Response Element,X-RAY DIFFRACTION,2.7,2001-11-05T00:00:00.000+00:00,2002-05-03T00:00:00.000+00:00,3,1
VDR,P11473,1S0Z,Crystal structure of the VDR LBD complexed to seocalcitol.,X-RAY DIFFRACTION,2.5,2004-01-05T00:00:00.000+00:00,2004-04-13T00:00:00.000+00:00,1,1
VDR,P11473,1S19,Crystal structure of VDR ligand binding domain complexed to calcipotriol.,X-RAY DIFFRACTION,2.1,2004-01-06T00:00:00.000+00:00,2004-04-13T00:00:00.000+00:00,1,1
VDR,P11473,1TXI,Crystal structure of the vdr ligand binding domain complexed to TX522,X-RAY DIFFRACTION,1.9,2004-07-05T00:00:00.000+00:00,2005-05-10T00:00:00.000+00:00,1,1
VDR,P11473,1YNW,Crystal Structure of Vitamin D Receptor and 9-cis Retinoic Acid Receptor DNA-Binding Domains Bound to a DR3 Response Element,X-RAY DIFFRACTION,3.0,2005-01-25T00:00:00.000+00:00,2005-02-15T00:00:00.000+00:00,4,1
VDR,P11473,2HAM,Crystal structure of VDR LBD complexed to 2alpha-propyl-calcitriol,X-RAY DIFFRACTION,1.9,2006-06-13T00:00:00.000+00:00,2006-08-29T00:00:00.000+00:00,1,1
VDR,P11473,2HAR,Crystal structure of VDR LBD in complex with 2 alpha-(3-hydroxy-1-propoxy) calcitriol,X-RAY DIFFRACTION,1.9,2006-06-13T00:00:00.000+00:00,2006-08-29T00:00:00.000+00:00,1,1
VDR,P11473,2HAS,Crystal structure of VDR LBD in complex with 2alpha-(1-propoxy) calcitriol,X-RAY DIFFRACTION,1.96,2006-06-13T00:00:00.000+00:00,2006-08-29T00:00:00.000+00:00,1,1
VDR,P11473,2HB7,Crystal structure of VDR LBD in complex with 2alpha(3-hydroxy-1-propyl) calcitriol,X-RAY DIFFRACTION,1.8,2006-06-14T00:00:00.000+00:00,2006-08-29T00:00:00.000+00:00,1,1
VDR,P11473,2HB8,Crystal structure of VDR LBD in complex with 2alpha-methyl calcitriol,X-RAY DIFFRACTION,2.0,2006-06-14T00:00:00.000+00:00,2006-08-29T00:00:00.000+00:00,1,1
VDR,P11473,3A2I,Crystal structure of the human vitamin D receptor (H305F) ligand binding domain complexed with TEI-9647,X-RAY DIFFRACTION,3.27,2009-05-20T00:00:00.000+00:00,2010-05-26T00:00:00.000+00:00,1,1
VDR,P11473,3A2J,Crystal structure of the human vitamin D receptor (H305F/H397F) ligand binding domain complexed with TEI-9647,X-RAY DIFFRACTION,2.7,2009-05-20T00:00:00.000+00:00,2010-05-26T00:00:00.000+00:00,1,1
VDR,P11473,3A3Z,Crystal structure of the human VDR ligand binding domain bound to the synthetic agonist compound 2alpha-methyl-AMCR277A(C23S),X-RAY DIFFRACTION,1.72,2009-06-25T00:00:00.000+00:00,2010-02-02T00:00:00.000+00:00,1,2
VDR,P11473,3A40,Crystal structure of the human VDR ligand binding domain bound to the synthetic agonist compound 2alpha-methyl-AMCR277B(C23R),X-RAY DIFFRACTION,1.45,2009-06-25T00:00:00.000+00:00,2010-02-02T00:00:00.000+00:00,1,2
VDR,P11473,3A78,"Crystal structure of the human VDR ligand binding domain bound to the natural metabolite 1alpha,25-dihydroxy-3-epi-vitamin D3",X-RAY DIFFRACTION,1.9,2009-09-18T00:00:00.000+00:00,2010-10-13T00:00:00.000+00:00,1,2
VDR,P11473,3AUQ,Crystal structure of the human vitamin D receptor ligand binding domain complexed with Yne-diene type analog of active 14-epi-2alpha-methyl-19-norvitamin D3,X-RAY DIFFRACTION,2.64,2011-02-15T00:00:00.000+00:00,2011-09-14T00:00:00.000+00:00,1,1
VDR,P11473,3AUR,Crystal structure of the human vitamin D receptor ligand binding domain complexed with Yne-diene type analog of active 14-epi-2beta-methyl-19-norvitamin D3,X-RAY DIFFRACTION,2.21,2011-02-15T00:00:00.000+00:00,2011-09-14T00:00:00.000+00:00,1,1
VDR,P11473,3AX8,"Crystal structure of the human vitamin D receptor ligand binding domain complexed with 15alpha-methoxy-1alpha,25-dihydroxyvitamin D3",X-RAY DIFFRACTION,2.6,2011-03-30T00:00:00.000+00:00,2011-10-05T00:00:00.000+00:00,1,1
VDR,P11473,3AZ1,Crystal Structure Analysis of Vitamin D receptor,X-RAY DIFFRACTION,1.5,2011-05-20T00:00:00.000+00:00,2011-11-02T00:00:00.000+00:00,1,1
VDR,P11473,3AZ2,Crystal Structure Analysis of Vitamin D receptor,X-RAY DIFFRACTION,1.69,2011-05-20T00:00:00.000+00:00,2011-11-02T00:00:00.000+00:00,1,1
VDR,P11473,3AZ3,Crystal Structure Analysis of Vitamin D receptor,X-RAY DIFFRACTION,1.36,2011-05-20T00:00:00.000+00:00,2011-11-02T00:00:00.000+00:00,1,1
VDR,P11473,3B0T,Human VDR ligand binding domain in complex with maxacalcitol,X-RAY DIFFRACTION,1.3,2011-06-14T00:00:00.000+00:00,2011-08-10T00:00:00.000+00:00,1,2
VDR,P11473,3CS4,Structure-based design of a superagonist ligand for the vitamin D nuclear receptor,X-RAY DIFFRACTION,2.0,2008-04-09T00:00:00.000+00:00,2008-05-27T00:00:00.000+00:00,1,1
VDR,P11473,3CS6,Structure-based design of a superagonist ligand for the vitamin D nuclear receptor,X-RAY DIFFRACTION,1.8,2008-04-09T00:00:00.000+00:00,2008-05-27T00:00:00.000+00:00,1,1
VDR,P11473,3KPZ,"Crystal structure of a novel vitamin D3 analogue, ZK203278 showing dissociated profile",X-RAY DIFFRACTION,1.9,2009-11-17T00:00:00.000+00:00,2011-10-12T00:00:00.000+00:00,1,1
VDR,P11473,3M7R,Crystal structure of VDR H305Q mutant,X-RAY DIFFRACTION,1.8,2010-03-17T00:00:00.000+00:00,2010-05-05T00:00:00.000+00:00,1,1
VDR,P11473,3OGT,"Design, Chemical synthesis, Functional characterization and Crystal structure of the sidechain analogue of 1,25-dihydroxyvitamin D3.",X-RAY DIFFRACTION,1.75,2010-08-17T00:00:00.000+00:00,2011-08-17T00:00:00.000+00:00,1,2
VDR,P11473,3P8X,"Synthesis, Structure, and Biological Activity of des-Side Chain Analogues of 1alpha,25-Dihydroxyvitamin D3 with Substituents at C-18",X-RAY DIFFRACTION,1.7,2010-10-15T00:00:00.000+00:00,2011-08-31T00:00:00.000+00:00,1,2
VDR,P11473,3TKC,"Design, Synthesis, Evaluation and Structure of Vitamin D Analogues with Furan Side Chains",X-RAY DIFFRACTION,1.75,2011-08-26T00:00:00.000+00:00,2012-03-07T00:00:00.000+00:00,1,2
VDR,P11473,3VHW,Crystal structure of the human vitamin D receptor ligand binding domain complexed with 4-MP,X-RAY DIFFRACTION,2.43,2011-09-08T00:00:00.000+00:00,2013-03-06T00:00:00.000+00:00,1,1
VDR,P11473,3W0A,Crystal Structure Analysis of Vitamin D receptor,X-RAY DIFFRACTION,1.8,2012-10-25T00:00:00.000+00:00,2013-11-13T00:00:00.000+00:00,1,1
VDR,P11473,3W0C,Crystal Structure Analysis of Vitamin D receptor,X-RAY DIFFRACTION,1.9,2012-10-29T00:00:00.000+00:00,2013-11-13T00:00:00.000+00:00,1,1
VDR,P11473,3W0Y,Crystal Structure Analysis of Vitamin D receptor,X-RAY DIFFRACTION,1.98,2012-11-05T00:00:00.000+00:00,2013-11-13T00:00:00.000+00:00,1,1
VDR,P11473,3WGP,Crystal Structure Analysis of Vitamin D receptor,X-RAY DIFFRACTION,2.0,2013-08-07T00:00:00.000+00:00,2014-08-27T00:00:00.000+00:00,1,1
VDR,P11473,3WWR,"Crystal structure of the human vitamin D receptor ligand binding domain complexed with 1-((((1S,2R,6R,Z)-2,6-dihydroxy-4-((E)-2-((1R,3aS,7aR)-1-((R)-6-hydroxy-6-methylheptan-2-yl)-7a-methylhexahydro-1H-inden-4(2H)-ylidene)ethylidene)-3-methylenecyclohexyl)oxy)methyl)cyclopropanecarbonitrile",X-RAY DIFFRACTION,3.18,2014-06-27T00:00:00.000+00:00,2014-12-31T00:00:00.000+00:00,1,1
VDR,P11473,3X31,"Crystal structure of the human vitamin D receptor ligand binding domain complexed with 7,8-cis-14-epi-1a,25-Dihydroxy-19-norvitamin D3",X-RAY DIFFRACTION,2.11,2015-01-13T00:00:00.000+00:00,2016-01-13T00:00:00.000+00:00,1,1
VDR,P11473,3X36,"Crystal structure of the human vitamin D receptor ligand binding domain complexed with 7,8-cis-1a,25-Dihydroxy-19-norvitamin D3",X-RAY DIFFRACTION,1.93,2015-01-16T00:00:00.000+00:00,2016-01-20T00:00:00.000+00:00,1,1
VDR,P11473,4G2I,Structural basis for the accommodation of bis- and tris-aromatic derivatives in Vitamin D Nuclear Receptor,X-RAY DIFFRACTION,1.8,2012-07-12T00:00:00.000+00:00,2012-09-26T00:00:00.000+00:00,1,1
VDR,P11473,4ITE,"Crystal structure of the human vitamin D receptor ligand binding domain complexed with 1alpha,25-Dihydroxy-2alpha-[2-(2H-tetrazol-2-yl)ethyl]vitamin D3",X-RAY DIFFRACTION,2.49,2013-01-18T00:00:00.000+00:00,2014-01-22T00:00:00.000+00:00,1,1
VDR,P11473,4ITF,"Crystal structure of the human vitamin D receptor ligand binding domain complexed with 1alpha,25-Dihydroxy-2alpha-[2-(1H-tetrazole-1-yl)ethyl]vitamin D3",X-RAY DIFFRACTION,2.84,2013-01-18T00:00:00.000+00:00,2014-01-22T00:00:00.000+00:00,1,1
VDR,P11473,5GT4,"Crystal structure of the human vitamin D receptor ligand binding domain complexed with (1R,2S,3R,5Z,7E,14beta,17alpha)-2-cyanopropoxy-9,10-secocholesta-5,7,10-triene-1,3,25-triol",X-RAY DIFFRACTION,1.83,2016-08-18T00:00:00.000+00:00,2016-11-09T00:00:00.000+00:00,1,1
VDR,P11473,5V39,Crystal structure of human vitamin D receptor ligand binding domain in complex with a VDRM,X-RAY DIFFRACTION,2.2,2017-03-06T00:00:00.000+00:00,2018-03-14T00:00:00.000+00:00,1,1
VDR,P11473,5YSY,"Crystal structure of the human vitamin D receptor ligand binding domain complexed with (1R,2R,3R)-5-[(E)-2-{(1R,3aS,7aR)-1-[(R)-6-hydroxy-6-methylheptan-2-yl]-7a-methyl-2,3,3a,6,7,7a-hexahydro-1H-inden-4-yl}vinyl]-2-(3-hydroxypropyl)cyclohex-4-ene-1,3-diol",X-RAY DIFFRACTION,2.0,2017-11-16T00:00:00.000+00:00,2018-04-11T00:00:00.000+00:00,1,1
VDR,P11473,5YT2,"Crystal structure of the human vitamin D receptor ligand binding domain complexed with (1R,2S,3R)-5-[(E)-2-{(1R,3aS,7aR)-1-[(R)-6-hydroxy-6-methylheptan-2-yl]-7a-methyl-2,3,3a,6,7,7a-hexahydro-1H-inden-4-yl}vinyl]-2-(3-hydroxypropyl)cyclohex-4-ene-1,3-diol",X-RAY DIFFRACTION,2.0,2017-11-16T00:00:00.000+00:00,2018-04-11T00:00:00.000+00:00,1,1
VDR,P11473,7QPP,High resolution structure of human VDR ligand binding domain in complex with calcitriol,X-RAY DIFFRACTION,1.52,2022-01-05T00:00:00.000+00:00,2022-12-28T00:00:00.000+00:00,1,2
VDR,P11473,8IQN,"Crystal structure of the human vitamin D receptor ligand binding domain complexed with 24,24-F2-25(OH)D3",X-RAY DIFFRACTION,1.639,2023-03-17T00:00:00.000+00:00,2024-03-27T00:00:00.000+00:00,1,1
VDR,P11473,8IQT,Crystal structure of the human vitamin D receptor ligand binding domain complexed with (23R)-F-25(OH)D3,X-RAY DIFFRACTION,1.745,2023-03-17T00:00:00.000+00:00,2024-03-27T00:00:00.000+00:00,1,1
