pdb_id,receptor,status,receptor_chain_count,peptide_chain_count,receptor_chains,peptide_chains,peptide_sequences,has_LXXLL,has_CoRNR,LXXLL_matches,CoRNR_matches,n_zinc,zn_finger_dbd_flag,has_candidate_ligand,candidate_ligands,error,has_receptor,has_peptide,passes_LBD_filter,passes_basic_filter,has_cofactor_motif,strong_cofactor_candidate
1XOW,AR,SUCCESS,1,1,A:243,B:10,B:GAFQNLFQSV,False,False,,,0,False,True,R18,,True,True,True,True,False,False
1T63,AR,SUCCESS,1,1,A:250,B:14,B:KENALLRYLLDKDD,True,False,B:LRYLL:6,,0,False,True,DHT,,True,True,True,True,True,True
1XJ7,AR,SUCCESS,1,1,A:256,B:9,B:HKKLLQLLT,True,False,B:LLQLL:4,,0,False,True,DHT,,True,True,True,True,True,True
1T5Z,AR,SUCCESS,1,1,A:250,B:11,B:SEKFKLLFQSY,False,False,,,0,False,True,DHT,,True,True,True,True,False,False
1T65,AR,SUCCESS,1,1,A:251,B:7,B:HKILHRL,False,False,,,0,False,True,DHT,,True,True,True,True,False,False
2AO6,AR,SUCCESS,1,1,A:242,B:11,B:GNAALRYLLGA,True,False,B:LRYLL:5,,0,False,True,R18,,True,True,True,True,True,True
2PKL,AR,SUCCESS,1,1,A:249,B:4,B:KLLF,False,False,,,0,False,True,4HY;DHT,,True,True,True,True,False,False
2Q7I,AR,SUCCESS,1,1,A:241,B:10,B:GAFQNLFQSV,False,False,,,0,False,True,TES,,True,True,True,True,False,False
2Q7J,AR,SUCCESS,1,1,A:247,B:13,B:ENALLRYLLDKDD,True,False,B:LRYLL:5,,0,False,True,TES,,True,True,True,True,True,True
2Q7K,AR,SUCCESS,1,1,A:242,B:10,B:GAFQNLFQSV,False,False,,,0,False,True,TES,,True,True,True,True,False,False
2Q7L,AR,SUCCESS,1,1,A:247,B:13,B:ENALLRYLLDKDD,True,False,B:LRYLL:5,,0,False,True,TES,,True,True,True,True,True,True
2Z4J,AR,SUCCESS,1,1,A:248,B:10,B:PSILKKILLE,False,False,,,0,False,True,DHT,,True,True,True,True,False,False
3BTR,AR,SUCCESS,1,1,C:427,B:15,B:EAGMTLGARKLKKLG,False,False,,,0,False,False,,,True,True,True,True,False,False
3L3Z,AR,SUCCESS,1,1,A:249,B:12,B:NALLRYLLDRDD,True,False,B:LRYLL:4,,0,False,True,DHT,,True,True,True,True,True,True
3V49,AR,SUCCESS,1,1,A:244,B:11,B:GAFQNLFQSVR,False,False,,,0,False,True,PK0,,True,True,True,True,False,False
3L3X,AR,SUCCESS,1,1,A:250,B:12,B:HKKLLQLLTCSS,True,False,B:LLQLL:4,,0,False,True,DHT,,True,True,True,True,True,True
3V4A,AR,SUCCESS,1,1,A:244,B:11,B:GAFQNLFQSVR,False,False,,,0,False,True,PK1,,True,True,True,True,False,False
4OEY,AR,SUCCESS,1,1,A:241,B:8,B:GAFQNLFQ,False,False,,,0,False,True,DHT,,True,True,True,True,False,False
4OED,AR,SUCCESS,1,1,A:242,B:8,B:YIFDLFYK,False,False,,,0,False,True,DHT,,True,True,True,True,False,False
4OEZ,AR,SUCCESS,1,1,A:242,B:8,B:SAFSRLYT,False,False,,,0,False,True,DHT,,True,True,True,True,False,False
4OFU,AR,SUCCESS,1,1,A:241,B:8,B:SAFSRYYT,False,False,,,0,False,True,DHT,,True,True,True,True,False,False
4OFR,AR,SUCCESS,1,1,A:243,B:8,B:SSFRDWYT,False,False,,,0,False,True,DHT,,True,True,True,True,False,False
4OH6,AR,SUCCESS,1,1,A:242,B:9,B:YIFDLFYKR,False,False,,,0,False,True,HFT,,True,True,True,True,False,False
4OH5,AR,SUCCESS,1,1,A:242,B:9,B:GAFQNLFQS,False,False,,,0,False,True,HFT,,True,True,True,True,False,False
4OIL,AR,SUCCESS,1,1,A:242,B:7,B:TLFSQHY,False,False,,,0,False,True,HFT,,True,True,True,True,False,False
4OHA,AR,SUCCESS,1,1,A:242,B:9,B:SAFSRLYTR,False,False,,,0,False,True,HFT,,True,True,True,True,False,False
4OIU,AR,SUCCESS,1,1,A:242,B:7,B:SSFRDWY,False,False,,,0,False,True,HFT,,True,True,True,True,False,False
4OJ9,AR,SUCCESS,1,1,A:249,B:8,B:SAFSRYYT,False,False,,,0,False,True,HFT,,True,True,True,True,False,False
4OKB,AR,SUCCESS,1,1,A:240,B:9,B:YIFDLFYKR,False,False,,,0,False,True,198,,True,True,True,True,False,False
4OKT,AR,SUCCESS,1,1,A:248,B:11,B:DSAFSRLYTRS,False,False,,,0,False,True,198,,True,True,True,True,False,False
4OK1,AR,SUCCESS,1,1,A:249,B:9,B:GAFQNLFQS,False,False,,,0,False,True,198,,True,True,True,True,False,False
4OKW,AR,SUCCESS,1,1,A:239,B:8,B:DTLFSQHY,False,False,,,0,False,True,198,,True,True,True,True,False,False
4OKX,AR,SUCCESS,1,1,A:240,B:8,B:SFRDWYTS,False,False,,,0,False,True,198,,True,True,True,True,False,False
4OLM,AR,SUCCESS,1,1,A:240,B:8,B:DSAFSRYY,False,False,,,0,False,True,198,,True,True,True,True,False,False
5CJ6,AR,SUCCESS,1,1,A:244,B:10,B:GAFQNLFQSV,False,False,,,0,False,True,51Y,,True,True,True,True,False,False
4RWV,DAX1,SUCCESS,1,1,A:242,B:15,B:PRQGSILYSLLTSSK,True,False,B:LYSLL:7,,0,False,True,CSO;PIZ,,True,True,True,True,True,True
1XV9,CAR,SUCCESS,4,4,A:232;B:246;C:232;D:246,E:10;F:12;G:12;H:12,E:HKILHRLLQE;F:RHKILHRLLQEG;G:ERHKILHRLLQE;H:ERHKILHRLLQE,True,False,E:LHRLL:4;F:LHRLL:5;G:LHRLL:6;H:LHRLL:6,,0,False,True,CI2;F15,,True,True,True,True,True,True
1XVP,CAR,SUCCESS,4,4,A:232;B:246;C:236;D:246,E:10;F:12;G:12;H:12,E:HKILHRLLQE;F:RHKILHRLLQEG;G:ERHKILHRLLQE;H:ERHKILHRLLQE,True,False,E:LHRLL:4;F:LHRLL:5;G:LHRLL:6;H:LHRLL:6,,0,False,True,CID;F15,,True,True,True,True,True,True
11SD,ESR1,SUCCESS,2,2,A:228;C:228,X:6;Y:4,X:EGFPAV;Y:FPAV,False,False,,,0,False,True,A1DAI;TPO,,True,True,True,True,False,False
8C5L,EAR2,SUCCESS,2,2,A:556;B:557,C:18;D:18,C:DYKFSTLLMMLKDMHDSK;D:DYKFSTLLMMLKDMHDSK,False,False,,,0,False,True,GLC,,True,True,True,True,False,False
11SE,ESR1,SUCCESS,2,2,A:229;C:226,X:5;Y:4,X:GFPAV;Y:FPAV,False,False,,,0,False,True,A1DAD;A1DAE;TPO,,True,True,True,True,False,False
11SI,ESR1,SUCCESS,2,2,A:232;C:233,X:6;Y:5,X:EGFPAV;Y:GFPAV,False,False,,,0,False,True,A1DAJ;TPO,,True,True,True,True,False,False
11SF,ESR1,SUCCESS,2,2,A:226;B:226,X:4;Y:4,X:FPAV;Y:FPAV,False,False,,,0,False,True,A1DAF;TPO,,True,True,True,True,False,False
11SG,ESR1,SUCCESS,2,2,A:227;C:230,X:5;Y:4,X:GFPAV;Y:FPAV,False,False,,,0,False,True,A1DAG;TPO,,True,True,True,True,False,False
11SH,ESR1,SUCCESS,2,2,A:227;C:229,X:5;Y:4,X:GFPAV;Y:FPAV,False,False,,,0,False,True,A1DAH;TPO,,True,True,True,True,False,False
11ZU,ESR1,SUCCESS,2,2,A:222;C:223,X:4;Y:4,X:FPAV;Y:FPAV,False,False,,,0,False,True,A1DA6;TPO,,True,True,True,True,False,False
11SJ,ESR1,SUCCESS,2,2,A:228;C:229,X:6;Y:5,X:EGFPAV;Y:GFPAV,False,False,,,0,False,True,A1DAJ;TPO,,True,True,True,True,False,False
1GWR,ESR1,SUCCESS,2,2,A:238;B:239,C:9;D:9,C:NALLRYLLD;D:NALLRYLLD,True,False,C:LRYLL:4;D:LRYLL:4,,0,False,True,EST,,True,True,True,True,True,True
1GWQ,ESR1,SUCCESS,2,2,A:243;B:242,C:9;D:9,C:KILHRLLQD;D:KILHRLLQD,True,False,C:LHRLL:3;D:LHRLL:3,,0,False,True,ZTW,,True,True,True,True,True,True
1L2I,ESR1,SUCCESS,2,2,A:233;B:231,C:10;D:10,C:HKILHRLLQD;D:KHKILHRLLQ,True,False,C:LHRLL:4;D:LHRLL:5,,0,False,True,CCS;ETC,,True,True,True,True,True,True
1PCG,ESR1,SUCCESS,2,2,A:232;B:243,E:8;F:8,E:KILCRLLQ;F:KILCRLLQ,True,False,E:LCRLL:3;F:LCRLL:3,,0,False,True,DCY;EST,,True,True,True,True,True,True
1X7E,ESR1,SUCCESS,2,2,A:238;B:238,C:11;D:11,C:HKILHRLLQDS;D:HKILHRLLQDS,True,False,C:LHRLL:4;D:LHRLL:4,,0,False,True,244,,True,True,True,True,True,True
1X7R,ESR1,SUCCESS,1,1,A:235,B:9,B:HKILHRLLQ,True,False,B:LHRLL:4,,0,False,True,GEN,,True,True,True,True,True,True
1ZKY,ESR1,SUCCESS,2,2,A:236;B:242,C:10;D:9,C:HKILHRLLQD;D:KILHRLLQD,True,False,C:LHRLL:4;D:LHRLL:3,,0,False,True,689;CME,,True,True,True,True,True,True
2B1V,ESR1,SUCCESS,2,2,A:233;B:241,C:9;D:9,C:KILHRLLQD;D:KILHRLLQD,True,False,C:LHRLL:3;D:LHRLL:3,,0,False,True,458;CME,,True,True,True,True,True,True
2B1Z,ESR1,SUCCESS,2,2,A:232;B:235,C:8;D:9,C:KILHRLLQ;D:KILHRLLQD,True,False,C:LHRLL:3;D:LHRLL:3,,0,False,True,17M;CME,,True,True,True,True,True,True
2B23,ESR1,SUCCESS,2,2,A:226;B:230,C:10;D:9,C:HKILHRLLQD;D:KILHRLLQD,True,False,C:LHRLL:4;D:LHRLL:3,,0,False,True,CME,,True,True,True,True,True,True
2BJ4,ESR1,SUCCESS,2,2,A:218;B:221,C:11;D:11,C:LTSRDFGSWYA;D:LTSRDFGSWYA,False,False,,,0,False,True,CCS;OHT,,True,True,True,True,False,False
2FAI,ESR1,SUCCESS,2,2,A:233;B:242,C:10;D:10,C:HKILHRLLQD;D:HKILHRLLQD,True,False,C:LHRLL:4;D:LHRLL:4,,0,False,True,459;CME,,True,True,True,True,True,True
2G5O,ESR1,SUCCESS,2,2,A:235;B:236,C:10;D:9,C:HKILHRLLQD;D:KILHRLLQD,True,False,C:LHRLL:4;D:LHRLL:3,,0,False,True,CME;DRQ,,True,True,True,True,True,True
2G44,ESR1,SUCCESS,2,2,A:234;B:234,C:9;D:9,C:KILHRLLQD;D:KILHRLLQD,True,False,C:LHRLL:3;D:LHRLL:3,,0,False,True,CME;T3O,,True,True,True,True,True,True
2JFA,ESR1,SUCCESS,2,2,A:221;B:222,P:15;Q:15,P:DAFQLRQLILRGLQD;Q:DAFQLRQLILRGLQD,False,False,,,0,False,True,CCS;RAL,,True,True,True,True,False,False
2JF9,ESR1,SUCCESS,3,3,A:215;B:209;C:214,P:13;Q:13;R:13,P:SPGSREWFKDMLS;Q:SPGSREWFKDMLS;R:SPGSREWFKDMLS,False,False,,,0,False,True,OHT,,True,True,True,True,False,False
2P15,ESR1,SUCCESS,2,2,A:242;B:242,C:11;D:11,C:HKILHRLLQDS;D:KHKILHRLLQD,True,False,C:LHRLL:4;D:LHRLL:5,,0,False,True,EZT,,True,True,True,True,True,True
2QA6,ESR1,SUCCESS,2,2,A:243;B:242,C:9;D:11,C:KILHRLLQD;D:KHKILHRLLQD,True,False,C:LHRLL:3;D:LHRLL:5,,0,False,True,KN2,,True,True,True,True,True,True
2Q6J,ESR1,SUCCESS,2,2,A:242;B:233,C:10;D:10,C:KILHRLLQDS;D:HKILHRLLQD,True,False,C:LHRLL:3;D:LHRLL:4,,0,False,True,A48,,True,True,True,True,True,True
2LLQ,ESR1,SUCCESS,1,1,A:67,B:19,B:RAANLWPSPLMIKRSKKNS,False,False,,,0,False,False,,,True,True,True,True,False,False
2QA8,ESR1,SUCCESS,2,2,A:229;B:234,C:10;D:9,C:HKILHRLLQD;D:KILHRLLQD,True,False,C:LHRLL:4;D:LHRLL:3,,0,False,True,CME;GEN,,True,True,True,True,True,True
2QAB,ESR1,SUCCESS,2,2,A:236;B:245,C:11;D:9,C:KHKILHRLLQD;D:KILHRLLQD,True,False,C:LHRLL:5;D:LHRLL:3,,0,False,True,EI1,,True,True,True,True,True,True
2LLO,ESR1,SUCCESS,1,1,A:80,B:19,B:RAANLWPSPLMIKRSKKNS,False,False,,,0,False,False,,,True,True,True,True,False,False
2QH6,ESR1,SUCCESS,2,2,A:232;B:228,C:10;D:10,C:HKILHRLLQD;D:HKILHRLLQD,True,False,C:LHRLL:4;D:LHRLL:4,,0,False,True,ODE,,True,True,True,True,True,True
2QR9,ESR1,SUCCESS,2,2,A:242;B:242,C:10;D:11,C:HKILHRLLQD;D:KHKILHRLLQD,True,False,C:LHRLL:4;D:LHRLL:5,,0,False,True,HZ3,,True,True,True,True,True,True
2QGT,ESR1,SUCCESS,2,2,A:237;B:239,C:10;D:12,C:KILHRLLQDS;D:HKILHRLLQDSS,True,False,C:LHRLL:3;D:LHRLL:4,,0,False,True,EED,,True,True,True,True,True,True
2QXM,ESR1,SUCCESS,2,2,A:233;B:242,C:11;D:10,C:HKILHRLLQDS;D:HKILHRLLQD,True,False,C:LHRLL:4;D:LHRLL:4,,0,False,True,PIQ,,True,True,True,True,True,True
2QSE,ESR1,SUCCESS,2,2,A:238;B:242,C:10;D:11,C:HKILHRLLQD;D:KHKILHRLLQD,True,False,C:LHRLL:4;D:LHRLL:5,,0,False,True,1HP,,True,True,True,True,True,True
2QGW,ESR1,SUCCESS,2,2,A:236;B:242,C:11;D:9,C:KHKILHRLLQD;D:KILHRLLQD,True,False,C:LHRLL:5;D:LHRLL:3,,0,False,True,EES,,True,True,True,True,True,True
2QZO,ESR1,SUCCESS,2,2,A:227;B:235,C:9;D:9,C:HKILHRLLQ;D:KILHRLLQD,True,False,C:LHRLL:4;D:LHRLL:3,,0,False,True,CME;KN1,,True,True,True,True,True,True
2YJA,ESR1,SUCCESS,1,1,B:245,A:9,A:HKLHQLQDS,False,False,,,0,False,True,EST;MK8,,True,True,True,True,False,False
3CBO,ESR1,SUCCESS,1,1,A:239,B:4,B:KRSK,False,False,,,0,False,True,MLZ;SAH,,True,True,True,True,False,False
3CBM,ESR1,SUCCESS,1,1,A:243,B:6,B:IKRSKN,False,False,,,0,False,True,MLZ;SAH,,True,True,True,True,False,False
3CBP,ESR1,SUCCESS,1,1,A:239,B:4,B:KRSK,False,False,,,0,False,True,SFG,,True,True,True,True,False,False
3ERD,ESR1,SUCCESS,2,2,A:246;B:238,C:12;D:12,C:HKILHRLLQDSS;D:KHKILHRLLQDS,True,False,C:LHRLL:4;D:LHRLL:5,,0,False,True,DES,,True,True,True,True,True,True
3HM1,ESR1,SUCCESS,2,2,A:232;B:236,C:10;D:9,C:HKILHRLLQD;D:KILHRLLQD,True,False,C:LHRLL:4;D:LHRLL:3,,0,False,True,CME;J3Z,,True,True,True,True,True,True
3L03,ESR1,SUCCESS,2,2,A:235;B:242,C:11;D:9,C:HKILHRLLQDS;D:KILHRLLQD,True,False,C:LHRLL:4;D:LHRLL:3,,0,False,True,4OH;CME,,True,True,True,True,True,True
3HLV,ESR1,SUCCESS,2,2,A:240;B:240,C:9;D:10,C:KILHRLLQD;D:HKILHRLLQD,True,False,C:LHRLL:3;D:LHRLL:4,,0,False,True,J2Z,,True,True,True,True,True,True
3UU7,ESR1,SUCCESS,2,2,A:237;B:232,F:9;G:9,F:KILHRLLQE;G:KILHRLLQE,True,False,F:LHRLL:3;G:LHRLL:3,,0,False,True,2OH;CSO,,True,True,True,True,True,True
3Q95,ESR1,SUCCESS,2,2,A:243;B:251,C:11;D:13,C:KHKILHRLLQD;D:KHKILHRLLQDSS,True,False,C:LHRLL:5;D:LHRLL:5,,0,False,True,CME;ESL,,True,True,True,True,True,True
3UUA,ESR1,SUCCESS,2,2,A:241;B:228,F:9;G:9,F:KILHRLLQE;G:KILHRLLQE,True,False,F:LHRLL:3;G:LHRLL:3,,0,False,True,0CZ;CSO,,True,True,True,True,True,True
3UUD,ESR1,SUCCESS,2,2,A:240;B:235,C:9;D:11,C:KILHRLLQE;D:RHKILHRLLQE,True,False,C:LHRLL:3;D:LHRLL:5,,0,False,True,CSO;EST,,True,True,True,True,True,True
4DMA,ESR1,SUCCESS,2,2,A:238;B:235,E:11;F:12,E:HKILHRLLQEG;F:RHKILHRLLQEG,True,False,E:LHRLL:4;F:LHRLL:5,,0,False,True,0L8,,True,True,True,True,True,True
4IU7,ESR1,SUCCESS,2,2,A:235;B:237,C:10;D:9,C:HKILHRLLQD;D:KILHRLLQD,True,False,C:LHRLL:4;D:LHRLL:3,,0,False,True,1GM,,True,True,True,True,True,True
4IUI,ESR1,SUCCESS,2,2,A:211;B:221,C:9;D:9,C:KILHRLLQD;D:KILHRLLQD,True,False,C:LHRLL:3;D:LHRLL:3,,0,False,True,1GQ,,True,True,True,True,True,True
4IV4,ESR1,SUCCESS,2,2,A:229;B:232,C:10;D:9,C:HKILHRLLQD;D:KILHRLLQD,True,False,C:LHRLL:4;D:LHRLL:3,,0,False,True,1GS,,True,True,True,True,True,True
4IV2,ESR1,SUCCESS,2,2,A:231;B:238,C:10;D:9,C:HKILHRLLQD;D:KILHRLLQD,True,False,C:LHRLL:4;D:LHRLL:3,,0,False,True,1GR,,True,True,True,True,True,True
4IVW,ESR1,SUCCESS,2,2,A:234;B:238,C:10;D:9,C:HKILHRLLQD;D:KILHRLLQD,True,False,C:LHRLL:4;D:LHRLL:3,,0,False,True,1GJ,,True,True,True,True,True,True
4IVY,ESR1,SUCCESS,2,2,A:229;B:232,C:10;D:9,C:HKILHRLLQD;D:KILHRLLQD,True,False,C:LHRLL:4;D:LHRLL:3,,0,False,True,1GT,,True,True,True,True,True,True
4JC3,ESR1,SUCCESS,1,1,A:236,B:4,B:FPAV,False,False,,,0,False,True,TPO,,True,True,True,True,False,False
4IW6,ESR1,SUCCESS,2,2,A:233;B:235,C:10;D:9,C:HKILHRLLQD;D:KILHRLLQD,True,False,C:LHRLL:4;D:LHRLL:3,,0,False,True,1GU,,True,True,True,True,True,True
4IWC,ESR1,SUCCESS,2,2,A:236;B:240,C:10;D:9,C:HKILHRLLQD;D:KILHRLLQD,True,False,C:LHRLL:4;D:LHRLL:3,,0,False,True,1GV,,True,True,True,True,True,True
4IW8,ESR1,SUCCESS,2,2,A:239;B:233,C:10;D:10,C:HKILHRLLQD;D:HKILHRLLQD,True,False,C:LHRLL:4;D:LHRLL:4,,0,False,True,KN3,,True,True,True,True,True,True
4JDD,ESR1,SUCCESS,1,1,A:236,B:4,B:FPAV,False,False,,,0,False,True,FSC;TPO,,True,True,True,True,False,False
4MG6,ESR1,SUCCESS,2,2,A:233;B:234,C:9;D:9,C:KILHRLLQE;D:KILHRLLQE,True,False,C:LHRLL:3;D:LHRLL:3,,0,False,True,27G;CSO,,True,True,True,True,True,True
4IWF,ESR1,SUCCESS,2,2,A:236;B:228,C:10;D:9,C:HKILHRLLQD;D:KILHRLLQD,True,False,C:LHRLL:4;D:LHRLL:3,,0,False,True,15Q,,True,True,True,True,True,True
4MG5,ESR1,SUCCESS,2,2,A:239;B:233,C:9;D:10,C:KILHRLLQE;D:HKILHRLLQE,True,False,C:LHRLL:3;D:LHRLL:4,,0,False,True,A1AQV;CSO,,True,True,True,True,True,True
4MG7,ESR1,SUCCESS,2,2,A:238;B:232,C:9;D:10,C:KILHRLLQE;D:HKILHRLLQE,True,False,C:LHRLL:3;D:LHRLL:4,,0,False,True,27H;CSO,,True,True,True,True,True,True
4MGB,ESR1,SUCCESS,2,2,A:239;B:232,C:9;D:10,C:KILHRLLQE;D:HKILHRLLQE,True,False,C:LHRLL:3;D:LHRLL:4,,0,False,True,CSO;XDH,,True,True,True,True,True,True
4MG9,ESR1,SUCCESS,2,2,A:241;B:230,F:9;G:9,F:KILHRLLQE;G:KILHRLLQE,True,False,F:LHRLL:3;G:LHRLL:3,,0,False,True,27K;CSO,,True,True,True,True,True,True
4MG8,ESR1,SUCCESS,2,2,A:240;B:234,C:10;D:10,C:HKILHRLLQE;D:HKILHRLLQE,True,False,C:LHRLL:4;D:LHRLL:4,,0,False,True,27J;CSO,,True,True,True,True,True,True
4MGA,ESR1,SUCCESS,2,2,A:239;B:233,C:9;D:10,C:KILHRLLQE;D:HKILHRLLQE,True,False,C:LHRLL:3;D:LHRLL:4,,0,False,True,27L;CSO,,True,True,True,True,True,True
4MGD,ESR1,SUCCESS,2,2,A:240;B:234,F:9;G:10,F:KILHRLLQE;G:HKILHRLLQE,True,False,F:LHRLL:3;G:LHRLL:4,,0,False,True,27N;CSO,,True,True,True,True,True,True
4MGC,ESR1,SUCCESS,2,2,A:235;B:234,F:9;G:9,F:KILHRLLQE;G:KILHRLLQE,True,False,F:LHRLL:3;G:LHRLL:3,,0,False,True,27M;CSO,,True,True,True,True,True,True
4PP6,ESR1,SUCCESS,2,2,A:234;B:230,C:9;D:9,C:KILHRLLQD;D:KILHRLLQD,True,False,C:LHRLL:3;D:LHRLL:3,,0,False,True,STL,,True,True,True,True,True,True
4TUZ,ESR1,SUCCESS,2,2,A:235;B:241,F:9;G:9,F:KILHRLLQE;G:KILHRLLQE,True,False,F:LHRLL:3;G:LHRLL:3,,0,False,True,36J;CSO,,True,True,True,True,True,True
4PPP,ESR1,SUCCESS,2,2,A:228;B:235,C:7;D:9,C:KILHRLL;D:KILHRLLQD,True,False,C:LHRLL:3;D:LHRLL:3,,0,False,True,FSV,,True,True,True,True,True,True
4Q13,ESR1,SUCCESS,2,2,A:226;B:226,C:6;D:8,C:ILHRLL;D:KILHRLLQ,True,False,C:LHRLL:2;D:LHRLL:3,,0,False,False,,,True,True,True,True,True,True
4PXM,ESR1,SUCCESS,2,2,A:230;B:226,C:6;D:7,C:ILHRLL;D:ILHRLLQ,True,False,C:LHRLL:2;D:LHRLL:2,,0,False,True,EST,,True,True,True,True,True,True
4TV1,ESR1,SUCCESS,2,2,A:233;B:231,C:9;D:9,C:KILHRLLQE;D:KILHRLLQE,True,False,C:LHRLL:3;D:LHRLL:3,,0,False,True,36M;CSO,,True,True,True,True,True,True
4PPS,ESR1,SUCCESS,2,2,A:238;B:236,C:12;D:9,C:HKILHRLLQDSS;D:KILHRLLQD,True,False,C:LHRLL:4;D:LHRLL:3,,0,False,True,ESE,,True,True,True,True,True,True
4ZNH,ESR1,SUCCESS,2,2,A:239;B:227,C:9;D:9,C:KILHRLLQD;D:KILHRLLQD,True,False,C:LHRLL:3;D:LHRLL:3,,0,False,True,OBC,,True,True,True,True,True,True
4ZNU,ESR1,SUCCESS,2,2,A:235;B:226,C:9;D:10,C:KILHRLLQD;D:KILHRLLQDS,True,False,C:LHRLL:3;D:LHRLL:3,,0,False,True,4Q9,,True,True,True,True,True,True
4ZNT,ESR1,SUCCESS,2,2,A:229;B:233,C:9;D:9,C:KILHRLLQD;D:KILHRLLQD,True,False,C:LHRLL:3;D:LHRLL:3,,0,False,True,OBB,,True,True,True,True,True,True
4ZN9,ESR1,SUCCESS,2,2,A:237;B:235,C:10;D:9,C:HKILHRLLQD;D:HKILHRLLQ,True,False,C:LHRLL:4;D:LHRLL:4,,0,False,True,OBH,,True,True,True,True,True,True
4ZN7,ESR1,SUCCESS,2,2,A:234;B:236,C:9;D:11,C:KILHRLLQD;D:KHKILHRLLQD,True,False,C:LHRLL:3;D:LHRLL:5,,0,False,True,DES,,True,True,True,True,True,True
4ZNS,ESR1,SUCCESS,2,2,A:231;B:236,C:10;D:9,C:HKILHRLLQD;D:KILHRLLQD,True,False,C:LHRLL:4;D:LHRLL:3,,0,False,True,OFB,,True,True,True,True,True,True
4ZNW,ESR1,SUCCESS,2,2,A:234;B:228,C:10;D:9,C:HKILHRLLQD;D:KILHRLLQD,True,False,C:LHRLL:4;D:LHRLL:3,,0,False,True,OBM,,True,True,True,True,True,True
4ZNV,ESR1,SUCCESS,2,2,A:237;B:243,C:9;D:10,C:KILHRLLQD;D:HKILHRLLQD,True,False,C:LHRLL:3;D:LHRLL:4,,0,False,True,4Q7,,True,True,True,True,True,True
5DI7,ESR1,SUCCESS,2,2,A:241;B:245,C:10;D:10,C:HKILHRLLQD;D:HKILHRLLQD,True,False,C:LHRLL:4;D:LHRLL:4,,0,False,True,5CQ,,True,True,True,True,True,True
5DID,ESR1,SUCCESS,2,2,A:244;B:245,C:10;D:10,C:HKILHRLLQD;D:HKILHRLLQD,True,False,C:LHRLL:4;D:LHRLL:4,,0,False,True,5CK,,True,True,True,True,True,True
5DIE,ESR1,SUCCESS,2,2,A:236;B:235,C:10;D:10,C:HKILHRLLQD;D:HKILHRLLQD,True,False,C:LHRLL:4;D:LHRLL:4,,0,False,True,5CJ,,True,True,True,True,True,True
5DKE,ESR1,SUCCESS,2,2,A:221;B:235,C:10;D:10,C:HKILHRLLQD;D:HKILHRLLQD,True,False,C:LHRLL:4;D:LHRLL:4,,0,False,True,5C8,,True,True,True,True,True,True
5DK9,ESR1,SUCCESS,2,2,A:230;B:235,C:9;D:9,C:KILHRLLQD;D:KILHRLLQD,True,False,C:LHRLL:3;D:LHRLL:3,,0,False,True,5CC,,True,True,True,True,True,True
5DKB,ESR1,SUCCESS,2,2,A:230;B:232,C:10;D:10,C:HKILHRLLQD;D:HKILHRLLQD,True,False,C:LHRLL:4;D:LHRLL:4,,0,False,True,5C9,,True,True,True,True,True,True
5DIG,ESR1,SUCCESS,2,2,A:241;B:242,C:10;D:10,C:HKILHRLLQD;D:HKILHRLLQD,True,False,C:LHRLL:4;D:LHRLL:4,,0,False,True,5CE,,True,True,True,True,True,True
5DKG,ESR1,SUCCESS,2,2,A:231;B:240,C:10;D:10,C:HKILHRLLQD;D:HKILHRLLQD,True,False,C:LHRLL:4;D:LHRLL:4,,0,False,True,5C7,,True,True,True,True,True,True
5DKS,ESR1,SUCCESS,2,2,A:225;B:227,C:9;D:9,C:KILHRLLQD;D:KILHRLLQD,True,False,C:LHRLL:3;D:LHRLL:3,,0,False,True,5C6,,True,True,True,True,True,True
5DMF,ESR1,SUCCESS,2,2,A:236;B:233,C:12;D:10,C:HKILHRLLQDSS;D:HKILHRLLQD,True,False,C:LHRLL:4;D:LHRLL:4,,0,False,True,5DG,,True,True,True,True,True,True
5DL4,ESR1,SUCCESS,2,2,A:237;B:240,C:10;D:10,C:HKILHRLLQD;D:HKILHRLLQD,True,False,C:LHRLL:4;D:LHRLL:4,,0,False,True,5C4,,True,True,True,True,True,True
5DMC,ESR1,SUCCESS,2,2,A:223;B:231,C:10;D:9,C:HKILHRLLQD;D:KILHRLLQD,True,False,C:LHRLL:4;D:LHRLL:3,,0,False,True,5DH,,True,True,True,True,True,True
5DP0,ESR1,SUCCESS,2,2,A:229;B:232,C:9;D:9,C:KILHRLLQD;D:KILHRLLQD,True,False,C:LHRLL:3;D:LHRLL:3,,0,False,True,5ES,,True,True,True,True,True,True
5DLR,ESR1,SUCCESS,2,2,A:233;B:240,C:10;D:10,C:HKILHRLLQD;D:HKILHRLLQD,True,False,C:LHRLL:4;D:LHRLL:4,,0,False,True,5DJ,,True,True,True,True,True,True
5DTV,ESR1,SUCCESS,2,2,A:230;B:238,C:9;D:9,C:KILHRLLQD;D:KILHRLLQD,True,False,C:LHRLL:3;D:LHRLL:3,,0,False,True,5FS,,True,True,True,True,True,True
5DRJ,ESR1,SUCCESS,2,2,A:234;B:242,C:10;D:10,C:HKILHRLLQD;D:HKILHRLLQD,True,False,C:LHRLL:4;D:LHRLL:4,,0,False,True,5EU,,True,True,True,True,True,True
5DRM,ESR1,SUCCESS,2,2,A:239;B:235,C:10;D:9,C:HKILHRLLQD;D:KILHRLLQD,True,False,C:LHRLL:4;D:LHRLL:3,,0,False,True,5ET,,True,True,True,True,True,True
5DU5,ESR1,SUCCESS,2,2,A:231;B:235,C:9;D:9,C:KILHRLLQD;D:KILHRLLQD,True,False,C:LHRLL:3;D:LHRLL:3,,0,False,True,5G2,,True,True,True,True,True,True
5DUE,ESR1,SUCCESS,2,2,A:235;B:242,C:10;D:9,C:HKILHRLLQD;D:KILHRLLQD,True,False,C:LHRLL:4;D:LHRLL:3,,0,False,True,5FY,,True,True,True,True,True,True
5DUH,ESR1,SUCCESS,2,2,A:236;B:233,C:10;D:9,C:HKILHRLLQD;D:KILHRLLQD,True,False,C:LHRLL:4;D:LHRLL:3,,0,False,True,5FT,,True,True,True,True,True,True
5DWE,ESR1,SUCCESS,2,2,A:236;B:229,C:9;D:9,C:KILHRLLQD;D:KILHRLLQD,True,False,C:LHRLL:3;D:LHRLL:3,,0,False,True,5G5,,True,True,True,True,True,True
5DVV,ESR1,SUCCESS,2,2,A:209;B:210,C:5;D:7,C:ILHRL;D:KILHRLL,True,False,D:LHRLL:3,,0,False,True,5G6,,True,True,True,True,True,True
5DUG,ESR1,SUCCESS,2,2,A:234;B:234,C:10;D:9,C:HKILHRLLQD;D:KILHRLLQD,True,False,C:LHRLL:4;D:LHRLL:3,,0,False,True,5FV,,True,True,True,True,True,True
5DWG,ESR1,SUCCESS,2,2,A:225;B:216,C:8;D:7,C:KILHRLLQ;D:ILHRLLQ,True,False,C:LHRLL:3;D:LHRLL:2,,0,False,True,5G4,,True,True,True,True,True,True
5DVS,ESR1,SUCCESS,2,2,A:231;B:223,C:9;D:9,C:KILHRLLQD;D:KILHRLLQD,True,False,C:LHRLL:3;D:LHRLL:3,,0,False,True,5G7,,True,True,True,True,True,True
5DWI,ESR1,SUCCESS,2,2,A:232;B:231,C:10;D:9,C:HKILHRLLQD;D:KILHRLLQD,True,False,C:LHRLL:4;D:LHRLL:3,,0,False,True,5G3,,True,True,True,True,True,True
5DWJ,ESR1,SUCCESS,2,2,A:231;B:229,C:10;D:9,C:HKILHRLLQD;D:KILHRLLQD,True,False,C:LHRLL:4;D:LHRLL:3,,0,False,True,5J2,,True,True,True,True,True,True
5DX3,ESR1,SUCCESS,2,2,A:231;B:224,C:9;D:9,C:HKLHRLQDS;D:HKLHRLQDS,False,False,,,0,False,True,5GM;EST;MK8,,True,True,True,True,False,False
5DXB,ESR1,SUCCESS,2,2,A:231;B:224,D:9;E:9,D:HKLHRLQDS;E:HKLHRLQDS,False,False,,,0,False,True,66D;EST;MK8;SCH,,True,True,True,True,False,False
5DXG,ESR1,SUCCESS,2,2,A:228;B:219,C:9;D:8,C:HKLHRLQDS;D:HKLHRLQD,False,False,,,0,False,True,EST;MH8;SCH,,True,True,True,True,False,False
5DXE,ESR1,SUCCESS,2,2,A:228;B:222,C:9;D:9,C:HKLHRLQDS;D:HKLHRLQDS,False,False,,,0,False,True,EST;MK8;SCH,,True,True,True,True,False,False
5DXK,ESR1,SUCCESS,2,2,A:234;B:239,C:10;D:9,C:HKILHRLLQD;D:KILHRLLQD,True,False,C:LHRLL:4;D:LHRLL:3,,0,False,True,5J1,,True,True,True,True,True,True
5DXQ,ESR1,SUCCESS,2,2,A:227;B:232,C:10;D:10,C:HKILHRLLQD;D:KILHRLLQDS,True,False,C:LHRLL:4;D:LHRLL:3,,0,False,True,5HZ,,True,True,True,True,True,True
5DXM,ESR1,SUCCESS,2,2,A:234;B:237,C:9;D:9,C:KILHRLLQD;D:KILHRLLQD,True,False,C:LHRLL:3;D:LHRLL:3,,0,False,True,5J0,,True,True,True,True,True,True
5DXP,ESR1,SUCCESS,2,2,A:222;B:230,C:10;D:9,C:HKILHRLLQD;D:KILHRLLQD,True,False,C:LHRLL:4;D:LHRLL:3,,0,False,True,5HX,,True,True,True,True,True,True
5DXR,ESR1,SUCCESS,2,2,A:235;B:236,C:9;D:10,C:KILHRLLQD;D:KILHRLLQDS,True,False,C:LHRLL:3;D:LHRLL:3,,0,False,True,5HW,,True,True,True,True,True,True
5DY8,ESR1,SUCCESS,2,2,A:233;B:235,C:10;D:9,C:HKILHRLLQD;D:KILHRLLQD,True,False,C:LHRLL:4;D:LHRLL:3,,0,False,True,5K4,,True,True,True,True,True,True
5DYD,ESR1,SUCCESS,2,2,A:225;B:231,C:9;D:9,C:KILHRLLQD;D:KILHRLLQD,True,False,C:LHRLL:3;D:LHRLL:3,,0,False,True,5K1,,True,True,True,True,True,True
5DYB,ESR1,SUCCESS,2,2,A:229;B:234,C:10;D:9,C:HKILHRLLQD;D:KILHRLLQD,True,False,C:LHRLL:4;D:LHRLL:3,,0,False,True,5K2,,True,True,True,True,True,True
5DZ0,ESR1,SUCCESS,2,2,A:236;B:234,C:10;D:10,C:HKILHRLLQD;D:KILHRLLQDS,True,False,C:LHRLL:4;D:LHRLL:3,,0,False,True,5K0,,True,True,True,True,True,True
5DZH,ESR1,SUCCESS,2,2,A:235;B:235,C:10;D:11,C:HKILHRLLQD;D:HKILHRLLQDS,True,False,C:LHRLL:4;D:LHRLL:4,,0,False,True,5KG,,True,True,True,True,True,True
5DZ3,ESR1,SUCCESS,2,2,A:231;B:238,C:11;D:9,C:HKILHRLLQDS;D:KILHRLLQD,True,False,C:LHRLL:4;D:LHRLL:3,,0,False,True,5JX,,True,True,True,True,True,True
5DZ1,ESR1,SUCCESS,2,2,A:232;B:241,C:10;D:9,C:HKILHRLLQD;D:KILHRLLQD,True,False,C:LHRLL:4;D:LHRLL:3,,0,False,True,5JY,,True,True,True,True,True,True
5DZI,ESR1,SUCCESS,2,2,A:235;B:239,C:13;D:10,C:KHKILHRLLQDSS;D:HKILHRLLQD,True,False,C:LHRLL:5;D:LHRLL:4,,0,False,True,5KF,,True,True,True,True,True,True
5E0W,ESR1,SUCCESS,2,2,A:234;B:230,C:10;D:10,C:KILHRLLQDS;D:HKILHRLLQD,True,False,C:LHRLL:3;D:LHRLL:4,,0,False,True,5KE,,True,True,True,True,True,True
5E14,ESR1,SUCCESS,2,2,A:232;B:237,C:9;D:10,C:KILHRLLQD;D:HKILHRLLQD,True,False,C:LHRLL:3;D:LHRLL:4,,0,False,True,5KB,,True,True,True,True,True,True
5E0X,ESR1,SUCCESS,2,2,A:230;B:230,C:9;D:9,C:KILHRLLQD;D:KILHRLLQD,True,False,C:LHRLL:3;D:LHRLL:3,,0,False,True,5KD,,True,True,True,True,True,True
5E15,ESR1,SUCCESS,2,2,A:218;B:233,C:9;D:9,C:KILHRLLQD;D:KILHRLLQD,True,False,C:LHRLL:3;D:LHRLL:3,,0,False,True,5KA,,True,True,True,True,True,True
5EGV,ESR1,SUCCESS,2,2,A:229;B:232,C:10;D:9,C:HKILHRLLQD;D:KILHRLLQD,True,False,C:LHRLL:4;D:LHRLL:3,,0,False,True,5OS,,True,True,True,True,True,True
5E19,ESR1,SUCCESS,2,2,A:233;B:238,C:9;D:10,C:KILHRLLQD;D:HKILHRLLQD,True,False,C:LHRLL:3;D:LHRLL:4,,0,False,True,5K7,,True,True,True,True,True,True
5E1C,ESR1,SUCCESS,2,2,A:237;B:241,C:12;D:10,C:HKILHRLLQDSS;D:HKILHRLLQD,True,False,C:LHRLL:4;D:LHRLL:4,,0,False,True,5K8,,True,True,True,True,True,True
5EHJ,ESR1,SUCCESS,2,2,A:229;B:234,C:9;D:10,C:KILHRLLQD;D:HKILHRLLQD,True,False,C:LHRLL:3;D:LHRLL:4,,0,False,True,5K5,,True,True,True,True,True,True
5EI1,ESR1,SUCCESS,2,2,A:232;B:233,C:10;D:9,C:HKILHRLLQD;D:KILHRLLQD,True,False,C:LHRLL:4;D:LHRLL:3,,0,False,True,5OR,,True,True,True,True,True,True
5GTR,ESR1,SUCCESS,1,1,A:236,C:4,C:RIRQ,False,False,,,0,False,True,0JY;DPP;EST;IAS,,True,True,True,True,False,False
5EIT,ESR1,SUCCESS,2,2,A:234;B:235,C:11;D:9,C:HKILHRLLQDS;D:KILHRLLQD,True,False,C:LHRLL:4;D:LHRLL:3,,0,False,True,5P1,,True,True,True,True,True,True
5GS4,ESR1,SUCCESS,1,1,A:236,B:7,B:RILRLLQ,False,False,,,0,False,True,DNP;EST;IAS,,True,True,True,True,False,False
5HYR,ESR1,SUCCESS,2,2,A:231;B:223,F:9;G:9,F:HKLHRLQDS;G:HKLHRLQDS,False,False,,,0,False,True,66D;EST;MK8,,True,True,True,True,False,False
5JMM,ESR1,SUCCESS,2,2,A:230;B:233,F:9;G:10,F:KILHRLLQE;G:HKILHRLLQE,True,False,F:LHRLL:3;G:LHRLL:4,,0,False,True,CSO;QSO,,True,True,True,True,True,True
5KCC,ESR1,SUCCESS,2,2,A:237;B:227,C:10;D:9,C:KILHRLLQDS;D:HKILHRLLQ,True,False,C:LHRLL:3;D:LHRLL:4,,0,False,True,OB1,,True,True,True,True,True,True
5KCE,ESR1,SUCCESS,2,2,A:223;B:239,C:10;D:8,C:HKILHRLLQD;D:KILHRLLQ,True,False,C:LHRLL:4;D:LHRLL:3,,0,False,True,OB3,,True,True,True,True,True,True
5KCF,ESR1,SUCCESS,2,2,A:236;B:227,C:9;D:10,C:KILHRLLQD;D:HKILHRLLQD,True,False,C:LHRLL:3;D:LHRLL:4,,0,False,True,OB4;OB5,,True,True,True,True,True,True
5KCD,ESR1,SUCCESS,2,2,A:231;B:226,C:10;D:9,C:HKILHRLLQD;D:KILHRLLQD,True,False,C:LHRLL:4;D:LHRLL:3,,0,False,True,OB2,,True,True,True,True,True,True
5KCT,ESR1,SUCCESS,2,2,A:236;B:226,C:10;D:9,C:HKILHRLLQD;D:KILHRLLQD,True,False,C:LHRLL:4;D:LHRLL:3,,0,False,True,OB6;OB7,,True,True,True,True,True,True
5KCU,ESR1,SUCCESS,2,2,A:226;B:227,C:10;D:9,C:HKILHRLLQD;D:KILHRLLQD,True,False,C:LHRLL:4;D:LHRLL:3,,0,False,True,OB8,,True,True,True,True,True,True
5KD9,ESR1,SUCCESS,2,2,A:235;B:228,C:10;D:9,C:HKILHRLLQD;D:KILHRLLQD,True,False,C:LHRLL:4;D:LHRLL:3,,0,False,True,OBT,,True,True,True,True,True,True
5KCW,ESR1,SUCCESS,2,2,A:233;B:224,C:10;D:9,C:HKILHRLLQD;D:KILHRLLQD,True,False,C:LHRLL:4;D:LHRLL:3,,0,False,True,OB9,,True,True,True,True,True,True
5KR9,ESR1,SUCCESS,2,2,A:236;B:233,C:12;D:9,C:HKILHRLLQDSS;D:KILHRLLQD,True,False,C:LHRLL:4;D:LHRLL:3,,0,False,True,CUE,,True,True,True,True,True,True
5KRC,ESR1,SUCCESS,2,2,A:233;B:238,C:10;D:10,C:HKILHRLLQD;D:HKILHRLLQD,True,False,C:LHRLL:4;D:LHRLL:4,,0,False,True,ZER,,True,True,True,True,True,True
5KRF,ESR1,SUCCESS,2,2,A:234;B:236,C:10;D:10,C:HKILHRLLQD;D:HKILHRLLQD,True,False,C:LHRLL:4;D:LHRLL:4,,0,False,True,6WL,,True,True,True,True,True,True
5KRI,ESR1,SUCCESS,2,2,A:234;B:233,C:10;D:9,C:HKILHRLLQD;D:KILHRLLQD,True,False,C:LHRLL:4;D:LHRLL:3,,0,False,True,6WM,,True,True,True,True,True,True
5KRH,ESR1,SUCCESS,2,2,A:231;B:237,C:10;D:10,C:HKILHRLLQD;D:HKILHRLLQD,True,False,C:LHRLL:4;D:LHRLL:4,,0,False,True,6WN,,True,True,True,True,True,True
5KRK,ESR1,SUCCESS,2,2,A:228;B:221,C:10;D:9,C:HKILHRLLQD;D:KILHRLLQD,True,False,C:LHRLL:4;D:LHRLL:3,,0,False,True,6WQ,,True,True,True,True,True,True
5KRJ,ESR1,SUCCESS,2,2,A:231;B:229,C:10;D:10,C:HKILHRLLQD;D:HKILHRLLQD,True,False,C:LHRLL:4;D:LHRLL:4,,0,False,True,6WP,,True,True,True,True,True,True
5KRA,ESR1,SUCCESS,4,4,A:226;B:240;E:228;F:237,C:10;D:9;G:10;H:10,C:HKILHRLLQD;D:KILHRLLQD;G:HKILHRLLQD;H:HKILHRLLQD,True,False,C:LHRLL:4;D:LHRLL:3;G:LHRLL:4;H:LHRLL:4,,0,False,True,6WS;6WT,,True,True,True,True,True,True
5KRL,ESR1,SUCCESS,2,2,A:236;B:228,C:10;D:9,C:HKILHRLLQD;D:KILHRLLQD,True,False,C:LHRLL:4;D:LHRLL:3,,0,False,True,6WR,,True,True,True,True,True,True
5KRM,ESR1,SUCCESS,2,2,A:237;B:240,C:9;D:10,C:KILHRLLQD;D:KILHRLLQDS,True,False,C:LHRLL:3;D:LHRLL:3,,0,False,True,6WU,,True,True,True,True,True,True
5KRO,ESR1,SUCCESS,2,2,A:229;B:228,C:9;D:9,C:KILHRLLQD;D:KILHRLLQD,True,False,C:LHRLL:3;D:LHRLL:3,,0,False,True,6WW,,True,True,True,True,True,True
5TLD,ESR1,SUCCESS,2,2,A:230;B:235,C:10;D:9,C:HKILHRLLQD;D:KILHRLLQD,True,False,C:LHRLL:4;D:LHRLL:3,,0,False,True,6WV,,True,True,True,True,True,True
5N10,ESR1,SUCCESS,2,2,A:231;B:236,F:4;C:14,F:FPAV;C:FGGITGEAEGFPAV,False,False,,,0,False,True,C8L;TPO,,True,True,True,True,False,False
5T1Z,ESR1,SUCCESS,2,2,A:240;B:238,C:10;D:13,C:HKILHRLLQD;D:KHKILHRLLQDSS,True,False,C:LHRLL:4;D:LHRLL:5,,0,False,True,Q97,,True,True,True,True,True,True
5TLG,ESR1,SUCCESS,2,2,A:229;B:236,C:9;D:9,C:KILHRLLQD;D:KILHRLLQD,True,False,C:LHRLL:3;D:LHRLL:3,,0,False,True,7EG,,True,True,True,True,True,True
5TLF,ESR1,SUCCESS,2,2,A:237;B:235,C:10;D:10,C:HKILHRLLQD;D:KILHRLLQDS,True,False,C:LHRLL:4;D:LHRLL:3,,0,False,True,7EF,,True,True,True,True,True,True
5TLL,ESR1,SUCCESS,2,2,A:235;B:234,C:9;D:9,C:KILHRLLQD;D:KILHRLLQD,True,False,C:LHRLL:3;D:LHRLL:3,,0,False,True,7EL,,True,True,True,True,True,True
5TLM,ESR1,SUCCESS,2,2,A:226;B:227,C:9;D:8,C:KILHRLLQD;D:KILHRLLQ,True,False,C:LHRLL:3;D:LHRLL:3,,0,False,True,7EM,,True,True,True,True,True,True
5TLO,ESR1,SUCCESS,2,2,A:229;B:232,C:9;D:9,C:KILHRLLQD;D:KILHRLLQD,True,False,C:LHRLL:3;D:LHRLL:3,,0,False,True,7EE,,True,True,True,True,True,True
5TLP,ESR1,SUCCESS,2,2,A:234;B:207,C:10;D:7,C:HKILHRLLQD;D:KILHRLL,True,False,C:LHRLL:4;D:LHRLL:3,,0,False,True,7EH;7ET,,True,True,True,True,True,True
5TLU,ESR1,SUCCESS,2,2,A:229;B:238,C:10;D:9,C:HKILHRLLQD;D:KILHRLLQD,True,False,C:LHRLL:4;D:LHRLL:3,,0,False,True,7EE,,True,True,True,True,True,True
5TLT,ESR1,SUCCESS,2,2,A:234;B:240,C:10;D:9,C:HKILHRLLQD;D:KILHRLLQD,True,False,C:LHRLL:4;D:LHRLL:3,,0,False,True,7ED,,True,True,True,True,True,True
5T0X,ESR1,SUCCESS,1,2,A:148,B:19;C:19,B:RAANLWPSPLMIKRSKKNS;C:RAANLWPSPLMIKRSKKNS,False,False,,,0,False,False,,,True,True,True,True,False,False
5TLV,ESR1,SUCCESS,2,2,A:239;B:242,C:12;D:11,C:KHKILHRLLQDS;D:HKILHRLLQDS,True,False,C:LHRLL:5;D:LHRLL:4,,0,False,True,7ES,,True,True,True,True,True,True
5TLY,ESR1,SUCCESS,2,2,A:233;B:236,C:9;D:10,C:KILHRLLQD;D:HKILHRLLQD,True,False,C:LHRLL:3;D:LHRLL:4,,0,False,True,7ER,,True,True,True,True,True,True
5TLX,ESR1,SUCCESS,2,2,A:234;B:242,C:10;D:10,C:HKILHRLLQD;D:KILHRLLQDS,True,False,C:LHRLL:4;D:LHRLL:3,,0,False,True,7EH;7G5,,True,True,True,True,True,True
5TM1,ESR1,SUCCESS,2,2,A:220;B:226,C:8;D:9,C:KILHRLLQ;D:KILHRLLQD,True,False,C:LHRLL:3;D:LHRLL:3,,0,False,True,7EQ,,True,True,True,True,True,True
5TM4,ESR1,SUCCESS,2,2,A:228;B:218,C:9;D:8,C:KILHRLLQD;D:KILHRLLQ,True,False,C:LHRLL:3;D:LHRLL:3,,0,False,True,7E3,,True,True,True,True,True,True
5TM2,ESR1,SUCCESS,2,2,A:217;B:231,C:9;D:9,C:KILHRLLQD;D:KILHRLLQD,True,False,C:LHRLL:3;D:LHRLL:3,,0,False,True,7EO,,True,True,True,True,True,True
5TM3,ESR1,SUCCESS,2,2,A:231;B:243,C:9;D:11,C:KILHRLLQD;D:HKILHRLLQDS,True,False,C:LHRLL:3;D:LHRLL:4,,0,False,True,7EN,,True,True,True,True,True,True
5TM5,ESR1,SUCCESS,2,2,A:239;B:233,C:9;D:10,C:KILHRLLQD;D:HKILHRLLQD,True,False,C:LHRLL:3;D:LHRLL:4,,0,False,True,7EV,,True,True,True,True,True,True
5TM7,ESR1,SUCCESS,2,2,A:234;B:240,C:10;D:11,C:HKILHRLLQD;D:HKILHRLLQDS,True,False,C:LHRLL:4;D:LHRLL:4,,0,False,True,7JY,,True,True,True,True,True,True
5TM9,ESR1,SUCCESS,2,2,A:215;B:211,C:9;D:7,C:KILHRLLQD;D:ILHRLLQ,True,False,C:LHRLL:3;D:LHRLL:2,,0,False,True,7KL,,True,True,True,True,True,True
5TM6,ESR1,SUCCESS,2,2,A:234;B:243,C:10;D:10,C:HKILHRLLQD;D:KILHRLLQDS,True,False,C:LHRLL:4;D:LHRLL:3,,0,False,True,7J9,,True,True,True,True,True,True
5TM8,ESR1,SUCCESS,2,2,A:235;B:228,C:11;D:10,C:HKILHRLLQDS;D:HKILHRLLQD,True,False,C:LHRLL:4;D:LHRLL:4,,0,False,True,7K6,,True,True,True,True,True,True
5TMM,ESR1,SUCCESS,2,2,A:223;B:222,C:8;D:9,C:KILHRLLQ;D:KILHRLLQD,True,False,C:LHRLL:3;D:LHRLL:3,,0,False,True,7M4,,True,True,True,True,True,True
5TMO,ESR1,SUCCESS,2,2,A:235;B:239,C:10;D:11,C:HKILHRLLQD;D:HKILHRLLQDS,True,False,C:LHRLL:4;D:LHRLL:4,,0,False,True,7M1,,True,True,True,True,True,True
5TML,ESR1,SUCCESS,2,2,A:235;B:241,C:9;D:11,C:KILHRLLQD;D:HKILHRLLQDS,True,False,C:LHRLL:3;D:LHRLL:4,,0,False,True,7E1,,True,True,True,True,True,True
5TMQ,ESR1,SUCCESS,2,2,A:234;B:243,C:9;D:10,C:KILHRLLQD;D:KILHRLLQDS,True,False,C:LHRLL:3;D:LHRLL:3,,0,False,True,7M7,,True,True,True,True,True,True
5TMR,ESR1,SUCCESS,2,2,A:242;B:237,C:10;D:11,C:KILHRLLQDS;D:HKILHRLLQDS,True,False,C:LHRLL:3;D:LHRLL:4,,0,False,True,7FD,,True,True,True,True,True,True
5TMS,ESR1,SUCCESS,2,2,A:234;B:243,C:10;D:10,C:HKILHRLLQD;D:KILHRLLQDS,True,False,C:LHRLL:4;D:LHRLL:3,,0,False,True,7FG,,True,True,True,True,True,True
5TMT,ESR1,SUCCESS,2,2,A:237;B:234,C:9;D:11,C:KILHRLLQD;D:KHKILHRLLQD,True,False,C:LHRLL:3;D:LHRLL:5,,0,False,True,7FJ,,True,True,True,True,True,True
5TMU,ESR1,SUCCESS,2,2,A:241;B:235,C:11;D:10,C:KILHRLLQDSS;D:HKILHRLLQD,True,False,C:LHRLL:3;D:LHRLL:4,,0,False,True,7FL,,True,True,True,True,True,True
5TMV,ESR1,SUCCESS,2,2,A:236;B:239,C:10;D:10,C:KILHRLLQDS;D:KILHRLLQDS,True,False,C:LHRLL:3;D:LHRLL:3,,0,False,True,7FO,,True,True,True,True,True,True
5TMZ,ESR1,SUCCESS,2,2,A:236;B:243,C:10;D:10,C:HKILHRLLQD;D:KILHRLLQDS,True,False,C:LHRLL:4;D:LHRLL:3,,0,False,True,7FQ,,True,True,True,True,True,True
5TMW,ESR1,SUCCESS,2,2,A:240;B:240,C:9;D:10,C:KILHRLLQD;D:HKILHRLLQD,True,False,C:LHRLL:3;D:LHRLL:4,,0,False,True,7FP,,True,True,True,True,True,True
5TN1,ESR1,SUCCESS,2,2,A:245;B:245,C:9;D:11,C:KILHRLLQD;D:HKILHRLLQDS,True,False,C:LHRLL:3;D:LHRLL:4,,0,False,True,7FR,,True,True,True,True,True,True
5TN3,ESR1,SUCCESS,2,2,A:238;B:243,C:11;D:10,C:KHKILHRLLQD;D:KILHRLLQDS,True,False,C:LHRLL:5;D:LHRLL:3,,0,False,True,7FS,,True,True,True,True,True,True
5TN6,ESR1,SUCCESS,2,2,A:236;B:230,C:10;D:10,C:HKILHRLLQD;D:HKILHRLLQD,True,False,C:LHRLL:4;D:LHRLL:4,,0,False,True,7G1,,True,True,True,True,True,True
5TN5,ESR1,SUCCESS,2,2,A:235;B:235,C:13;D:10,C:KHKILHRLLQDSS;D:HKILHRLLQD,True,False,C:LHRLL:5;D:LHRLL:4,,0,False,True,7G0,,True,True,True,True,True,True
5TN4,ESR1,SUCCESS,2,2,A:234;B:243,C:11;D:11,C:HKILHRLLQDS;D:HKILHRLLQDS,True,False,C:LHRLL:4;D:LHRLL:4,,0,False,True,7FZ,,True,True,True,True,True,True
5TN8,ESR1,SUCCESS,2,2,A:228;B:235,C:9;D:9,C:KILHRLLQD;D:KILHRLLQD,True,False,C:LHRLL:3;D:LHRLL:3,,0,False,True,7G3,,True,True,True,True,True,True
5TN7,ESR1,SUCCESS,2,2,A:236;B:235,C:9;D:9,C:KILHRLLQD;D:KILHRLLQD,True,False,C:LHRLL:3;D:LHRLL:3,,0,False,True,7G2,,True,True,True,True,True,True
5U2D,ESR1,SUCCESS,2,2,A:246;B:239,C:12;D:11,C:KHKILHRLLQDS;D:KHKILHRLLQD,True,False,C:LHRLL:5;D:LHRLL:5,,0,False,True,OBH,,True,True,True,True,True,True
6CBZ,ESR1,SUCCESS,2,2,A:227;B:223,C:8;D:8,C:AILHRLLQ;D:AILHRLLQ,True,False,C:LHRLL:3;D:LHRLL:3,,0,False,True,EST;SCH,,True,True,True,True,True,True
5WGD,ESR1,SUCCESS,2,2,A:228;B:222,E:11;F:10,E:HKILHKLLQDS;F:AILHKLLQDS,True,False,E:LHKLL:4;F:LHKLL:3,,0,False,True,EST,,True,True,True,True,True,True
5WGQ,ESR1,SUCCESS,2,2,A:231;B:229,E:9;F:8,E:HKLHKLQDS;F:HKLHKLQD,False,False,,,0,False,True,EST;MK8,,True,True,True,True,False,False
6HHP,ESR1,SUCCESS,1,1,A:236,B:4,B:FPAV,False,False,,,0,False,True,G4Z;TPO,,True,True,True,True,False,False
6D0F,ESR1,SUCCESS,2,2,A:209;B:217,C:9;D:10,C:KILHRLLQD;D:HKILHRLLQD,True,False,C:LHRLL:3;D:LHRLL:4,,0,False,True,FYS,,True,True,True,True,True,True
6HKB,ESR1,SUCCESS,1,1,A:236,B:4,B:FPAV,False,False,,,0,False,True,G8Q;TPO,,True,True,True,True,False,False
6HKF,ESR1,SUCCESS,1,1,A:236,B:4,B:FPAV,False,False,,,0,False,True,G8T;TPO,,True,True,True,True,False,False
6HMU,ESR1,SUCCESS,1,1,A:236,B:4,B:FPAV,False,False,,,0,False,True,GE8;TPO,,True,True,True,True,False,False
6CZN,ESR1,SUCCESS,2,2,A:212;B:222,C:8;D:9,C:KILHRLLQ;D:KILHRLLQD,True,False,C:LHRLL:3;D:LHRLL:3,,0,False,True,FNJ,,True,True,True,True,True,True
6PIT,ESR1,SUCCESS,2,1,A:220;B:217,D:7,D:KKLHRLQ,False,False,,,0,False,True,EST;LOU;SCH,,True,True,True,True,False,False
6TJM,ESR1,SUCCESS,1,1,A:229,B:4,B:FPAV,False,False,,,0,False,True,NE5;TPO,,True,True,True,True,False,False
6TL3,ESR1,SUCCESS,1,1,A:227,B:4,B:FPAV,False,False,,,0,False,True,CSO;NJW;TPO,,True,True,True,True,False,False
7B9M,ESR1,SUCCESS,1,1,A:236,B:4,B:FPAV,False,False,,,0,False,True,T4W;TPO,,True,True,True,True,False,False
7B9R,ESR1,SUCCESS,1,1,A:236,B:4,B:FPAV,False,False,,,0,False,True,T4Q;TPO,,True,True,True,True,False,False
7BA3,ESR1,SUCCESS,1,1,A:236,B:5,B:GFPAV,False,False,,,0,False,True,T5N;TPO,,True,True,True,True,False,False
7B9T,ESR1,SUCCESS,1,1,A:236,B:4,B:FPAV,False,False,,,0,False,True,T4Z;TPO,,True,True,True,True,False,False
7BA5,ESR1,SUCCESS,1,1,A:236,B:5,B:GFPAV,False,False,,,0,False,True,T5T;TPO,,True,True,True,True,False,False
7BA6,ESR1,SUCCESS,1,1,A:236,B:5,B:GFPAV,False,False,,,0,False,True,T5Q;TPO,,True,True,True,True,False,False
7BA8,ESR1,SUCCESS,1,1,A:236,B:4,B:FPAV,False,False,,,0,False,True,T6H;TPO,,True,True,True,True,False,False
7BA7,ESR1,SUCCESS,1,1,A:236,B:4,B:FPAV,False,False,,,0,False,True,T5W;TPO,,True,True,True,True,False,False
7BA9,ESR1,SUCCESS,1,1,A:236,B:4,B:FPAV,False,False,,,0,False,True,T6N;TPO,,True,True,True,True,False,False
7BAA,ESR1,SUCCESS,1,1,A:236,B:4,B:FPAV,False,False,,,0,False,True,T5Z;TPO,,True,True,True,True,False,False
7BAB,ESR1,SUCCESS,1,1,A:236,B:4,B:FPAV,False,False,,,0,False,True,T6W;TPO,,True,True,True,True,False,False
7JHD,ESR1,SUCCESS,2,2,A:224;B:223,C:8;D:8,C:KILHRLLQ;D:KILHRLLQ,True,False,C:LHRLL:3;D:LHRLL:3,,0,False,True,V9J,,True,True,True,True,True,True
7NFW,ESR1,SUCCESS,1,1,A:231,B:4,B:FPAV,False,False,,,0,False,True,TPO,,True,True,True,True,False,False
7NIZ,ESR1,SUCCESS,1,1,A:231,B:4,B:FPAV,False,False,,,0,False,True,FSC;TPO;UGH,,True,True,True,True,False,False
7OPW,ESR1,SUCCESS,1,1,A:229,B:4,B:FPAV,False,False,,,0,False,True,0AW;TPO,,True,True,True,True,False,False
7OQ7,ESR1,SUCCESS,1,1,A:229,B:4,B:FPAV,False,False,,,0,False,True,09W;TPO,,True,True,True,True,False,False
7NEL,ESR1,SUCCESS,2,2,A:242;B:245,C:12;D:11,C:HKILHRLLQDSS;D:KHKILHRLLQD,True,False,C:LHRLL:4;D:LHRLL:5,,0,False,True,EST,,True,True,True,True,True,True
7OQ8,ESR1,SUCCESS,1,1,C:227,B:4,B:FPAV,False,False,,,0,False,True,0B7;CME;TPO,,True,True,True,True,False,False
7PWT,ESR1,SUCCESS,1,1,A:227,B:4,B:FPAV,False,False,,,0,False,True,PJN;TPO,,True,True,True,True,False,False
7NFB,ESR1,SUCCESS,2,2,A:241;B:244,C:10;D:11,C:HKILHRLLQD;D:KHKILHRLLQD,True,False,C:LHRLL:4;D:LHRLL:5,,0,False,True,GEN,,True,True,True,True,True,True
7PWZ,ESR1,SUCCESS,1,1,A:226,B:4,B:FPAV,False,False,,,0,False,True,8CQ;TPO,,True,True,True,True,False,False
7RKE,ESR1,SUCCESS,2,2,A:220;B:229,C:7;D:10,C:KILHRLL;D:HKILHRLLQD,True,False,C:LHRLL:3;D:LHRLL:4,,0,False,True,5VP,,True,True,True,True,True,True
7RNM,ESR1,SUCCESS,2,2,A:219;B:229,C:8;D:9,C:KILHRLLQ;D:KILHRLLQD,True,False,C:LHRLL:3;D:LHRLL:3,,0,False,True,61Z,,True,True,True,True,True,True
7T2X,ESR1,SUCCESS,2,2,A:210;B:227,C:8;D:10,C:KILHRLLQ;D:HKILHRLLQD,True,False,C:LHRLL:3;D:LHRLL:4,,0,False,True,EMY,,True,True,True,True,True,True
7SFO,ESR1,SUCCESS,2,2,A:220;B:229,C:7;D:10,C:KILHRLL;D:HKILHRLLQD,True,False,C:LHRLL:3;D:LHRLL:4,,0,False,True,98L,,True,True,True,True,True,True
7Y8F,ESR1,SUCCESS,2,2,A:236;B:220,C:8;D:8,C:AILHRLLQ;D:AILHRLLQ,True,False,C:LHRLL:3;D:LHRLL:3,,0,False,True,IC7,,True,True,True,True,True,True
7Y8G,ESR1,SUCCESS,2,2,A:237;B:236,C:8;D:8,C:AILHRLLQ;D:AILHRLLQ,True,False,C:LHRLL:3;D:LHRLL:3,,0,False,True,IAT,,True,True,True,True,True,True
7YMK,ESR1,SUCCESS,2,2,A:237;B:220,C:8;D:8,C:AILHRLLQ;D:AILHRLLQ,True,False,C:LHRLL:3;D:LHRLL:3,,0,False,True,IX0,,True,True,True,True,True,True
8ALT,ESR1,SUCCESS,1,1,A:236,B:4,B:FPAV,False,False,,,0,False,True,MU9;TPO,,True,True,True,True,False,False
8ALR,ESR1,SUCCESS,1,1,A:236,B:4,B:FPAV,False,False,,,0,False,True,MVU;TPO,,True,True,True,True,False,False
8AFN,ESR1,SUCCESS,1,1,A:236,B:4,B:FPAV,False,False,,,0,False,True,O6C;TPO,,True,True,True,True,False,False
8AI0,ESR1,SUCCESS,1,1,A:236,B:4,B:FPAV,False,False,,,0,False,True,M79;TPO,,True,True,True,True,False,False
8ALW,ESR1,SUCCESS,1,1,A:236,B:4,B:FPAV,False,False,,,0,False,True,MVO;TPO,,True,True,True,True,False,False
8ALV,ESR1,SUCCESS,1,1,A:236,B:4,B:FPAV,False,False,,,0,False,True,MV3;TPO,,True,True,True,True,False,False
8AM7,ESR1,SUCCESS,1,1,A:236,B:4,B:FPAV,False,False,,,0,False,True,MRF;TPO,,True,True,True,True,False,False
8ANF,ESR1,SUCCESS,1,1,A:236,B:4,B:FPAV,False,False,,,0,False,True,N1R;TPO,,True,True,True,True,False,False
8AOY,ESR1,SUCCESS,1,1,A:236,B:4,B:FPAV,False,False,,,0,False,True,N0L;TPO,,True,True,True,True,False,False
8AQ1,ESR1,SUCCESS,1,1,A:236,B:4,B:FPAV,False,False,,,0,False,True,NJC;TPO,,True,True,True,True,False,False
8APS,ESR1,SUCCESS,1,1,A:236,B:4,B:FPAV,False,False,,,0,False,True,NJ3;TPO,,True,True,True,True,False,False
8AQC,ESR1,SUCCESS,1,1,A:236,B:4,B:FPAV,False,False,,,0,False,True,NIB;TPO,,True,True,True,True,False,False
8AQE,ESR1,SUCCESS,1,1,A:236,B:4,B:FPAV,False,False,,,0,False,True,NE9;TPO,,True,True,True,True,False,False
8AR4,ESR1,SUCCESS,1,1,A:236,B:4,B:FPAV,False,False,,,0,False,True,NG9;TPO,,True,True,True,True,False,False
8ARO,ESR1,SUCCESS,1,1,A:236,B:4,B:FPAV,False,False,,,0,False,True,NJR;TPO,,True,True,True,True,False,False
8AQZ,ESR1,SUCCESS,1,1,A:236,B:4,B:FPAV,False,False,,,0,False,True,NF9;TPO,,True,True,True,True,False,False
8AR5,ESR1,SUCCESS,1,1,A:236,B:4,B:FPAV,False,False,,,0,False,True,NJI;TPO,,True,True,True,True,False,False
8ARR,ESR1,SUCCESS,1,1,A:233,B:4,B:FPAV,False,False,,,0,False,True,NK6;TPO,,True,True,True,True,False,False
8ARG,ESR1,SUCCESS,1,1,A:236,B:4,B:FPAV,False,False,,,0,False,True,ND9;TPO,,True,True,True,True,False,False
8ARQ,ESR1,SUCCESS,1,1,A:236,B:4,B:FPAV,False,False,,,0,False,True,NKL;TPO,,True,True,True,True,False,False
8ARX,ESR1,SUCCESS,1,1,A:236,B:4,B:FPAV,False,False,,,0,False,True,NR6;TPO,,True,True,True,True,False,False
8ARW,ESR1,SUCCESS,1,1,A:236,B:4,B:FPAV,False,False,,,0,False,True,NQ9;TPO,,True,True,True,True,False,False
8ARZ,ESR1,SUCCESS,1,1,A:236,B:4,B:FPAV,False,False,,,0,False,True,NQ0;TPO,,True,True,True,True,False,False
8ARY,ESR1,SUCCESS,1,1,A:236,B:4,B:FPAV,False,False,,,0,False,True,NQU;TPO,,True,True,True,True,False,False
8AS1,ESR1,SUCCESS,1,1,A:236,B:4,B:FPAV,False,False,,,0,False,True,NQL;TPO,,True,True,True,True,False,False
8AT9,ESR1,SUCCESS,1,1,A:236,B:4,B:FPAV,False,False,,,0,False,True,NUO;TPO,,True,True,True,True,False,False
8AU2,ESR1,SUCCESS,1,1,A:236,B:4,B:FPAV,False,False,,,0,False,True,O3O;TPO,,True,True,True,True,False,False
8AUS,ESR1,SUCCESS,1,1,A:236,B:4,B:FPAV,False,False,,,0,False,True,O3F;TPO,,True,True,True,True,False,False
8AV3,ESR1,SUCCESS,1,1,A:236,B:4,B:FPAV,False,False,,,0,False,True,O3T;TPO,,True,True,True,True,False,False
8AUY,ESR1,SUCCESS,1,1,A:236,B:4,B:FPAV,False,False,,,0,False,True,O2X;TPO,,True,True,True,True,False,False
8ATP,ESR1,SUCCESS,1,1,A:236,B:4,B:FPAV,False,False,,,0,False,True,O0O;TPO,,True,True,True,True,False,False
8AV4,ESR1,SUCCESS,1,1,A:236,B:4,B:FPAV,False,False,,,0,False,True,O49;TPO,,True,True,True,True,False,False
8AV8,ESR1,SUCCESS,1,1,A:229,B:4,B:FPAV,False,False,,,0,False,True,O4R;TPO,,True,True,True,True,False,False
8AWG,ESR1,SUCCESS,1,1,A:236,B:4,B:FPAV,False,False,,,0,False,True,O4I;TPO,,True,True,True,True,False,False
8AV7,ESR1,SUCCESS,1,1,A:235,B:4,B:FPAV,False,False,,,0,False,True,CSO;O4I;TPO,,True,True,True,True,False,False
8AXE,ESR1,SUCCESS,1,1,A:236,B:4,B:FPAV,False,False,,,0,False,True,ODC;TPO,,True,True,True,True,False,False
8AZE,ESR1,SUCCESS,1,1,A:236,B:4,B:FPAV,False,False,,,0,False,True,O5I;TPO,,True,True,True,True,False,False
8AXU,ESR1,SUCCESS,1,1,A:236,B:4,B:FPAV,False,False,,,0,False,True,O6L;TPO,,True,True,True,True,False,False
8BX0,ESR1,SUCCESS,1,1,A:236,B:4,B:FPAV,False,False,,,0,False,True,S2U;TPO,,True,True,True,True,False,False
8BWJ,ESR1,SUCCESS,1,1,A:235,B:4,B:FPAV,False,False,,,0,False,True,CSO;RYR;TPO,,True,True,True,True,False,False
8BWX,ESR1,SUCCESS,1,1,A:235,B:4,B:FPAV,False,False,,,0,False,True,CSO;RZT;TPO,,True,True,True,True,False,False
8B39,ESR1,SUCCESS,1,1,A:236,B:4,B:FPAV,False,False,,,0,False,True,OT0;TPO,,True,True,True,True,False,False
8BX3,ESR1,SUCCESS,1,1,A:236,B:4,B:FPAV,False,False,,,0,False,True,RZL;TPO,,True,True,True,True,False,False
8BWZ,ESR1,SUCCESS,1,1,A:235,B:4,B:FPAV,False,False,,,0,False,True,CSO;S3I;TPO,,True,True,True,True,False,False
8BX4,ESR1,SUCCESS,1,1,A:236,B:4,B:FPAV,False,False,,,0,False,True,RZC;TPO,,True,True,True,True,False,False
8BXN,ESR1,SUCCESS,1,1,A:236,B:4,B:FPAV,False,False,,,0,False,True,S1R;TPO,,True,True,True,True,False,False
8BXI,ESR1,SUCCESS,1,1,A:236,B:4,B:FPAV,False,False,,,0,False,True,S0O;TPO,,True,True,True,True,False,False
8BXM,ESR1,SUCCESS,1,1,A:236,B:4,B:FPAV,False,False,,,0,False,True,S0U;TPO,,True,True,True,True,False,False
8BXO,ESR1,SUCCESS,1,1,A:236,B:4,B:FPAV,False,False,,,0,False,True,S1I;TPO,,True,True,True,True,False,False
8BXQ,ESR1,SUCCESS,1,1,A:236,B:4,B:FPAV,False,False,,,0,False,True,S3U;TPO,,True,True,True,True,False,False
8BXS,ESR1,SUCCESS,1,1,A:236,B:4,B:FPAV,False,False,,,0,False,True,S2E;TPO,,True,True,True,True,False,False
8BY9,ESR1,SUCCESS,1,1,A:236,B:4,B:FPAV,False,False,,,0,False,True,S86;TPO,,True,True,True,True,False,False
8BYB,ESR1,SUCCESS,1,1,A:236,B:4,B:FPAV,False,False,,,0,False,True,S8O;TPO,,True,True,True,True,False,False
8BYG,ESR1,SUCCESS,1,1,A:236,B:4,B:FPAV,False,False,,,0,False,True,S6O;TPO,,True,True,True,True,False,False
8BYD,ESR1,SUCCESS,1,1,A:236,B:4,B:FPAV,False,False,,,0,False,True,S7I;TPO,,True,True,True,True,False,False
8BYC,ESR1,SUCCESS,1,1,A:236,B:4,B:FPAV,False,False,,,0,False,True,S7R;TPO,,True,True,True,True,False,False
8BYE,ESR1,SUCCESS,1,1,A:236,B:4,B:FPAV,False,False,,,0,False,True,RY0;TPO,,True,True,True,True,False,False
8BYF,ESR1,SUCCESS,1,1,A:236,B:4,B:FPAV,False,False,,,0,False,True,S6X;TPO,,True,True,True,True,False,False
8BYO,ESR1,SUCCESS,1,1,A:236,B:4,B:FPAV,False,False,,,0,False,True,TPO;U0L,,True,True,True,True,False,False
8BYY,ESR1,SUCCESS,1,1,A:236,B:4,B:FPAV,False,False,,,0,False,True,SE3;TPO,,True,True,True,True,False,False
8BYZ,ESR1,SUCCESS,1,1,A:236,B:4,B:FPAV,False,False,,,0,False,True,SD7;TPO,,True,True,True,True,False,False
8BZ9,ESR1,SUCCESS,1,1,A:236,B:4,B:FPAV,False,False,,,0,False,True,LF5;TPO,,True,True,True,True,False,False
8BZA,ESR1,SUCCESS,1,1,A:236,B:4,B:FPAV,False,False,,,0,False,True,L1T;TPO,,True,True,True,True,False,False
8BZ0,ESR1,SUCCESS,1,1,A:236,B:4,B:FPAV,False,False,,,0,False,True,SDM;TPO,,True,True,True,True,False,False
8BZC,ESR1,SUCCESS,1,1,A:236,B:4,B:FPAV,False,False,,,0,False,True,GEH;SG0;TPO,,True,True,True,True,False,False
8BZB,ESR1,SUCCESS,1,1,A:236,B:4,B:FPAV,False,False,,,0,False,True,GEH;SDM;TPO,,True,True,True,True,False,False
8BZD,ESR1,SUCCESS,1,1,A:236,B:4,B:FPAV,False,False,,,0,False,True,SIT;TPO,,True,True,True,True,False,False
8BZF,ESR1,SUCCESS,1,1,A:236,B:4,B:FPAV,False,False,,,0,False,True,SJ4;TPO,,True,True,True,True,False,False
8BZE,ESR1,SUCCESS,1,1,A:236,B:4,B:FPAV,False,False,,,0,False,True,SIY;TPO,,True,True,True,True,False,False
8BZG,ESR1,SUCCESS,1,1,A:236,B:4,B:FPAV,False,False,,,0,False,True,SJC;TPO,,True,True,True,True,False,False
8BZT,ESR1,SUCCESS,1,1,A:236,B:4,B:FPAV,False,False,,,0,False,True,SKR;TPO,,True,True,True,True,False,False
8C04,ESR1,SUCCESS,1,1,A:236,B:4,B:FPAV,False,False,,,0,False,True,GEH;LF5;TPO,,True,True,True,True,False,False
8BZH,ESR1,SUCCESS,1,1,A:236,B:4,B:FPAV,False,False,,,0,False,True,EZ5;TPO,,True,True,True,True,False,False
8BZW,ESR1,SUCCESS,1,1,A:236,B:5,B:GFPAV,False,False,,,0,False,True,GEH;SSX;TPO,,True,True,True,True,False,False
8C0K,ESR1,SUCCESS,1,1,A:236,B:4,B:FPAV,False,False,,,0,False,True,SOI;TPO,,True,True,True,True,False,False
8C42,ESR1,SUCCESS,1,1,A:236,B:4,B:RRAV,False,False,,,0,False,True,SIT;TPO,,True,True,True,True,False,False
8C0L,ESR1,SUCCESS,1,1,A:236,B:4,B:FPAV,False,False,,,0,False,True,FC7;TPO,,True,True,True,True,False,False
8C4F,ESR1,SUCCESS,1,1,A:236,B:4,B:FPAV,False,False,,,0,False,True,TG9;TPO,,True,True,True,True,False,False
8C4G,ESR1,SUCCESS,1,1,A:236,B:4,B:FPAV,False,False,,,0,False,True,KM8;TPO,,True,True,True,True,False,False
8EV1,ESR1,SUCCESS,2,2,A:236;B:231,C:9;D:9,C:KILHRLLQD;D:KILHRLLQD,True,False,C:LHRLL:3;D:LHRLL:3,,0,False,True,WVR;WVW;YCM,,True,True,True,True,True,True
8EV2,ESR1,SUCCESS,2,2,A:233;B:233,C:9;D:6,C:KILHRLLQD;D:ILHRLL,True,False,C:LHRLL:3;D:LHRLL:2,,0,False,True,LYQ;WVE,,True,True,True,True,True,True
9EBG,ESR1,SUCCESS,2,2,A:230;C:240,B:10;D:8,B:KILHRLLQDS;D:KILHRLLQ,True,False,B:LHRLL:3;D:LHRLL:3,,0,False,True,B81,,True,True,True,True,True,True
9I6S,ESR1,SUCCESS,1,1,A:236,B:4,B:FPAV,False,False,,,0,False,True,A1I0P;TPO,,True,True,True,True,False,False
9I6U,ESR1,SUCCESS,1,1,A:236,B:4,B:FPAV,False,False,,,0,False,True,A1I0R;TPO,,True,True,True,True,False,False
9I6T,ESR1,SUCCESS,1,1,A:236,B:4,B:FPAV,False,False,,,0,False,True,A1I0Q;TPO,,True,True,True,True,False,False
9I6V,ESR1,SUCCESS,1,1,A:236,B:4,B:FPAV,False,False,,,0,False,True,A1I0S;TPO,,True,True,True,True,False,False
9I6W,ESR1,SUCCESS,1,1,A:236,B:4,B:FPAV,False,False,,,0,False,True,A1I0T;TPO,,True,True,True,True,False,False
9I6Y,ESR1,SUCCESS,1,1,A:236,B:4,B:FPAV,False,False,,,0,False,True,A1I0V;TPO,,True,True,True,True,False,False
9I6X,ESR1,SUCCESS,1,1,A:236,B:4,B:FPAV,False,False,,,0,False,True,A1I0U;TPO,,True,True,True,True,False,False
9I71,ESR1,SUCCESS,1,1,A:236,B:4,B:FPAV,False,False,,,0,False,True,A1I0Y;TPO,,True,True,True,True,False,False
9I70,ESR1,SUCCESS,1,1,A:236,B:4,B:FPAV,False,False,,,0,False,True,A1I0X;TPO,,True,True,True,True,False,False
9I72,ESR1,SUCCESS,1,1,A:236,B:4,B:FPAV,False,False,,,0,False,True,A1I0Z;TPO,,True,True,True,True,False,False
9I6Z,ESR1,SUCCESS,1,1,A:236,B:4,B:FPAV,False,False,,,0,False,True,A1I0W;TPO,,True,True,True,True,False,False
9I73,ESR1,SUCCESS,1,1,A:236,B:4,B:FPAV,False,False,,,0,False,True,A1I00;TPO,,True,True,True,True,False,False
9I75,ESR1,SUCCESS,1,1,A:236,B:4,B:FPAV,False,False,,,0,False,True,A1I02;TPO,,True,True,True,True,False,False
9I74,ESR1,SUCCESS,1,1,A:236,B:4,B:FPAV,False,False,,,0,False,True,A1I01;TPO,,True,True,True,True,False,False
9SV3,ESR1,SUCCESS,5,2,B:95;C:103;I:231;D:231;E:152,G:4;H:4,G:RRAV;H:RRAV,False,False,,,0,False,True,A1JQT;TPO,,True,True,True,True,False,False
9WB2,ESR1,SUCCESS,2,2,B:237;A:243,D:8;C:8,D:AILHRLLQ;C:AILHRLLQ,True,False,D:LHRLL:3;C:LHRLL:3,,0,False,True,A1EVS,,True,True,True,True,True,True
9Y7E,ESR1,SUCCESS,2,2,A:228;C:232,X:6;Y:5,X:EGFPAV;Y:GFPAV,False,False,,,0,False,True,A1CSY;TPO,,True,True,True,True,False,False
9YC4,ESR1,SUCCESS,2,2,A:228;C:227,X:5;Y:5,X:GFPAV;Y:GFPAV,False,False,,,0,False,True,A1CT3;TPO,,True,True,True,True,False,False
1U3S,ESR2,SUCCESS,2,2,A:227;B:223,C:9;D:9,C:KLVQLLTTT;D:KLVQLLTTT,True,False,C:LVQLL:2;D:LVQLL:2,,0,False,True,797,,True,True,True,True,True,True
1U3R,ESR2,SUCCESS,2,2,A:231;B:227,C:9;D:9,C:KLVQLLTTT;D:KLVQLLTTT,True,False,C:LVQLL:2;D:LVQLL:2,,0,False,True,338,,True,True,True,True,True,True
1U9E,ESR2,SUCCESS,2,2,A:223;B:228,C:9;D:9,C:KLVQLLTTT;D:KLVQLLTTT,True,False,C:LVQLL:2;D:LVQLL:2,,0,False,True,397,,True,True,True,True,True,True
1X76,ESR2,SUCCESS,2,2,A:225;B:225,C:9;D:9,C:KLVQLLTTT;D:KLVQLLTTT,True,False,C:LVQLL:2;D:LVQLL:2,,0,False,True,697,,True,True,True,True,True,True
1X78,ESR2,SUCCESS,2,2,A:228;B:228,C:9;D:9,C:KLVQLLTTT;D:KLVQLLTTT,True,False,C:LVQLL:2;D:LVQLL:2,,0,False,True,244,,True,True,True,True,True,True
1X7J,ESR2,SUCCESS,2,2,A:225;B:225,C:10;D:10,C:HKLVQLLTTT;D:HKLVQLLTTT,True,False,C:LVQLL:3;D:LVQLL:3,,0,False,True,GEN,,True,True,True,True,True,True
1X7B,ESR2,SUCCESS,2,2,A:228;B:225,C:10;D:10,C:HKLVQLLTTT;D:HKLVQLLTTT,True,False,C:LVQLL:3;D:LVQLL:3,,0,False,True,041,,True,True,True,True,True,True
1YY4,ESR2,SUCCESS,2,2,A:225;B:225,C:9;D:9,C:KLVQLLTTT;D:KLVQLLTTT,True,False,C:LVQLL:2;D:LVQLL:2,,0,False,True,4NA,,True,True,True,True,True,True
1YYE,ESR2,SUCCESS,2,2,A:228;B:224,C:10;D:10,C:HKLVQLLTTT;D:HKLVQLLTTT,True,False,C:LVQLL:3;D:LVQLL:3,,0,False,True,196,,True,True,True,True,True,True
1ZAF,ESR2,SUCCESS,2,2,A:228;B:228,C:13;D:13,C:SGSHKLVQLLTTT;D:SGSHKLVQLLTTT,True,False,C:LVQLL:6;D:LVQLL:6,,0,False,True,789,,True,True,True,True,True,True
2NV7,ESR2,SUCCESS,2,2,A:228;B:225,C:10;D:10,C:HKLVQLLTTT;D:HKLVQLLTTT,True,False,C:LVQLL:3;D:LVQLL:3,,0,False,True,555,,True,True,True,True,True,True
2YJD,ESR2,SUCCESS,2,2,A:223;B:223,C:9;D:9,C:HILHLLQDS;D:HILHLLQDS,False,False,,,0,False,True,MK8;YJD,,True,True,True,True,False,False
3OMO,ESR2,SUCCESS,2,2,A:229;B:224,C:10;D:10,C:RHKILHRLLQ;D:RHKILHRLLQ,True,False,C:LHRLL:5;D:LHRLL:5,,0,False,True,WV7,,True,True,True,True,True,True
3OLL,ESR2,SUCCESS,2,2,A:234;B:233,C:10;D:10,C:RHKILHRLLQ;D:RHKILHRLLQ,True,False,C:LHRLL:5;D:LHRLL:5,,0,False,True,EST;PTR,,True,True,True,True,True,True
4ZI1,ESR2,SUCCESS,1,1,A:230,B:8,B:SLIDLLAD,True,False,B:LIDLL:2,,0,False,True,KB0,,True,True,True,True,True,True
3OLS,ESR2,SUCCESS,2,2,A:229;B:224,C:10;D:10,C:RHKILHRLLQ;D:RHKILHRLLQ,True,False,C:LHRLL:5;D:LHRLL:5,,0,False,True,EST,,True,True,True,True,True,True
3OMP,ESR2,SUCCESS,2,2,A:229;B:224,C:10;D:10,C:RHKILHRLLQ;D:RHKILHRLLQ,True,False,C:LHRLL:5;D:LHRLL:5,,0,False,True,W14,,True,True,True,True,True,True
3OMQ,ESR2,SUCCESS,2,2,A:229;B:224,C:10;D:10,C:RHKILHRLLQ;D:RHKILHRLLQ,True,False,C:LHRLL:5;D:LHRLL:5,,0,False,True,W23,,True,True,True,True,True,True
4J26,ESR2,SUCCESS,2,2,A:228;B:229,I:12;J:10,I:HPLLMRLLHHPS;J:HPLLMRLLHH,True,False,I:LMRLL:4;J:LMRLL:4,,0,False,True,EST,,True,True,True,True,True,True
7XVZ,ESR2,SUCCESS,2,2,A:219;B:225,C:10;D:10,C:SHKLVQLLTT;D:HKLVQLLTTT,True,False,C:LVQLL:4;D:LVQLL:3,,0,False,True,I1D,,True,True,True,True,True,True
7XWP,ESR2,SUCCESS,2,2,A:219;B:225,C:11;D:10,C:SHKLVQLLTTT;D:HKLVQLLTTT,True,False,C:LVQLL:4;D:LVQLL:3,,0,False,True,I1I,,True,True,True,True,True,True
7XWQ,ESR2,SUCCESS,2,2,A:219;B:225,C:11;D:10,C:SHKLVQLLTTT;D:HKLVQLLTTT,True,False,C:LVQLL:4;D:LVQLL:3,,0,False,True,I1M,,True,True,True,True,True,True
7XVY,ESR2,SUCCESS,2,2,A:219;B:224,C:11;D:10,C:SHKLVQLLTTT;D:HKLVQLLTTT,True,False,C:LVQLL:4;D:LVQLL:3,,0,False,True,I0K,,True,True,True,True,True,True
1XB7,ESRRA,SUCCESS,1,1,A:215,P:9,P:SELLKYLTT,False,False,,,0,False,False,,,True,True,True,True,False,False
4J24,ESR2,SUCCESS,4,4,A:225;B:228;C:225;D:221,K:12;I:12;J:11;L:10,K:RHPLLLRHLLQN;I:RHPLLLRHLLQN;J:RHPLLLRHLLQ;L:RHPLLLRHLL,True,False,K:LRHLL:6;I:LRHLL:6;J:LRHLL:6;L:LRHLL:6,,0,False,True,EST,,True,True,True,True,True,True
7XWR,ESR2,SUCCESS,2,2,A:219;B:225,C:11;D:10,C:SHKLVQLLTTT;D:HKLVQLLTTT,True,False,C:LVQLL:4;D:LVQLL:3,,0,False,True,I2B,,True,True,True,True,True,True
3D24,ESRRA,SUCCESS,2,2,A:209;C:216,B:13;D:14,B:RPCSELLKYLTTN;D:RPCSELLKYLTTND,False,False,,,0,False,False,,,True,True,True,True,False,False
7E2E,ESRRA,SUCCESS,2,2,A:216;B:216,P:12;Q:12,P:RPASELLKYLTT;Q:RPASELLKYLTT,False,False,,,0,False,True,HVO,,True,True,True,True,False,False
9ECF,ESR2,SUCCESS,8,8,E:231;F:214;A:219;B:219;I:216;J:196;M:219;N:218,G:9;H:9;C:10;D:9;K:12;L:9;O:12;P:11,G:HKILHRLLQ;H:HKILHRLLQ;C:KILHRLLQDS;D:HKILHRLLQ;K:KHKILHRLLQDS;L:HKILHRLLQ;O:KHKILHRLLQDS;P:HKILHRLLQDS,True,False,G:LHRLL:4;H:LHRLL:4;C:LHRLL:3;D:LHRLL:4;K:LHRLL:5;L:LHRLL:4;O:LHRLL:5;P:LHRLL:4,,0,False,True,B81,,True,True,True,True,True,True
9EBL,ESR2,SUCCESS,4,4,A:219;B:227;E:219;F:218,C:7;D:11;G:9;H:11,C:KILHRLL;D:HKILHRLLQDS;G:KILHRLLQD;H:HKILHRLLQDS,True,False,C:LHRLL:3;D:LHRLL:4;G:LHRLL:3;H:LHRLL:4,,0,False,True,B81,,True,True,True,True,True,True
6LIT,ESRRB,SUCCESS,2,2,A:198;B:197,D:10;E:11,D:KHKILHRLLQ;E:KHKILHRLLQD,True,False,D:LHRLL:5;E:LHRLL:5,,0,False,True,2OH,,True,True,True,True,True,True
6LN4,ESRRB,SUCCESS,1,1,A:218,B:10,B:ASELLKYLTT,False,False,,,0,False,False,,,True,True,True,True,False,False
1KV6,ESRRG,SUCCESS,2,2,A:222;B:222,C:10;D:11,C:HKILHRLLQE;D:HKILHRLLQEG,True,False,C:LHRLL:4;D:LHRLL:4,,0,False,False,,,True,True,True,True,True,True
1TFC,ESRRG,SUCCESS,2,2,A:226;B:225,C:11;D:10,C:HKILHRLLQEG;D:HKILHRLLQE,True,False,C:LHRLL:4;D:LHRLL:4,,0,False,False,,,True,True,True,True,True,True
2GPO,ESRRG,SUCCESS,1,1,A:224,C:10,C:SLLLHLLKSQ,True,False,C:LLHLL:3,,0,False,False,,,True,True,True,True,True,True
2GPP,ESRRG,SUCCESS,2,2,A:225;B:224,C:11;D:13,C:SLLLHLLKSQT;D:SLLLHLLKSQTIP,True,False,C:LLHLL:3;D:LLHLL:3,,0,False,True,1BA,,True,True,True,True,True,True
2GPV,ESRRG,SUCCESS,6,3,A:224;B:223;C:223;D:209;E:208;F:208,G:12;H:12;I:12,G:GLEAIIRKALMG;H:GLEAIIRKALMG;I:GLEAIIRKALMG,False,True,,G:LEAII:2;H:LEAII:2;I:LEAII:2,0,False,True,OHT,,True,True,True,True,True,True
6XY5,ESRRG,SUCCESS,1,1,A:235,B:6,B:RRRKCQ,False,False,,,0,False,True,O4E;SEP,,True,True,True,True,False,False
6XXC,ESRRG,SUCCESS,1,1,A:235,B:6,B:RRRKCQ,False,False,,,0,False,True,O3W;SEP,,True,True,True,True,False,False
6Y18,ESRRG,SUCCESS,1,1,A:235,B:6,B:RRRKCQ,False,False,,,0,False,True,O68;SEP,,True,True,True,True,False,False
6Y1D,ESRRG,SUCCESS,1,1,A:235,B:7,B:RRRKCQA,False,False,,,0,False,True,SEP,,True,True,True,True,False,False
6Y3W,ESRRG,SUCCESS,1,1,A:235,B:7,B:RRRKCQA,False,False,,,0,False,True,O85;SEP,,True,True,True,True,False,False
6Y58,ESRRG,SUCCESS,1,1,A:236,P:5,P:RSLFE,False,False,,,0,False,True,SEP,,True,True,True,True,False,False
8BJN,ESRRG,SUCCESS,1,1,A:234,B:7,B:RRRKCQA,False,False,,,0,False,True,QL9;SEP,,True,True,True,True,False,False
8B4Q,ESRRG,SUCCESS,1,1,A:236,B:6,B:RRRKCQ,False,False,,,0,False,True,OYI;SEP,,True,True,True,True,False,False
8BJG,ESRRG,SUCCESS,1,1,A:236,B:7,B:RRRKCQA,False,False,,,0,False,True,QL0;SEP,,True,True,True,True,False,False
8BM5,ESRRG,SUCCESS,1,1,A:236,B:7,B:RRRKCQA,False,False,,,0,False,True,QQ0;SEP,,True,True,True,True,False,False
9KNC,ESRRG,SUCCESS,1,1,A:225,C:11,C:NSLLLHLLKSQ,True,False,C:LLHLL:4,,0,False,True,A1EF8;PGR,,True,True,True,True,True,True
9KND,ESRRG,SUCCESS,1,1,A:226,B:10,B:NSLLLHLLKS,True,False,B:LLHLL:4,,0,False,True,IND,,True,True,True,True,True,True
9KNE,ESRRG,SUCCESS,1,1,A:224,B:12,B:NNSLLLHLLKSQ,True,False,B:LLHLL:5,,0,False,True,2HU;PGR,,True,True,True,True,True,True
9KNG,ESRRG,SUCCESS,1,1,A:224,C:9,C:SLLLHLLKS,True,False,C:LLHLL:3,,0,False,True,A1EGD,,True,True,True,True,True,True
9KNF,ESRRG,SUCCESS,1,1,A:225,C:12,C:NNSLLLHLLKSQ,True,False,C:LLHLL:5,,0,False,True,A1EGB,,True,True,True,True,True,True
3DCT,FXR,SUCCESS,1,1,A:229,B:11,B:DHQLLRYLLDK,True,False,B:LRYLL:5,,0,False,True,064,,True,True,True,True,True,True
3DCU,FXR,SUCCESS,1,1,A:229,B:11,B:DHQLLRYLLDK,True,False,B:LRYLL:5,,0,False,True,O62,,True,True,True,True,True,True
3FXV,FXR,SUCCESS,1,1,A:222,B:13,B:KDHQLLRYLLDKD,True,False,B:LRYLL:6,,0,False,True,643,,True,True,True,True,True,True
3GD2,FXR,SUCCESS,1,1,A:227,B:11,B:AHQLLRYLLDA,True,False,B:LRYLL:5,,0,False,True,708,,True,True,True,True,True,True
3BEJ,FXR,SUCCESS,2,2,A:224;B:228,E:11;F:12,E:ERHKILHRLLQ;F:TERHKILHRLLQ,True,False,E:LHRLL:6;F:LHRLL:7,,0,False,True,MUF,,True,True,True,True,True,True
3HC6,FXR,SUCCESS,1,1,A:230,B:11,B:DHQLLRYLLDK,True,False,B:LRYLL:5,,0,False,True,088,,True,True,True,True,True,True
3HC5,FXR,SUCCESS,1,1,A:229,B:11,B:DHQLLRYLLDK,True,False,B:LRYLL:5,,0,False,True,82X,,True,True,True,True,True,True
3OKH,FXR,SUCCESS,1,1,A:227,B:10,B:HQLLRYLLDK,True,False,B:LRYLL:4,,0,False,True,OKH,,True,True,True,True,True,True
3OKI,FXR,SUCCESS,2,2,A:230;C:230,B:12;D:10,B:DHQLLRYLLDKD;D:HQLLRYLLDK,True,False,B:LRYLL:5;D:LRYLL:4,,0,False,True,OKI,,True,True,True,True,True,True
3OMK,FXR,SUCCESS,2,2,A:230;C:230,B:12;D:11,B:KDHQLLRYLLDK;D:HQLLRYLLDKD,True,False,B:LRYLL:6;D:LRYLL:4,,0,False,True,OMK,,True,True,True,True,True,True
3OLF,FXR,SUCCESS,2,2,A:230;C:230,B:11;D:11,B:DHQLLRYLLDK;D:HQLLRYLLDKD,True,False,B:LRYLL:5;D:LRYLL:4,,0,False,True,OLF,,True,True,True,True,True,True
3P88,FXR,SUCCESS,1,1,A:229,B:11,B:DHQLLRYLLDK,True,False,B:LRYLL:5,,0,False,True,P88,,True,True,True,True,True,True
3OMM,FXR,SUCCESS,2,2,A:230;C:230,B:13;D:12,B:KDHQLLRYLLDKD;D:DHQLLRYLLDKD,True,False,B:LRYLL:6;D:LRYLL:5,,0,False,True,OMM,,True,True,True,True,True,True
3OOF,FXR,SUCCESS,2,2,A:230;C:230,B:12;D:13,B:DHQLLRYLLDKD;D:KDHQLLRYLLDKD,True,False,B:LRYLL:5;D:LRYLL:6,,0,False,True,OOF,,True,True,True,True,True,True
3P89,FXR,SUCCESS,1,1,A:223,B:11,B:DHQLLRYLLDK,True,False,B:LRYLL:5,,0,False,True,89P,,True,True,True,True,True,True
3RUT,FXR,SUCCESS,1,1,A:229,B:11,B:DHQLLRYLLDK,True,False,B:LRYLL:5,,0,False,True,59G,,True,True,True,True,True,True
3OOK,FXR,SUCCESS,2,2,A:230;C:230,B:12;D:11,B:DHQLLRYLLDKD;D:HQLLRYLLDKD,True,False,B:LRYLL:5;D:LRYLL:4,,0,False,True,OOK,,True,True,True,True,True,True
3RVF,FXR,SUCCESS,1,1,A:228,B:11,B:DHQLLRYLLDK,True,False,B:LRYLL:5,,0,False,True,034,,True,True,True,True,True,True
3RUU,FXR,SUCCESS,1,1,A:229,B:11,B:DHQLLRYLLDK,True,False,B:LRYLL:5,,0,False,True,37G,,True,True,True,True,True,True
4WVD,FXR,SUCCESS,2,2,A:210;B:208,C:16;D:17,C:NLGLEDIIRKALMGSF;D:SNLGLEDIIRKALMGSF,False,True,,C:LEDII:4;D:LEDII:5,0,False,True,IVM,,True,True,True,True,True,True
5ICK,FXR,SUCCESS,2,2,A:229;B:229,C:11;D:10,C:NALLRYLLDKD;D:NALLRYLLDK,True,False,C:LRYLL:4;D:LRYLL:4,,0,False,True,FEZ,,True,True,True,True,True,True
5IAW,FXR,SUCCESS,2,2,A:228;B:227,C:10;D:10,C:NALLRYLLDK;D:NALLRYLLDK,True,False,C:LRYLL:4;D:LRYLL:4,,0,False,True,T73,,True,True,True,True,True,True
5Q0I,FXR,SUCCESS,1,1,A:227,B:12,B:PSLLKKLLLAPA,True,False,B:LKKLL:4,,0,False,True,0X0,,True,True,True,True,True,True
4QE8,FXR,SUCCESS,2,2,A:224;B:223,C:13;D:12,C:KENALLRYLLDKD;D:ENALLRYLLDKD,True,False,C:LRYLL:6;D:LRYLL:5,,0,False,True,31D;MRD,,True,True,True,True,True,True
5Q0K,FXR,SUCCESS,1,1,A:224,B:13,B:KDHQLLRYLLDKD,True,False,B:LRYLL:6,,0,False,False,,,True,True,True,True,True,True
5Q0J,FXR,SUCCESS,2,2,A:230;C:230,B:11;D:10,B:DHQLLRYLLDK;D:HQLLRYLLDK,True,False,B:LRYLL:5;D:LRYLL:4,,0,False,True,9KV,,True,True,True,True,True,True
5Q0L,FXR,SUCCESS,2,2,A:221;C:220,B:11;D:12,B:DHQLLRYLLDK;D:DHQLLRYLLDKD,True,False,B:LRYLL:5;D:LRYLL:5,,0,False,True,9KY;MSE,,True,True,True,True,True,True
5Q0M,FXR,SUCCESS,1,1,A:223,B:10,B:HQLLRYLLDK,True,False,B:LRYLL:4,,0,False,True,9L1,,True,True,True,True,True,True
5Q0O,FXR,SUCCESS,2,2,A:230;C:232,B:12;D:11,B:DHQLLRYLLDKD;D:HQLLRYLLDKD,True,False,B:LRYLL:5;D:LRYLL:4,,0,False,True,9L7,,True,True,True,True,True,True
5Q0R,FXR,SUCCESS,1,1,A:224,B:12,B:DHQLLRYLLDKD,True,False,B:LRYLL:5,,0,False,True,9LG,,True,True,True,True,True,True
5Q0N,FXR,SUCCESS,2,2,A:229;C:228,B:11;D:11,B:DHQLLRYLLDK;D:HQLLRYLLDKD,True,False,B:LRYLL:5;D:LRYLL:4,,0,False,True,9L4,,True,True,True,True,True,True
5Q0T,FXR,SUCCESS,1,1,A:222,B:11,B:DHQLLRYLLDK,True,False,B:LRYLL:5,,0,False,True,9LM,,True,True,True,True,True,True
5Q0Q,FXR,SUCCESS,2,2,A:221;C:223,B:9;D:12,B:QLLRYLLDK;D:KDHQLLRYLLDK,True,False,B:LRYLL:3;D:LRYLL:6,,0,False,True,9LD,,True,True,True,True,True,True
5Q0P,FXR,SUCCESS,2,2,A:230;C:230,B:12;D:14,B:DHQLLRYLLDKD;D:KDHQLLRYLLDKDE,True,False,B:LRYLL:5;D:LRYLL:6,,0,False,True,9LA,,True,True,True,True,True,True
5Q0S,FXR,SUCCESS,2,2,A:230;C:230,B:11;D:10,B:DHQLLRYLLDK;D:HQLLRYLLDK,True,False,B:LRYLL:5;D:LRYLL:4,,0,False,True,9LJ,,True,True,True,True,True,True
5Q0X,FXR,SUCCESS,1,1,A:222,B:13,B:KDHQLLRYLLDKD,True,False,B:LRYLL:6,,0,False,True,643,,True,True,True,True,True,True
5Q0U,FXR,SUCCESS,2,2,A:230;C:230,B:12;D:11,B:DHQLLRYLLDKD;D:HQLLRYLLDKD,True,False,B:LRYLL:5;D:LRYLL:4,,0,False,True,9LP,,True,True,True,True,True,True
5Q0W,FXR,SUCCESS,1,1,A:228,B:12,B:DHQLLRYLLDKD,True,False,B:LRYLL:5,,0,False,True,9LV,,True,True,True,True,True,True
5Q10,FXR,SUCCESS,1,1,A:227,B:10,B:HQLLRYLLDK,True,False,B:LRYLL:4,,0,False,True,9M4,,True,True,True,True,True,True
5Q0V,FXR,SUCCESS,2,2,A:230;C:230,B:13;D:11,B:KDHQLLRYLLDKD;D:HQLLRYLLDKD,True,False,B:LRYLL:6;D:LRYLL:4,,0,False,True,9LS,,True,True,True,True,True,True
5Q0Y,FXR,SUCCESS,2,2,A:230;C:230,B:11;D:11,B:DHQLLRYLLDK;D:HQLLRYLLDKD,True,False,B:LRYLL:5;D:LRYLL:4,,0,False,True,9LY,,True,True,True,True,True,True
5Q11,FXR,SUCCESS,1,1,A:221,B:12,B:DHQLLRYLLDKD,True,False,B:LRYLL:5,,0,False,True,9M7,,True,True,True,True,True,True
5Q12,FXR,SUCCESS,1,1,A:228,B:11,B:HQLLRYLLDKD,True,False,B:LRYLL:4,,0,False,True,9MA,,True,True,True,True,True,True
5Q0Z,FXR,SUCCESS,2,2,A:230;C:230,B:11;D:11,B:DHQLLRYLLDK;D:DHQLLRYLLDK,True,False,B:LRYLL:5;D:LRYLL:5,,0,False,True,9M1,,True,True,True,True,True,True
5Q13,FXR,SUCCESS,2,2,A:232;C:230,B:10;D:11,B:QLLRYLLDKD;D:DHQLLRYLLDK,True,False,B:LRYLL:3;D:LRYLL:5,,0,False,True,9MD,,True,True,True,True,True,True
5Q17,FXR,SUCCESS,1,1,A:224,B:12,B:ENALLRYLLDKD,True,False,B:LRYLL:5,,0,False,True,9MV,,True,True,True,True,True,True
5Q15,FXR,SUCCESS,2,2,A:230;C:229,B:11;D:10,B:DHQLLRYLLDK;D:HQLLRYLLDK,True,False,B:LRYLL:5;D:LRYLL:4,,0,False,True,9MP,,True,True,True,True,True,True
5Q14,FXR,SUCCESS,2,2,A:230;C:230,B:12;D:11,B:DHQLLRYLLDKD;D:HQLLRYLLDKD,True,False,B:LRYLL:5;D:LRYLL:4,,0,False,True,9MM,,True,True,True,True,True,True
5Q16,FXR,SUCCESS,2,2,A:230;C:230,B:10;D:9,B:DHQLLRYLLD;D:QLLRYLLDK,True,False,B:LRYLL:5;D:LRYLL:3,,0,False,True,9MS,,True,True,True,True,True,True
5Q18,FXR,SUCCESS,2,2,A:230;C:230,B:12;D:11,B:DHQLLRYLLDKD;D:HQLLRYLLDKD,True,False,B:LRYLL:5;D:LRYLL:4,,0,False,True,9MY,,True,True,True,True,True,True
5Q19,FXR,SUCCESS,2,2,A:230;C:230,B:11;D:10,B:DHQLLRYLLDK;D:HQLLRYLLDK,True,False,B:LRYLL:5;D:LRYLL:4,,0,False,True,9N1,,True,True,True,True,True,True
5Q1A,FXR,SUCCESS,2,2,A:230;C:229,B:12;D:10,B:KDHQLLRYLLDK;D:HQLLRYLLDK,True,False,B:LRYLL:6;D:LRYLL:4,,0,False,True,9N4,,True,True,True,True,True,True
5Q1E,FXR,SUCCESS,1,1,A:224,B:11,B:DHQLLRYLLDK,True,False,B:LRYLL:5,,0,False,True,9NG,,True,True,True,True,True,True
5Q1B,FXR,SUCCESS,2,2,A:230;C:230,B:12;D:11,B:DHQLLRYLLDKD;D:HQLLRYLLDKD,True,False,B:LRYLL:5;D:LRYLL:4,,0,False,True,9N7,,True,True,True,True,True,True
5Q1G,FXR,SUCCESS,1,1,A:224,B:9,B:HQLLRYLLD,True,False,B:LRYLL:4,,0,False,True,9NM,,True,True,True,True,True,True
5Q1C,FXR,SUCCESS,2,2,A:229;C:228,B:11;D:10,B:HQLLRYLLDKD;D:HQLLRYLLDK,True,False,B:LRYLL:4;D:LRYLL:4,,0,False,True,9NA,,True,True,True,True,True,True
5Y44,FXR,SUCCESS,1,1,A:224,B:11,B:EHQLLRYLLDK,True,False,B:LRYLL:5,,0,False,True,XD4,,True,True,True,True,True,True
5Y1J,FXR,SUCCESS,1,1,A:226,U:10,U:NALLRYLLDK,True,False,U:LRYLL:4,,0,False,True,D5H,,True,True,True,True,True,True
5Q1D,FXR,SUCCESS,2,2,A:230;C:230,B:11;D:11,B:KDHQLLRYLLD;D:HQLLRYLLDKD,True,False,B:LRYLL:6;D:LRYLL:4,,0,False,True,9ND,,True,True,True,True,True,True
5Q1I,FXR,SUCCESS,1,1,A:227,B:12,B:DHQLLRYLLDKD,True,False,B:LRYLL:5,,0,False,True,9O1,,True,True,True,True,True,True
5WZX,FXR,SUCCESS,2,2,A:210;B:212,C:12;D:11,C:ENALLRYLLDKD;D:NALLRYLLDKD,True,False,C:LRYLL:5;D:LRYLL:4,,0,False,True,7VX;BU3,,True,True,True,True,True,True
5Y49,FXR,SUCCESS,2,2,A:224;B:227,D:11;E:10,D:ENLLLRYLLDK;E:ENLLLRYLLD,True,False,D:LRYLL:5;E:LRYLL:5,,0,False,True,XD5,,True,True,True,True,True,True
5Q1F,FXR,SUCCESS,2,2,A:229;C:229,B:11;D:10,B:DHQLLRYLLDK;D:HQLLRYLLDK,True,False,B:LRYLL:5;D:LRYLL:4,,0,False,True,9NJ,,True,True,True,True,True,True
5YXB,FXR,SUCCESS,1,1,A:223,B:11,B:ENALLRYLLDK,True,False,B:LRYLL:5,,0,False,True,93O,,True,True,True,True,True,True
5YXD,FXR,SUCCESS,1,1,A:229,B:11,B:NEALLRYLLDK,True,False,B:LRYLL:5,,0,False,True,93R,,True,True,True,True,True,True
5YXJ,FXR,SUCCESS,2,2,A:225;B:220,C:11;D:11,C:ENALLRYLLDK;D:ENALLRYLLDK,True,False,C:LRYLL:5;D:LRYLL:5,,0,False,True,93U,,True,True,True,True,True,True
5YXL,FXR,SUCCESS,2,2,A:220;C:210,B:7;D:8,B:ALLRYLL;D:ALLRYLLD,True,False,B:LRYLL:3;D:LRYLL:3,,0,False,True,NIW,,True,True,True,True,True,True
6A5X,FXR,SUCCESS,1,1,A:229,B:11,B:DHQLLRYLLDK,True,False,B:LRYLL:5,,0,False,True,9R3,,True,True,True,True,True,True
6A5Y,FXR,SUCCESS,2,2,A:228;D:211,B:10;F:13,B:HKILHRLLQE;F:RHKILHRLLQEGS,True,False,B:LHRLL:4;F:LHRLL:5,,0,False,True,9CR;9R0,,True,True,True,True,True,True
6A5W,FXR,SUCCESS,2,2,A:228;C:228,B:12;D:12,B:DHQLLRYLLDKD;D:DHQLLRYLLDKD,True,False,B:LRYLL:5;D:LRYLL:5,,0,False,True,9R0,,True,True,True,True,True,True
5Z12,FXR,SUCCESS,4,4,A:223;C:203;D:223;B:217,F:9;J:6;H:6;I:9,F:HKILHRLLQ;J:HKILHR;H:HKILHR;I:HKILHRLLQ,True,False,F:LHRLL:4;I:LHRLL:4,,0,False,True,33Y;9CR,,True,True,True,True,True,True
5Q1H,FXR,SUCCESS,4,4,A:229;C:228;E:230;G:229,B:11;D:10;F:9;H:10,B:DHQLLRYLLDK;D:HQLLRYLLDK;F:HQLLRYLLD;H:HQLLRYLLDK,True,False,B:LRYLL:5;D:LRYLL:4;F:LRYLL:4;H:LRYLL:4,,0,False,True,9NP,,True,True,True,True,True,True
6A60,FXR,SUCCESS,2,2,A:219;D:210,B:8;F:11,B:KILHRLLQ;F:RHKILHRLLQE,True,False,B:LHRLL:3;F:LHRLL:5,,0,False,True,064;9CR,,True,True,True,True,True,True
6HL1,FXR,SUCCESS,1,1,A:225,B:13,B:KENALLRYLLDKD,True,False,B:LRYLL:6,,0,False,True,JN3,,True,True,True,True,True,True
6HL0,FXR,SUCCESS,1,1,A:231,B:13,B:KENALLRYLLDKD,True,False,B:LRYLL:6,,0,False,False,,,True,True,True,True,True,True
6A5Z,FXR,SUCCESS,4,4,A:220;D:212;H:224;L:208,E:15;F:11;G:11;I:9,E:ERHKILHRLLQEGSP;F:HKILHRLLQEG;G:RHKILHRLLQE;I:HKILHRLLQ,True,False,E:LHRLL:6;F:LHRLL:4;G:LHRLL:5;I:LHRLL:4,,0,False,True,9CR;9R3,,True,True,True,True,True,True
7VUE,FXR,SUCCESS,1,1,A:226,B:11,B:ENALLRYLLDK,True,False,B:LRYLL:5,,0,False,True,811,,True,True,True,True,True,True
7D42,FXR,SUCCESS,1,1,A:225,B:11,B:ENALLRYLLDK,True,False,B:LRYLL:5,,0,False,True,GWF,,True,True,True,True,True,True
7TRB,FXR,SUCCESS,2,2,A:225;B:221,C:11;D:11,C:HQLLRYLLDKD;D:DHQLLRYLLDK,True,False,C:LRYLL:4;D:LRYLL:5,,0,False,True,IUS,,True,True,True,True,True,True
6ITM,FXR,SUCCESS,2,2,A:225;C:228,B:12;D:12,B:DHQLLRYLLDKD;D:DHQLLRYLLDKD,True,False,B:LRYLL:5;D:LRYLL:5,,0,False,True,AWL,,True,True,True,True,True,True
9VBQ,FXR,SUCCESS,1,1,A:228,B:12,B:DHQLLRYLLDKD,True,False,B:LRYLL:5,,0,False,True,A1ERH,,True,True,True,True,True,True
9H65,FXR,SUCCESS,2,2,A:229;B:224,C:13;D:10,C:KENALLRYLLDKD;D:ALLRYLLDKD,True,False,C:LRYLL:6;D:LRYLL:3,,0,False,True,RJC,,True,True,True,True,True,True
9LQ3,FXR,SUCCESS,1,1,A:224,C:11,C:HKILHRLLQDS,True,False,C:LHRLL:4,,0,False,True,A1ELK,,True,True,True,True,True,True
9WF5,FXR,SUCCESS,2,2,A:213;B:214,C:11;D:10,C:QLLRYLLDKDE;D:DHQLLRYLLD,True,False,C:LRYLL:3;D:LRYLL:5,,0,False,True,A1EVX,,True,True,True,True,True,True
9H66,FXR,SUCCESS,4,6,A:228;B:229;C:227;D:229,E:12;F:11;G:13;H:11;I:11;J:12,E:ENALLRYLLDKD;F:ENALLRYLLDK;G:KENALLRYLLDKD;H:ENALLRYLLDK;I:KENALLRYLLD;J:KENALLRYLLDK,True,False,E:LRYLL:5;F:LRYLL:5;G:LRYLL:6;H:LRYLL:5;I:LRYLL:6;J:LRYLL:6,,0,False,True,R3U,,True,True,True,True,True,True
3BQD,GR,SUCCESS,1,1,A:253,B:11,B:QKSLLQQLLTE,True,False,B:LQQLL:5,,0,False,True,DAY,,True,True,True,True,True,True
3CLD,GR,SUCCESS,2,2,A:243;B:241,H:9;C:9,H:NALLRYLLD;C:NALLRYLLD,True,False,H:LRYLL:4;C:LRYLL:4,,0,False,True,GW6,,True,True,True,True,True,True
1M2Z,GR,SUCCESS,2,2,A:255;D:253,B:21;E:21,B:PVSPKKKENALLRYLLDKDDT;E:PVSPKKKENALLRYLLDKDDT,True,False,B:LRYLL:12;E:LRYLL:12,,0,False,True,BOG;DEX,,True,True,True,True,True,True
1P93,GR,SUCCESS,4,4,A:247;B:245;C:247;D:247,E:9;F:9;G:9;H:9,E:ALLRYLLDK;F:ALLRYLLDK;G:ALLRYLLDK;H:ALLRYLLDK,True,False,E:LRYLL:3;F:LRYLL:3;G:LRYLL:3;H:LRYLL:3,,0,False,True,DEX,,True,True,True,True,True,True
3K22,GR,SUCCESS,2,2,A:250;B:250,H:11;D:12,H:ENALLRYLLDK;D:KENALLRYLLDK,True,False,H:LRYLL:5;D:LRYLL:6,,0,False,True,JZR;JZS,,True,True,True,True,True,True
4CSJ,GR,SUCCESS,1,1,A:247,B:13,B:ENALLRYLLDKDD,True,False,B:LRYLL:5,,0,False,True,NN7,,True,True,True,True,True,True
3K23,GR,SUCCESS,3,3,A:245;B:247;C:246,D:9;E:10;F:10,D:ALLRYLLDK;E:NALLRYLLDK;F:ENALLRYLLD,True,False,D:LRYLL:3;E:LRYLL:4;F:LRYLL:5,,0,False,True,JZN,,True,True,True,True,True,True
3E7C,GR,SUCCESS,2,2,A:248;B:245,H:11;D:10,H:ENALLRYLLDK;D:NALLRYLLDK,True,False,H:LRYLL:5;D:LRYLL:4,,0,False,True,866,,True,True,True,True,True,True
3H52,GR,SUCCESS,4,2,A:247;B:249;C:237;D:234,N:15;M:10,N:NLGLEDIIRKALMGS;M:DIIRKALMGS,False,True,,N:LEDII:4,0,False,True,486,,True,True,True,True,True,True
4LSJ,GR,SUCCESS,1,1,A:244,B:10,B:SSRLWELLME,True,False,B:LWELL:4,,0,False,True,LSJ,,True,True,True,True,True,True
4P6W,GR,SUCCESS,1,1,A:252,B:12,B:ANALLRYLLDKD,True,False,B:LRYLL:5,,0,False,True,MOF,,True,True,True,True,True,True
4MDD,GR,SUCCESS,2,2,A:247;B:220,C:13;D:12,C:LGLEDIIRKALMG;D:GLEDIIRKALMG,False,True,,C:LEDII:3;D:LEDII:2,0,False,True,29M,,True,True,True,True,True,True
4UDC,GR,SUCCESS,1,1,A:248,B:13,B:ENALLRYLLDKDD,True,False,B:LRYLL:5,,0,False,True,CPS;DEX,,True,True,True,True,True,True
4UDD,GR,SUCCESS,1,1,A:249,B:13,B:ENALLRYLLDKDD,True,False,B:LRYLL:5,,0,False,True,CPS;CV7,,True,True,True,True,True,True
5G3J,GR,SUCCESS,1,1,A:248,B:13,B:ENALLRYLLDKDD,True,False,B:LRYLL:5,,0,False,True,CPS;E7T,,True,True,True,True,True,True
5NFT,GR,SUCCESS,1,1,A:248,B:13,B:ENALLRYLLDKDD,True,False,B:LRYLL:5,,0,False,True,8W8,,True,True,True,True,True,True
5G5W,GR,SUCCESS,1,1,A:247,B:13,B:ENALLRYLLDKDD,True,False,B:LRYLL:5,,0,False,True,R8C,,True,True,True,True,True,True
4P6X,GR,SUCCESS,6,6,A:252;C:255;E:255;G:254;I:255;K:255,B:12;D:14;F:14;H:13;J:12;L:14,B:NALLRYLLDKDD;D:KENALLRYLLDKDD;F:KENALLRYLLDKDD;H:ENALLRYLLDKDD;J:NALLRYLLDKDD;L:KENALLRYLLDKDD,True,False,B:LRYLL:4;D:LRYLL:6;F:LRYLL:6;H:LRYLL:5;J:LRYLL:4;L:LRYLL:6,,0,False,True,HCY,,True,True,True,True,True,True
5NFP,GR,SUCCESS,1,1,A:247,B:13,B:ENALLRYLLDKDD,True,False,B:LRYLL:5,,0,False,True,8W5;CPS,,True,True,True,True,True,True
6EL6,GR,SUCCESS,1,1,A:247,B:13,B:ENALLRYLLDKDD,True,False,B:LRYLL:5,,0,False,True,B9Q,,True,True,True,True,True,True
6EL7,GR,SUCCESS,1,1,A:247,B:13,B:ENALLRYLLDKDD,True,False,B:LRYLL:5,,0,False,True,B9T,,True,True,True,True,True,True
6EL9,GR,SUCCESS,1,1,A:247,B:13,B:ENALLRYLLDKDD,True,False,B:LRYLL:5,,0,False,True,B9W,,True,True,True,True,True,True
6YOS,GR,SUCCESS,2,1,A:224;B:219,C:16,C:IVPALPQLYRQSANLL,False,False,,,0,False,True,SEP;TPO,,True,True,True,True,False,False
6YMO,GR,SUCCESS,2,2,A:230;B:230,C:4;D:5,C:SANL;D:QSANL,False,False,,,0,False,True,SAL;SEP,,True,True,True,True,False,False
7PRX,GR,SUCCESS,1,1,A:248,B:19,B:PPQEAEEPSLLKKLLLAPA,True,False,B:LKKLL:11,,0,False,True,82H,,True,True,True,True,True,True
8A9G,GR,SUCCESS,2,2,A:230;B:230,C:11;D:12,C:TIVPALPQLTP;D:KTIVPALPQLTP,False,False,,,0,False,True,BTB;QJK;TPO,,True,True,True,True,False,False
6YO8,GR,SUCCESS,4,4,A:230;B:230;C:225;D:230,E:11;F:11;G:10;H:10,E:TIVPALPQLTP;F:TIVPALPQLTP;G:IVPALPQLTP;H:IVPALPQLTP,False,False,,,0,False,True,TPO,,True,True,True,True,False,False
1PZL,HNF4A,SUCCESS,1,1,A:227,B:14,B:HKILHRLLQEGSPS,True,False,B:LHRLL:4,,0,False,True,MYR,,True,True,True,True,True,True
3FS1,HNF4A,SUCCESS,1,1,A:230,B:9,B:AALAALLAA,True,False,B:LAALL:3,,0,False,True,MYR,,True,True,True,True,True,True
8VKZ,GR,SUCCESS,2,2,A:240;B:238,D:9;E:10,D:NALLRYLLD;E:ENALLRYLLD,True,False,D:LRYLL:4;E:LRYLL:5,,0,False,True,A1ACE,,True,True,True,True,True,True
8C1L,HNF4A,SUCCESS,2,2,A:213;B:216,D:9;E:8,D:HKILHRLLQ;E:KILHRLLQ,True,False,D:LHRLL:4;E:LHRLL:3,,0,False,True,PLM,,True,True,True,True,True,True
9IBR,HNF4A,SUCCESS,1,1,A:227,B:7,B:KILHRLL,True,False,B:LHRLL:3,,0,False,True,A1I1W,,True,True,True,True,True,True
1YOK,LRH1,SUCCESS,1,2,A:236,B:11;C:14,B:NALLRYLLDKD;C:KENALLRYLLDKDD,True,False,B:LRYLL:4;C:LRYLL:6,,0,False,True,P6L,,True,True,True,True,True,True
1ZDU,LRH1,SUCCESS,1,2,A:233,P:11;Q:10,P:ENALLRYLLDK;Q:NALLRYLLDK,True,False,P:LRYLL:5;Q:LRYLL:4,,0,False,True,P3A,,True,True,True,True,True,True
1YUC,LRH1,SUCCESS,2,2,A:240;B:240,C:14;D:11,C:ASRPAILYALLSSS;D:RPAILYALLSS,True,False,C:LYALL:7;D:LYALL:5,,0,False,True,EPH,,True,True,True,True,True,True
3PLZ,LRH1,SUCCESS,2,2,A:231;B:240,C:12;D:12,C:KENALLRYLLDK;D:KENALLRYLLDK,True,False,C:LRYLL:6;D:LRYLL:6,,0,False,True,470,,True,True,True,True,True,True
4DOR,LRH1,SUCCESS,2,2,A:216;B:240,C:12;D:10,C:SRPAILYALLSS;D:PAILYALLSS,True,False,C:LYALL:6;D:LYALL:4,,0,False,True,EPH,,True,True,True,True,True,True
4DOS,LRH1,SUCCESS,1,2,A:242,B:10;C:11,B:NALLRYLLDK;C:ENALLRYLLDK,True,False,B:LRYLL:4;C:LRYLL:5,,0,False,True,1PE;PLC,,True,True,True,True,True,True
4RWV,LRH1,SUCCESS,1,1,A:242,B:15,B:PRQGSILYSLLTSSK,True,False,B:LYSLL:7,,0,False,True,CSO;PIZ,,True,True,True,True,True,True
4ONI,LRH1,SUCCESS,2,2,A:241;B:242,C:16;D:10,C:GAASRPAILYALLSSS;D:PAILYALLSS,True,False,C:LYALL:9;D:LYALL:4,,0,False,True,EPH;P6L;PG4,,True,True,True,True,True,True
4PLD,LRH1,SUCCESS,1,1,A:239,B:11,B:NALLRYLLDKD,True,False,B:LRYLL:4,,0,False,True,CPS,,True,True,True,True,True,True
5L11,LRH1,SUCCESS,1,1,A:234,C:11,C:NALLRYLLDKD,True,False,C:LRYLL:4,,0,False,True,RJW,,True,True,True,True,True,True
5SYZ,LRH1,SUCCESS,1,1,A:237,C:11,C:NALLRYLLDKD,True,False,C:LRYLL:4,,0,False,True,71W,,True,True,True,True,True,True
5UNJ,LRH1,SUCCESS,1,1,A:227,C:9,C:SLLKKLLLA,True,False,C:LKKLL:3,,0,False,True,RJW,,True,True,True,True,True,True
6OQX,LRH1,SUCCESS,1,1,A:239,C:11,C:NALLRYLLDKD,True,False,C:LRYLL:4,,0,False,True,N1V,,True,True,True,True,True,True
6OR1,LRH1,SUCCESS,1,1,A:235,C:11,C:NALLRYLLDKD,True,False,C:LRYLL:4,,0,False,True,N27,,True,True,True,True,True,True
6OQY,LRH1,SUCCESS,1,1,A:237,C:11,C:NALLRYLLDKD,True,False,C:LRYLL:4,,0,False,True,N2J,,True,True,True,True,True,True
6VC2,LRH1,SUCCESS,1,1,A:236,C:12,C:NALLRYLLDKDD,True,False,C:LRYLL:4,,0,False,True,QU7,,True,True,True,True,True,True
6CHT,HNF4A,SUCCESS,16,4,A:210;B:205;D:214;E:204;G:209;H:202;J:209;K:202;M:201;N:193;P:200;Q:196;S:201;T:192;V:202;W:192,C:7;F:7;I:7;L:8,C:AELKALL;F:AELKALL;I:AELKALL;L:AELKALLQ,True,False,C:LKALL:3;F:LKALL:3;I:LKALL:3;L:LKALL:3,,0,False,True,DAO,,True,True,True,True,True,True
6VIF,LRH1,SUCCESS,1,1,A:235,B:11,B:NALLRYLLDKD,True,False,B:LRYLL:4,,0,False,True,QY4,,True,True,True,True,True,True
7JYD,LRH1,SUCCESS,1,1,A:240,C:10,C:NALLRYLLDK,True,False,C:LRYLL:4,,0,False,True,VQA,,True,True,True,True,True,True
4PLE,LRH1,SUCCESS,4,4,A:241;C:239;E:241;G:241,B:9;D:10;F:10;H:10,B:NALLRYLLD;D:NALLRYLLDK;F:NALLRYLLDK;H:NALLRYLLDK,True,False,B:LRYLL:4;D:LRYLL:4;F:LRYLL:4;H:LRYLL:4,,0,False,True,CPS;EPH,,True,True,True,True,True,True
7JYE,LRH1,SUCCESS,1,1,A:242,C:10,C:NALLRYLLDK,True,False,C:LRYLL:4,,0,False,True,VQY,,True,True,True,True,True,True
8F8M,LRH1,SUCCESS,1,1,A:240,B:11,B:NALLRYLLDKD,True,False,B:LRYLL:4,,0,False,True,XKE,,True,True,True,True,True,True
9SMQ,LRH1,SUCCESS,1,2,A:239,C:13;E:13,C:ENALLRYLLDKDD;E:ENALLRYLLDKDD,True,False,C:LRYLL:5;E:LRYLL:5,,0,False,True,A1JOT,,True,True,True,True,True,True
3IPQ,LXR_ALPHA,SUCCESS,1,1,A:220,B:15,B:SLTERHKILHRLLQE,True,False,B:LHRLL:9,,0,False,True,965,,True,True,True,True,True,True
7TT8,LRH1,SUCCESS,1,1,A:235,C:10,C:NALLRYLLDK,True,False,C:LRYLL:4,,0,False,True,IUW,,True,True,True,True,True,True
1UHL,LXR_ALPHA,SUCCESS,2,2,A:214;B:219,C:9;D:10,C:HKILHRLLQ;D:HKILHRLLQD,True,False,C:LHRLL:4;D:LHRLL:4,,0,False,True,444;MEI,,True,True,True,True,True,True
3IPS,LXR_ALPHA,SUCCESS,2,2,A:224;B:226,C:15;D:15,C:SLTERHKILHRLLQE;D:SLTERHKILHRLLQE,True,False,C:LHRLL:9;D:LHRLL:9,,0,False,True,O90,,True,True,True,True,True,True
3IPU,LXR_ALPHA,SUCCESS,2,2,A:238;B:235,C:15;D:15,C:SLTERHKILHRLLQE;D:SLTERHKILHRLLQE,True,False,C:LHRLL:9;D:LHRLL:9,,0,False,True,O40,,True,True,True,True,True,True
5AVL,LXR_ALPHA,SUCCESS,1,1,A:224,B:15,B:SLTERHKILHRLLQE,True,False,B:LHRLL:9,,0,False,True,4KQ,,True,True,True,True,True,True
5HJS,LXR_ALPHA,SUCCESS,2,2,A:226;B:226,C:15;D:15,C:SLTERHKILHRLLQE;D:SLTERHKILHRLLQE,True,False,C:LHRLL:9;D:LHRLL:9,,0,False,True,668,,True,True,True,True,True,True
5AVI,LXR_ALPHA,SUCCESS,2,2,A:228;C:226,B:15;D:15,B:SLTERHKILHRLLQE;D:SLTERHKILHRLLQE,True,False,B:LHRLL:9;D:LHRLL:9,,0,False,True,4KM,,True,True,True,True,True,True
1P8D,LXR_BETA,SUCCESS,2,2,A:240;B:239,C:16;D:13,C:SLTERHKILHRLLQEG;D:RHKILHRLLQEGS,True,False,C:LHRLL:9;D:LHRLL:5,,0,False,True,CO1,,True,True,True,True,True,True
3L0E,LXR_BETA,SUCCESS,1,1,A:243,B:12,B:KENALLRYLLDK,True,False,B:LRYLL:6,,0,False,True,G58,,True,True,True,True,True,True
4DK7,LXR_BETA,SUCCESS,2,2,A:229;C:224,B:12;D:12,B:DHQLLRYLLDKD;D:DHQLLRYLLDKD,True,False,B:LRYLL:5;D:LRYLL:5,,0,False,True,0KS;MSE,,True,True,True,True,True,True
4DK8,LXR_BETA,SUCCESS,2,2,A:233;C:229,B:12;D:12,B:DHQLLRYLLDKD;D:DHQLLRYLLDKD,True,False,B:LRYLL:5;D:LRYLL:5,,0,False,True,0KT,,True,True,True,True,True,True
2A3I,MR,SUCCESS,1,1,A:253,B:12,B:QQKSLLQQLLTE,True,False,B:LQQLL:6,,0,False,True,C0R,,True,True,True,True,True,True
4UDA,MR,SUCCESS,1,1,A:242,B:10,B:KSLLQQLLTE,True,False,B:LQQLL:4,,0,False,True,DEX,,True,True,True,True,True,True
4UDB,MR,SUCCESS,1,1,A:244,B:12,B:QQKSLLQQLLTE,True,False,B:LQQLL:6,,0,False,True,CV7,,True,True,True,True,True,True
5L7E,MR,SUCCESS,1,1,A:243,B:10,B:KSLLQQLLTE,True,False,B:LQQLL:4,,0,False,True,6Q0;MPD;NHE,,True,True,True,True,True,True
5L7G,MR,SUCCESS,1,1,A:247,B:10,B:KSLLQQLLTE,True,False,B:LQQLL:4,,0,False,True,6QE,,True,True,True,True,True,True
5L7H,MR,SUCCESS,1,1,A:249,B:10,B:KSLLQQLLTE,True,False,B:LQQLL:4,,0,False,True,6QG;NHE,,True,True,True,True,True,True
5MWP,MR,SUCCESS,1,1,A:243,B:10,B:KSLLQQLLTE,True,False,B:LQQLL:4,,0,False,True,ECV,,True,True,True,True,True,True
6GG8,MR,SUCCESS,1,1,A:242,B:10,B:KSLLQQLLTE,True,False,B:LQQLL:4,,0,False,True,EY8;MPD,,True,True,True,True,True,True
5MWY,MR,SUCCESS,1,1,A:244,B:10,B:KSLLQQLLTE,True,False,B:LQQLL:4,,0,False,True,YNU,,True,True,True,True,True,True
6GGG,MR,SUCCESS,1,1,A:233,B:12,B:QQKSLLQQLLTE,True,False,B:LQQLL:6,,0,False,True,EYN,,True,True,True,True,True,True
6GEV,MR,SUCCESS,1,1,A:247,B:10,B:KSLLQQLLTE,True,False,B:LQQLL:4,,0,False,True,EWN,,True,True,True,True,True,True
9GC7,MR,SUCCESS,1,1,A:248,B:10,B:KSLLQQLLTE,True,False,B:LQQLL:4,,0,False,True,A1IJ6;MPD;NHE,,True,True,True,True,True,True
2P54,PPARA,SUCCESS,1,1,A:267,B:12,B:ARHKILHRLLQE,True,False,B:LHRLL:6,,0,False,True,735,,True,True,True,True,True,True
2NPA,PPARA,SUCCESS,2,2,A:269;C:267,B:15;D:10,B:LTERHKILHRLLQEG;D:ERHKILHRLL,True,False,B:LHRLL:8;D:LHRLL:6,,0,False,True,MMB,,True,True,True,True,True,True
1K7L,PPARA,SUCCESS,4,4,A:267;C:267;E:267;G:267,B:13;D:13;F:13;H:13,B:ERHKILHRLLQEG;D:ERHKILHRLLQEG;F:ERHKILHRLLQEG;H:ERHKILHRLLQEG,True,False,B:LHRLL:6;D:LHRLL:6;F:LHRLL:6;H:LHRLL:6,,0,False,True,544,,True,True,True,True,True,True
1KKQ,PPARA,SUCCESS,4,4,A:269;B:269;C:269;D:269,E:19;F:19;G:19;H:19,E:NMGLEAIIRKALMGKYDQW;F:NMGLEAIIRKALMGKYDQW;G:NMGLEAIIRKALMGKYDQW;H:NMGLEAIIRKALMGKYDQW,False,True,,E:LEAII:4;F:LEAII:4;G:LEAII:4;H:LEAII:4,0,False,True,471,,True,True,True,True,True,True
3FEI,PPARA,SUCCESS,1,1,A:246,Z:8,Z:HQLLRYLL,True,False,Z:LRYLL:4,,0,False,True,CTM,,True,True,True,True,True,True
3ET1,PPARA,SUCCESS,2,2,A:263;B:270,P:15;Q:16,P:SLTERHKILHRLLQE;Q:SSLTERHKILHRLLQE,True,False,P:LHRLL:9;Q:LHRLL:10,,0,False,True,ET1,,True,True,True,True,True,True
3G8I,PPARA,SUCCESS,1,1,A:254,Z:8,Z:HQLLRYLL,True,False,Z:LRYLL:4,,0,False,True,RO7,,True,True,True,True,True,True
3SP6,PPARA,SUCCESS,1,1,A:270,B:11,B:LSLLQKLLLAT,True,False,B:LQKLL:4,,0,False,True,IL2,,True,True,True,True,True,True
5AZT,PPARA,SUCCESS,2,1,A:261;B:251,C:11,C:RHKILHRLLQE,True,False,C:LHRLL:5,,0,False,True,4M5,,True,True,True,True,True,True
6KXX,PPARA,SUCCESS,1,1,A:263,B:11,B:PSLLKKLLLAP,True,False,B:LKKLL:4,,0,False,True,T02,,True,True,True,True,True,True
6KXY,PPARA,SUCCESS,1,1,A:253,B:11,B:PSLLKKLLLAP,True,False,B:LKKLL:4,,0,False,True,T06,,True,True,True,True,True,True
6L96,PPARA,SUCCESS,2,1,A:255;B:254,C:10,C:RHKILHRLLQ,True,False,C:LHRLL:5,,0,False,True,P7F,,True,True,True,True,True,True
7BPY,PPARA,SUCCESS,2,2,A:271;C:266,B:14;D:11,B:LTERHKILHRLLQE;D:RHKILHRLLQE,True,False,B:LHRLL:8;D:LHRLL:5,,0,False,True,E0O,,True,True,True,True,True,True
7BQ1,PPARA,SUCCESS,1,1,A:261,B:10,B:RHKILHRLLQ,True,False,B:LHRLL:5,,0,False,True,PLM,,True,True,True,True,True,True
7BQ0,PPARA,SUCCESS,2,2,A:270;C:271,B:13;D:13,B:TERHKILHRLLQE;D:TERHKILHRLLQE,True,False,B:LHRLL:7;D:LHRLL:7,,0,False,True,F5A,,True,True,True,True,True,True
7BPZ,PPARA,SUCCESS,2,2,A:265;C:259,B:11;D:8,B:RHKILHRLLQE;D:KILHRLLQ,True,False,B:LHRLL:5;D:LHRLL:3,,0,False,True,PEM,,True,True,True,True,True,True
7BQ2,PPARA,SUCCESS,1,1,A:259,B:10,B:RHKILHRLLQ,True,False,B:LHRLL:5,,0,False,True,P7F,,True,True,True,True,True,True
7BQ3,PPARA,SUCCESS,1,1,A:255,B:11,B:RHKILHRLLQE,True,False,B:LHRLL:5,,0,False,True,2VN,,True,True,True,True,True,True
7BQ4,PPARA,SUCCESS,1,1,A:260,B:10,B:RHKILHRLLQ,True,False,B:LHRLL:5,,0,False,True,EPA,,True,True,True,True,True,True
7C6Q,PPARA,SUCCESS,1,1,A:264,B:8,B:KILHRLLQ,True,False,B:LHRLL:3,,0,False,True,SAU,,True,True,True,True,True,True
8HUQ,PPARA,SUCCESS,1,1,A:257,B:9,B:HKILHRLLQ,True,False,B:LHRLL:4,,0,False,True,MUO,,True,True,True,True,True,True
8HUK,PPARA,SUCCESS,2,1,A:259;C:259,B:10,B:HKILHRLLQE,True,False,B:LHRLL:4,,0,False,True,BJB,,True,True,True,True,True,True
8YT9,PPARA,SUCCESS,1,1,A:254,B:10,B:PSLLKKLLLA,True,False,B:LKKLL:4,,0,False,True,A1LZY,,True,True,True,True,True,True
8YT6,PPARA,SUCCESS,1,1,A:251,B:9,B:SLLKKLLLA,True,False,B:LKKLL:3,,0,False,True,A1LZX,,True,True,True,True,True,True
8YTL,PPARA,SUCCESS,1,1,A:253,B:10,B:PSLLKKLLLA,True,False,B:LKKLL:4,,0,False,True,A1LZ0;PGO,,True,True,True,True,True,True
8YU8,PPARA,SUCCESS,1,1,A:264,B:11,B:PSLLKKLLLAP,True,False,B:LKKLL:4,,0,False,True,A1LZ1,,True,True,True,True,True,True
8YWU,PPARA,SUCCESS,1,1,A:252,B:10,B:PSLLKKLLLA,True,False,B:LKKLL:4,,0,False,True,A1LZ9,,True,True,True,True,True,True
8YWV,PPARA,SUCCESS,1,1,A:258,B:11,B:PSLLKKLLLAP,True,False,B:LKKLL:4,,0,False,True,A1L0A,,True,True,True,True,True,True
9IWL,PPARA,SUCCESS,1,1,A:259,B:14,B:DAASKHKQLSELLR,True,False,B:LSELL:9,,0,False,True,PLM,,True,True,True,True,True,True
9IWM,PPARA,SUCCESS,1,1,A:263,B:13,B:NTKNHPMLMNLLK,True,False,B:LMNLL:8,,0,False,True,2VN,,True,True,True,True,True,True
9IWO,PPARA,SUCCESS,1,1,A:262,B:10,B:PSLLKKLLLA,True,False,B:LKKLL:4,,0,False,True,2VN,,True,True,True,True,True,True
9IWN,PPARA,SUCCESS,1,1,A:261,B:11,B:PSLLKKLLLAP,True,False,B:LKKLL:4,,0,False,True,PLM,,True,True,True,True,True,True
9IWJ,PPARA,SUCCESS,4,4,A:221;B:225;C:223;D:228,E:14;F:14;G:15;H:13,E:GLEAIIRKALMGKY;F:GLEAIIRKALMGKY;G:GLEAIIRKALMGKYD;H:LEAIIRKALMGKY,False,True,,E:LEAII:2;F:LEAII:2;G:LEAII:2;H:LEAII:1,0,False,False,,,True,True,True,True,True,True
9T5S,PPARA,SUCCESS,2,2,A:271;C:271,B:12;D:10,B:SLLKKLLLAPAN;D:SLLKKLLLAP,True,False,B:LKKLL:3;D:LKKLL:3,,0,False,True,A1JTY,,True,True,True,True,True,True
1FM9,PPARG,SUCCESS,2,2,A:232;D:272,B:10;E:16,B:HKILHRLLQE;E:ERHKILHRLLQEGSPS,True,False,B:LHRLL:4;E:LHRLL:6,,0,False,True,570;9CR,,True,True,True,True,True,True
1K74,PPARG,SUCCESS,2,2,A:232;D:272,B:10;E:16,B:HKILHRLLQE;E:ERHKILHRLLQEGSPS,True,False,B:LHRLL:4;E:LHRLL:6,,0,False,True,544;9CR,,True,True,True,True,True,True
1RDT,PPARG,SUCCESS,2,2,A:211;D:253,B:9;E:7,B:HKILHRLLQ;E:KQLSELL,True,False,B:LHRLL:4;E:LSELL:3,,0,False,True,570;L79,,True,True,True,True,True,True
1FM6,PPARG,SUCCESS,4,4,A:232;D:272;U:232;X:272,B:10;V:15;E:16;Y:13,B:HKILHRLLQE;V:ERHKILHRLLQEGSP;E:ERHKILHRLLQEGSPS;Y:TERHKILHRLLQE,True,False,B:LHRLL:4;V:LHRLL:6;E:LHRLL:6;Y:LHRLL:7,,0,False,True,9CR;BRL,,True,True,True,True,True,True
1WM0,PPARG,SUCCESS,1,1,X:272,Y:10,Y:KHKILHRLLQ,True,False,Y:LHRLL:5,,0,False,True,PLB,,True,True,True,True,True,True
1ZGY,PPARG,SUCCESS,1,1,A:272,B:12,B:PSILKKILLEEP,False,False,,,0,False,True,BRL,,True,True,True,True,False,False
2FVJ,PPARG,SUCCESS,1,1,A:258,B:10,B:HKLVQLLTTT,True,False,B:LVQLL:3,,0,False,True,RO0,,True,True,True,True,True,True
2GTK,PPARG,SUCCESS,1,1,A:258,B:10,B:HKLVQLLTTT,True,False,B:LVQLL:3,,0,False,True,208,,True,True,True,True,True,True
2HFP,PPARG,SUCCESS,1,1,A:272,B:17,B:TERHKILHRLLQEGSPS,True,False,B:LHRLL:7,,0,False,True,NSI,,True,True,True,True,True,True
2PRG,PPARG,SUCCESS,2,1,A:271;B:246,C:32,C:QTSHKLVQLLTTTERHKILHRLLQEGSPSDIT,True,False,C:LVQLL:6;C:LHRLL:19,,0,False,True,BRL,,True,True,True,True,True,True
3B1M,PPARG,SUCCESS,1,1,A:260,B:11,B:PSLLKKLLLAP,True,False,B:LKKLL:4,,0,False,True,KRC,,True,True,True,True,True,True
3CS8,PPARG,SUCCESS,1,1,A:269,B:12,B:PSLLKKLLLAPA,True,False,B:LKKLL:4,,0,False,True,BRL,,True,True,True,True,True,True
3CWD,PPARG,SUCCESS,2,2,A:257;B:260,C:16;D:16,C:ERHKILHRLLQEGSPS;D:ERHKILHRLLQEGSPS,True,False,C:LHRLL:6;D:LHRLL:6,,0,False,True,LNA;LNB,,True,True,True,True,True,True
3ET3,PPARG,SUCCESS,1,1,A:260,P:16,P:HSSLTERHKILHRLLQ,True,False,P:LHRLL:11,,0,False,True,ET1,,True,True,True,True,True,True
3FEJ,PPARG,SUCCESS,1,1,A:258,B:10,B:HKLVQLLTTT,True,False,B:LVQLL:3,,0,False,True,CTM,,True,True,True,True,True,True
3FUR,PPARG,SUCCESS,1,1,A:256,H:12,H:TSHKLVQLLTTT,True,False,H:LVQLL:5,,0,False,True,Z12,,True,True,True,True,True,True
3G9E,PPARG,SUCCESS,1,1,A:258,B:10,B:HKLVQLLTTT,True,False,B:LVQLL:3,,0,False,True,RO7,,True,True,True,True,True,True
3H0A,PPARG,SUCCESS,2,2,A:210;D:265,B:11;E:12,B:TSHKLVQLLTT;E:TSHKLVQLLTTT,True,False,B:LVQLL:5;E:LVQLL:5,,0,False,True,9RA;D30,,True,True,True,True,True,True
3LMP,PPARG,SUCCESS,1,1,A:264,C:11,C:RHKILHRLLQE,True,False,C:LHRLL:5,,0,False,True,CEK,,True,True,True,True,True,True
3KMG,PPARG,SUCCESS,2,2,A:259;D:256,B:11;E:18,B:ERHKILHRLLQ;E:SLTERHKILHRLLQEGSP,True,False,B:LHRLL:6;E:LHRLL:9,,0,False,True,538,,True,True,True,True,True,True
3QT0,PPARG,SUCCESS,1,1,A:267,C:12,C:ERHKILHRLLQE,True,False,C:LHRLL:6,,0,False,True,486,,True,True,True,True,True,True
3S9S,PPARG,SUCCESS,1,1,A:258,B:10,B:RHKILHRLLQ,True,False,B:LHRLL:5,,0,False,True,M0T,,True,True,True,True,True,True
3V9T,PPARG,SUCCESS,1,1,A:258,C:10,C:SLLKKLLLAP,True,False,C:LKKLL:3,,0,False,True,17L,,True,True,True,True,True,True
3U9Q,PPARG,SUCCESS,1,1,A:257,B:9,B:SLLKKLLLA,True,False,B:LKKLL:3,,0,False,True,DKA,,True,True,True,True,True,True
3V9V,PPARG,SUCCESS,1,1,A:258,C:11,C:PSLLKKLLLAP,True,False,C:LKKLL:4,,0,False,True,21L,,True,True,True,True,True,True
3V9Y,PPARG,SUCCESS,1,1,A:261,B:11,B:RHKILHRLLQE,True,False,B:LHRLL:5,,0,False,True,24L,,True,True,True,True,True,True
3T03,PPARG,SUCCESS,2,2,A:265;B:249,C:8;D:13,C:HKILHRLL;D:HKILHRLLQEGSP,True,False,C:LHRLL:4;D:LHRLL:4,,0,False,True,3T0,,True,True,True,True,True,True
3VN2,PPARG,SUCCESS,1,1,A:261,C:11,C:RHKILHRLLQE,True,False,C:LHRLL:5,,0,False,True,TLS,,True,True,True,True,True,True
4F9M,PPARG,SUCCESS,1,1,A:261,C:11,C:HKILHRLLQEG,True,False,C:LHRLL:4,,0,False,True,FCM,,True,True,True,True,True,True
4FGY,PPARG,SUCCESS,1,1,A:265,B:11,B:RHKILHRLLQE,True,False,B:LHRLL:5,,0,False,True,0W3,,True,True,True,True,True,True
4HEE,PPARG,SUCCESS,1,1,X:251,Y:16,Y:TERHKILHRLLQEGSP,True,False,Y:LHRLL:7,,0,False,True,14R,,True,True,True,True,True,True
4Y29,PPARG,SUCCESS,1,1,A:257,B:10,B:KSLLQQLLTE,True,False,B:LQQLL:4,,0,False,True,CTI,,True,True,True,True,True,True
5DSH,PPARG,SUCCESS,1,1,A:258,B:9,B:HKILHRLLQ,True,False,B:LHRLL:4,,0,False,True,6BH,,True,True,True,True,True,True
5DV3,PPARG,SUCCESS,1,1,A:263,B:10,B:HKILHRLLQE,True,False,B:LHRLL:4,,0,False,True,B05,,True,True,True,True,True,True
5DV8,PPARG,SUCCESS,1,1,A:269,B:10,B:HKILHRLLQE,True,False,B:LHRLL:4,,0,False,True,T51,,True,True,True,True,True,True
5DV6,PPARG,SUCCESS,1,1,A:261,B:10,B:HKILHRLLQE,True,False,B:LHRLL:4,,0,False,True,B4H,,True,True,True,True,True,True
5DVC,PPARG,SUCCESS,1,1,A:268,B:11,B:RHKILHRLLQE,True,False,B:LHRLL:5,,0,False,True,T53,,True,True,True,True,True,True
5DWL,PPARG,SUCCESS,1,1,A:271,B:10,B:HKILHRLLQE,True,False,B:LHRLL:4,,0,False,True,3JX,,True,True,True,True,True,True
5GTO,PPARG,SUCCESS,1,1,A:267,B:11,B:RHKILHRLLQE,True,False,B:LHRLL:5,,0,False,True,MYR;T35,,True,True,True,True,True,True
5GTN,PPARG,SUCCESS,1,1,A:271,B:10,B:HKILHRLLQE,True,False,B:LHRLL:4,,0,False,True,Q35,,True,True,True,True,True,True
5GTP,PPARG,SUCCESS,1,1,A:261,B:11,B:RHKILHRLLQE,True,False,B:LHRLL:5,,0,False,True,MYR,,True,True,True,True,True,True
5TWO,PPARG,SUCCESS,1,1,A:270,B:11,B:PSLLKKLLLAP,True,False,B:LKKLL:4,,0,False,True,7MV,,True,True,True,True,True,True
5JI0,PPARG,SUCCESS,2,2,A:216;D:269,E:19;F:9,E:SLTERHKILHRLLQEGSPS;F:KILHRLLQE,True,False,E:LHRLL:9;F:LHRLL:3,,0,False,True,9CR;BRL,,True,True,True,True,True,True
5YCP,PPARG,SUCCESS,1,1,A:263,B:11,B:RHKILHRLLQE,True,False,B:LHRLL:5,,0,False,True,BRL,,True,True,True,True,True,True
5YCN,PPARG,SUCCESS,1,1,A:263,B:11,B:RHKILHRLLQE,True,False,B:LHRLL:5,,0,False,True,8LX,,True,True,True,True,True,True
6AD9,PPARG,SUCCESS,1,1,A:255,B:10,B:PSLLKKLLLA,True,False,B:LKKLL:4,,0,False,True,KK4,,True,True,True,True,True,True
5Z5S,PPARG,SUCCESS,1,1,A:260,C:10,C:SLLKKLLLAP,True,False,C:LKKLL:3,,0,False,True,RTE,,True,True,True,True,True,True
5Z6S,PPARG,SUCCESS,1,1,A:260,C:10,C:SLLKKLLLAP,True,False,C:LKKLL:3,,0,False,True,RTF,,True,True,True,True,True,True
6D94,PPARG,SUCCESS,1,1,A:271,B:15,B:GNTKNHPMLMNLLKD,True,False,B:LMNLL:9,,0,False,True,EDK,,True,True,True,True,True,True
6DGP,PPARG,SUCCESS,2,2,A:259;B:259,C:12;D:12,C:KNHPMLMNLLKD;D:KNHPMLMNLLKD,True,False,C:LMNLL:6;D:LMNLL:6,,0,False,False,,,True,True,True,True,True,True
6FZP,PPARG,SUCCESS,1,1,A:258,C:9,C:SLLKKLLLA,True,False,C:LKKLL:3,,0,False,True,EDK,,True,True,True,True,True,True
6FZF,PPARG,SUCCESS,2,2,A:271;B:275,C:13;D:13,C:EPSLLKKLLLAPA;D:EPSLLKKLLLAPA,True,False,C:LKKLL:5;D:LKKLL:5,,0,False,True,EDK,,True,True,True,True,True,True
6IJR,PPARG,SUCCESS,2,2,A:281;C:283,B:9;D:10,B:HKILHRLLQ;D:HKILHRLLQE,True,False,B:LHRLL:4;D:LHRLL:4,,0,False,True,A9C,,True,True,True,True,True,True
6IJS,PPARG,SUCCESS,1,1,A:263,B:11,B:RHKILHRLLQE,True,False,B:LHRLL:5,,0,False,True,A9F,,True,True,True,True,True,True
6ICJ,PPARG,SUCCESS,1,1,A:254,B:11,B:ERHKILHRLLQ,True,False,B:LHRLL:6,,0,False,True,A0L,,True,True,True,True,True,True
6FZJ,PPARG,SUCCESS,2,2,A:267;B:270,C:12;D:12,C:PSLLKKLLLAPA;D:PSLLKKLLLAPA,True,False,C:LKKLL:4;D:LKKLL:4,,0,False,True,EDK,,True,True,True,True,True,True
6IZM,PPARG,SUCCESS,1,1,A:266,C:10,C:SLLKKLLLAP,True,False,C:LKKLL:3,,0,False,True,B0X,,True,True,True,True,True,True
6IZN,PPARG,SUCCESS,1,1,A:265,C:10,C:SLLKKLLLAP,True,False,C:LKKLL:3,,0,False,True,B1O,,True,True,True,True,True,True
6ILQ,PPARG,SUCCESS,1,1,A:247,B:14,B:SLTERHKILHRLLQ,True,False,B:LHRLL:9,,0,False,True,AE0,,True,True,True,True,True,True
6JQ7,PPARG,SUCCESS,1,1,A:260,B:11,B:RHKILHRLLQE,True,False,B:LHRLL:5,,0,False,False,,,True,True,True,True,True,True
6KTM,PPARG,SUCCESS,1,1,A:261,B:10,B:HKILHRLLQE,True,False,B:LHRLL:4,,0,False,False,,,True,True,True,True,True,True
6KTN,PPARG,SUCCESS,1,1,A:264,B:11,B:RHKILHRLLQE,True,False,B:LHRLL:5,,0,False,True,STI,,True,True,True,True,True,True
6K0T,PPARG,SUCCESS,2,2,A:260;C:267,B:10;D:12,B:PSLLKKLLLA;D:EEPSLLKKLLLA,True,False,B:LKKLL:4;D:LKKLL:6,,0,False,True,CME;CTU,,True,True,True,True,True,True
6MS7,PPARG,SUCCESS,1,1,A:265,B:11,B:PSLLKKLLLAP,True,False,B:LKKLL:4,,0,False,True,V77,,True,True,True,True,True,True
6ONI,PPARG,SUCCESS,1,1,B:261,D:13,D:NLGLEDIIRKALM,False,True,,D:LEDII:4,0,False,True,EEY,,True,True,True,True,True,True
6ONJ,PPARG,SUCCESS,1,1,A:258,C:14,C:NTKNHPMLMNLLKD,True,False,C:LMNLL:8,,0,False,True,BRL,,True,True,True,True,True,True
6PDZ,PPARG,SUCCESS,2,2,B:262;A:256,C:13;D:12,C:NMGLEAIIRKALM;D:MGLEAIIRKALM,False,True,,C:LEAII:4;D:LEAII:3,0,False,True,EEY,,True,True,True,True,True,True
6T1V,PPARG,SUCCESS,1,1,A:268,C:10,C:PSLLKKLLLA,True,False,C:LKKLL:4,,0,False,True,EDK,,True,True,True,True,True,True
7CXF,PPARG,SUCCESS,1,1,A:272,B:11,B:RHKILHRLLQE,True,False,B:LHRLL:5,,0,False,True,MLA,,True,True,True,True,True,True
7CXI,PPARG,SUCCESS,1,1,A:261,B:11,B:RHKILHRLLQE,True,False,B:LHRLL:5,,0,False,True,MLI,,True,True,True,True,True,True
7CXH,PPARG,SUCCESS,1,1,A:274,B:11,B:RHKILHRLLQE,True,False,B:LHRLL:5,,0,False,False,,,True,True,True,True,True,True
7CXJ,PPARG,SUCCESS,1,1,A:259,B:11,B:RHKILHRLLQE,True,False,B:LHRLL:5,,0,False,False,,,True,True,True,True,True,True
7CXL,PPARG,SUCCESS,1,1,A:262,B:11,B:RHKILHRLLQE,True,False,B:LHRLL:5,,0,False,True,MLA,,True,True,True,True,True,True
7CXK,PPARG,SUCCESS,1,1,A:264,B:11,B:RHKILHRLLQE,True,False,B:LHRLL:5,,0,False,True,MLI,,True,True,True,True,True,True
7WGO,PPARG,SUCCESS,1,1,A:276,B:12,B:ERHKILHRLLQE,True,False,B:LHRLL:6,,0,False,True,PEM,,True,True,True,True,True,True
7WGP,PPARG,SUCCESS,1,1,A:269,B:11,B:RHKILHRLLQE,True,False,B:LHRLL:5,,0,False,True,F5A,,True,True,True,True,True,True
7RLE,PPARG,SUCCESS,2,2,A:262;C:263,B:18;D:14,B:VPDAASKHKQLSELLRGG;D:DAASKHKQLSELLR,True,False,B:LSELL:11;D:LSELL:9,,0,False,True,EDK,,True,True,True,True,True,True
7WGQ,PPARG,SUCCESS,1,1,A:277,B:10,B:RHKILHRLLQ,True,False,B:LHRLL:5,,0,False,True,P7F,,True,True,True,True,True,True
7SQA,PPARG,SUCCESS,2,2,A:259;B:256,C:15;D:12,C:NMGLEAIIRKALMGK;D:MGLEAIIRKALM,False,True,,C:LEAII:4;D:LEAII:3,0,False,True,A8R,,True,True,True,True,True,True
8AQM,PPARG,SUCCESS,2,2,A:255;B:254,C:13;D:12,C:NMGLEAIIRKALM;D:GLEAIIRKALMG,False,True,,C:LEAII:4;D:LEAII:2,0,False,True,O2O,,True,True,True,True,True,True
8AQN,PPARG,SUCCESS,2,2,A:276;B:251,C:21;D:12,C:STNMGLEAIIRKALMGKYDQW;D:GLEAIIRKALMG,False,True,,C:LEAII:6;D:LEAII:2,0,False,True,O0U,,True,True,True,True,True,True
8B8W,PPARG,SUCCESS,2,2,A:259;B:244,C:12;D:13,C:MGLEAIIRKALM;D:MGLEAIIRKALMG,False,True,,C:LEAII:3;D:LEAII:3,0,False,True,Q2X,,True,True,True,True,True,True
8B8Y,PPARG,SUCCESS,2,2,A:254;B:243,C:11;D:11,C:GLEAIIRKALM;D:GLEAIIRKALM,False,True,,C:LEAII:2;D:LEAII:2,0,False,True,Q33,,True,True,True,True,True,True
8B8X,PPARG,SUCCESS,2,2,A:268;B:252,C:12;D:12,C:MGLEAIIRKALM;D:GLEAIIRKALMG,False,True,,C:LEAII:3;D:LEAII:2,0,False,True,A8R,,True,True,True,True,True,True
8B91,PPARG,SUCCESS,2,2,A:261;B:241,C:11;D:12,C:GLEAIIRKALM;D:GLEAIIRKALMG,False,True,,C:LEAII:2;D:LEAII:2,0,False,True,Q4O,,True,True,True,True,True,True
8B90,PPARG,SUCCESS,2,2,A:259;B:234,C:11;D:12,C:GLEAIIRKALM;D:GLEAIIRKALMG,False,True,,C:LEAII:2;D:LEAII:2,0,False,True,Q1R,,True,True,True,True,True,True
8B92,PPARG,SUCCESS,2,2,A:253;B:239,C:13;D:11,C:NMGLEAIIRKALM;D:GLEAIIRKALM,False,True,,C:LEAII:4;D:LEAII:2,0,False,True,Q5X,,True,True,True,True,True,True
8B8Z,PPARG,SUCCESS,2,2,A:262;B:243,C:11;D:12,C:GLEAIIRKALM;D:GLEAIIRKALMG,False,True,,C:LEAII:2;D:LEAII:2,0,False,True,Q33,,True,True,True,True,True,True
8B93,PPARG,SUCCESS,2,2,A:248;B:241,C:12;D:12,C:MGLEAIIRKALM;D:GLEAIIRKALMG,False,True,,C:LEAII:3;D:LEAII:2,0,False,True,Q8F,,True,True,True,True,True,True
8B94,PPARG,SUCCESS,2,2,A:260;B:240,C:11;D:12,C:GLEAIIRKALM;D:GLEAIIRKALMG,False,True,,C:LEAII:2;D:LEAII:2,0,False,True,Q5O,,True,True,True,True,True,True
8BF1,PPARG,SUCCESS,1,1,A:262,B:11,B:PSLLKKLLLAP,True,False,B:LKKLL:4,,0,False,False,,,True,True,True,True,True,True
8B95,PPARG,SUCCESS,2,2,A:260;B:239,C:11;D:12,C:GLEAIIRKALM;D:GLEAIIRKALMG,False,True,,C:LEAII:2;D:LEAII:2,0,False,True,Q4C,,True,True,True,True,True,True
8DK4,PPARG,SUCCESS,1,1,A:270,B:11,B:PSLLKKLLLAP,True,False,B:LKKLL:4,,0,False,True,SJ9,,True,True,True,True,True,True
8DKN,PPARG,SUCCESS,1,1,A:265,C:13,C:NLGLEDIIRKALM,False,True,,C:LEDII:4,0,False,True,CXS;EEY,,True,True,True,True,True,True
8DKV,PPARG,SUCCESS,1,1,A:265,C:14,C:SNLGLEDIIRKALM,False,True,,C:LEDII:5,0,False,True,CXS;SKL,,True,True,True,True,True,True
8FHE,PPARG,SUCCESS,1,1,B:262,D:11,D:GLEDIIRKALM,False,True,,D:LEDII:2,0,False,True,GW9,,True,True,True,True,True,True
8FHG,PPARG,SUCCESS,1,1,B:267,D:11,D:GLEDIIRKALM,False,True,,D:LEDII:2,0,False,True,XZK,,True,True,True,True,True,True
8FKC,PPARG,SUCCESS,1,1,A:260,D:13,D:NLGLEDIIRKALM,False,True,,D:LEDII:4,0,False,True,Y5F,,True,True,True,True,True,True
8FKD,PPARG,SUCCESS,1,1,A:268,D:14,D:SNLGLEDIIRKALM,False,True,,D:LEDII:5,0,False,True,Y5O,,True,True,True,True,True,True
8FKE,PPARG,SUCCESS,1,1,A:268,D:14,D:SNLGLEDIIRKALM,False,True,,D:LEDII:5,0,False,True,Y5T,,True,True,True,True,True,True
8FKF,PPARG,SUCCESS,1,1,A:263,D:14,D:SNLGLEDIIRKALM,False,True,,D:LEDII:5,0,False,True,Y5X,,True,True,True,True,True,True
8FKG,PPARG,SUCCESS,1,1,A:264,D:13,D:NLGLEDIIRKALM,False,True,,D:LEDII:4,0,False,True,Y62,,True,True,True,True,True,True
8HUM,PPARG,SUCCESS,1,1,A:277,B:10,B:RHKILHRLLQ,True,False,B:LHRLL:5,,0,False,True,BJB,,True,True,True,True,True,True
8HUP,PPARG,SUCCESS,1,1,A:276,B:13,B:TERHKILHRLLQE,True,False,B:LHRLL:7,,0,False,True,KKB,,True,True,True,True,True,True
9CWN,PPARG,SUCCESS,1,1,A:267,B:10,B:STLLASLLQS,True,False,B:LASLL:4,,0,False,True,EDK,,True,True,True,True,True,True
9CK0,PPARG,SUCCESS,1,1,A:270,B:11,B:PNPILARLLRA,True,False,B:LARLL:5,,0,False,True,EDK,,True,True,True,True,True,True
9F7X,PPARG,SUCCESS,1,1,A:265,B:11,B:PSLLKKLLLAP,True,False,B:LKKLL:4,,0,False,True,H3W,,True,True,True,True,True,True
9F7W,PPARG,SUCCESS,1,1,A:271,B:13,B:EPSLLKKLLLAPA,True,False,B:LKKLL:5,,0,False,True,2OH,,True,True,True,True,True,True
9IWK,PPARG,SUCCESS,2,2,A:225;C:247,B:9;D:10,B:LEAIIRKAL;D:GLEAIIRKAL,False,True,,B:LEAII:1;D:LEAII:2,0,False,False,,,True,True,True,True,True,True
9O9N,PPARG,SUCCESS,1,1,B:262,D:13,D:NLGLEDIIRKALM,False,True,,D:LEDII:4,0,False,True,A1CAA,,True,True,True,True,True,True
9OLC,PPARG,SUCCESS,4,4,A:243;B:245;C:240;D:202,E:13;F:13;G:12;H:9,E:NLGLEDIIRKALM;F:NLGLEDIIRKALM;G:LGLEDIIRKALM;H:LEDIIRKAL,False,True,,E:LEDII:4;F:LEDII:4;G:LEDII:3;H:LEDII:1,0,False,True,A1CCT,,True,True,True,True,True,True
9V8E,PPARG,SUCCESS,1,1,A:251,B:12,B:THKRLSRLTILC,False,False,,,0,False,True,192;AC5;DTY;N9P,,True,True,True,True,False,False
9V8D,PPARG,SUCCESS,1,1,A:261,B:14,B:NSVVRHLLTAILGV,False,False,,,0,False,True,AC5;PGE,,True,True,True,True,False,False
9V8F,PPARG,SUCCESS,1,1,A:259,B:14,B:THHRISDYRLTLLC,False,False,,,0,False,True,A1L9X;DTY,,True,True,True,True,False,False
9V8H,PPARG,SUCCESS,1,1,A:251,B:11,B:SVVRHLLTAIL,False,False,,,0,False,True,AC5;BRL;PGE,,True,True,True,True,False,False
9V8G,PPARG,SUCCESS,1,1,A:259,B:12,B:NSVVRHLLTAIL,False,False,,,0,False,True,AC5,,True,True,True,True,False,False
2OVM,PR,SUCCESS,1,1,A:243,B:11,B:LEDIIRKALMG,False,True,,B:LEDII:1,0,False,True,AS0,,True,True,True,True,True,True
2OVH,PR,SUCCESS,1,1,A:243,B:13,B:GLEAIIRKALMGK,False,True,,B:LEAII:2,0,False,True,AS0,,True,True,True,True,True,True
4OAR,PR,SUCCESS,1,1,A:241,B:11,B:GLEAIIRKALM,False,True,,B:LEAII:2,0,False,True,2S0,,True,True,True,True,True,True
1NRL,PXR,SUCCESS,2,2,A:278;B:275,C:15;D:15,C:SLTERHKILHRLLQE;D:SLTERHKILHRLLQE,True,False,C:LHRLL:9;D:LHRLL:9,,0,False,True,SRL,,True,True,True,True,True,True
2O9I,PXR,SUCCESS,2,2,A:279;B:279,C:15;D:15,C:SLTERHKILHRLLQE;D:SLTERHKILHRLLQE,True,False,C:LHRLL:9;D:LHRLL:9,,0,False,True,444,,True,True,True,True,True,True
5A86,PXR,SUCCESS,2,2,A:271;B:274,C:15;D:17,C:SLTERHKILHRLLQE;D:SLTERHKILHRLLQEGS,True,False,C:LHRLL:9;D:LHRLL:9,,0,False,True,D7E,,True,True,True,True,True,True
5X0R,PXR,SUCCESS,2,2,A:237;B:257,C:15;D:15,C:SLTERHKILHRLLQE;D:SLTERHKILHRLLQE,True,False,C:LHRLL:9;D:LHRLL:9,,0,False,True,4WH,,True,True,True,True,True,True
8F5Y,PXR,SUCCESS,2,2,A:278;B:237,C:13;D:15,C:ERHKILHRLLQEG;D:SLTERHKILHRLLQE,True,False,C:LHRLL:6;D:LHRLL:9,,0,False,True,JQ1,,True,True,True,True,True,True
3KMR,RARA,SUCCESS,1,1,A:234,C:10,C:HKILHRLLQE,True,False,C:LHRLL:4,,0,False,True,EQN,,True,True,True,True,True,True
4DQM,RARA,SUCCESS,2,2,A:234;C:234,B:10;D:10,B:KSLLQQLLTE;D:KSLLQQLLTE,True,False,B:LQQLL:4;D:LQQLL:4,,0,False,True,LUF,,True,True,True,True,True,True
3A9E,RARA,SUCCESS,2,1,A:218;B:239,I:11,I:KHKILHRLLQD,True,False,I:LHRLL:5,,0,False,True,754;REA,,True,True,True,True,True,True
3KMZ,RARA,SUCCESS,2,2,B:221;A:221,C:18;D:18,C:RLITLADHIQIITQDFAR;D:RLITLADHIQIITQDFAR,False,False,,,0,False,True,CSO;EQO,,True,True,True,True,False,False
9GFE,RARA,SUCCESS,1,1,A:235,B:8,B:AHILHLLA,False,False,,,0,False,True,EQN;HRG;NLE,,True,True,True,True,False,False
9GFI,RARA,SUCCESS,1,1,A:236,B:7,B:HKILRLL,False,False,,,0,False,True,A1IM7;EQN;HRG;NLE,,True,True,True,True,False,False
7WQQ,RARA,SUCCESS,1,1,A:228,C:9,C:HKILHRLLQ,True,False,C:LHRLL:4,,0,False,True,5Z6,,True,True,True,True,True,True
7AOS,RARA,SUCCESS,2,2,A:216;B:241,C:11;D:7,C:RHKILHRLLQE;D:ILHRLLQ,True,False,C:LHRLL:5;D:LHRLL:2,,0,False,True,EQN;LG2,,True,True,True,True,True,True
7APO,RARA,SUCCESS,2,2,A:233;B:233,C:26;D:26,C:HKILHRLLQDSSSPVDLAKLTAEATG;D:HKILHRLLQDSSSPVDLAKLTAEATG,True,False,C:LHRLL:4;D:LHRLL:4,,0,False,True,EQN,,True,True,True,True,True,True
4DM8,RARB,SUCCESS,2,2,A:238;B:239,C:8;D:8,C:KILHRLLQ;D:KILHRLLQ,True,False,C:LHRLL:3;D:LHRLL:3,,0,False,True,REA,,True,True,True,True,True,True
4DM6,RARB,SUCCESS,2,2,A:240;B:239,E:11;F:12,E:RHKILHRLLQE;F:RHKILHRLLQEG,True,False,E:LHRLL:5;F:LHRLL:5,,0,False,True,TTB,,True,True,True,True,True,True
4JYH,RARB,SUCCESS,2,2,A:239;B:239,C:10;G:11,C:HKILHRLLQE;G:RHKILHRLLQE,True,False,C:LHRLL:4;G:LHRLL:5,,0,False,True,FLC;JYH,,True,True,True,True,True,True
4JYG,RARB,SUCCESS,2,2,A:239;B:240,F:11;G:11,F:RHKILHRLLQE;G:RHKILHRLLQE,True,False,F:LHRLL:5;G:LHRLL:5,,0,False,True,1NY;FLC;PE4,,True,True,True,True,True,True
4JYI,RARB,SUCCESS,2,2,A:239;B:239,F:9;G:10,F:HKILHRLLQ;G:HKILHRLLQE,True,False,F:LHRLL:4;G:LHRLL:4,,0,False,True,FLC;JYI,,True,True,True,True,True,True
6SSQ,RARB,SUCCESS,2,2,A:239;B:249,F:10;G:11,F:HKILHRLLQE;G:RHKILHRLLQE,True,False,F:LHRLL:4;G:LHRLL:5,,0,False,True,754;FLC,,True,True,True,True,True,True
3N00,REV_ERB_ALPHA,SUCCESS,1,1,A:184,B:21,B:THRLITLADHICQIITQDFAR,False,True,,B:ICQII:11,0,False,False,,,True,True,True,True,True,True
8D8I,REV_ERB_ALPHA,SUCCESS,1,1,A:201,B:20,B:THRLITLADHIAQIITQDFA,False,True,,B:IAQII:11,0,False,True,QFX,,True,True,True,True,True,True
6WMQ,REV_ERB_BETA,SUCCESS,2,2,A:197;B:197,E:15;F:14,E:ITLADHICQIITQDF;F:TLADHICQIITQDF,False,True,,E:ICQII:7;F:ICQII:6,0,False,True,HEM,,True,True,True,True,True,True
6WMS,REV_ERB_BETA,SUCCESS,2,2,A:196;B:196,E:11;F:12,E:GLEDIIRKALM;F:GLEDIIRKALMG,False,True,,E:LEDII:2;F:LEDII:2,0,False,True,HEM,,True,True,True,True,True,True
3KYT,RORC,SUCCESS,1,1,A:243,C:12,C:KHKILHRLLQDS,True,False,C:LHRLL:5,,0,False,True,HC2,,True,True,True,True,True,True
3L0J,RORC,SUCCESS,1,1,A:243,C:10,C:KILHRLLQDS,True,False,C:LHRLL:3,,0,False,True,HC9,,True,True,True,True,True,True
4S15,RORA,SUCCESS,2,2,A:244;B:250,C:9;D:9,C:TLLQLLLGH;D:TLLQLLLGH,True,False,C:LLQLL:2;D:LLQLL:2,,0,False,True,4D8,,True,True,True,True,True,True
3L0L,RORC,SUCCESS,2,2,A:247;B:248,C:13;E:10,C:EKHKILHRLLQDS;E:KILHRLLQDS,True,False,C:LHRLL:6;E:LHRLL:3,,0,False,True,HC3,,True,True,True,True,True,True
4S14,RORC,SUCCESS,1,1,A:245,C:9,C:TLLQLLLGH,True,False,C:LLQLL:2,,0,False,True,4D8,,True,True,True,True,True,True
4XT9,RORC,SUCCESS,1,1,A:243,B:8,B:KILHRLLQ,True,False,B:LHRLL:3,,0,False,True,43V,,True,True,True,True,True,True
4NIE,RORC,SUCCESS,2,2,A:245;B:245,C:9;D:10,C:HKILHRLLQ;D:HKILHRLLQD,True,False,C:LHRLL:4;D:LHRLL:4,,0,False,True,DMX;NBH,,True,True,True,True,True,True
4WPF,RORC,SUCCESS,2,2,A:246;D:246,B:11;E:11,B:AHKILHRLLQE;E:AHKILHRLLQE,True,False,B:LHRLL:5;E:LHRLL:5,,0,False,True,3SN,,True,True,True,True,True,True
4WLB,RORC,SUCCESS,2,2,A:248;B:248,D:8;E:8,D:SLLKKLLD;E:SLLKKLLD,True,False,D:LKKLL:3;E:LKKLL:3,,0,False,True,3QQ;TLA,,True,True,True,True,True,True
4WQP,RORC,SUCCESS,2,1,A:234;B:221,P:13,P:VERLQIFQHLHPI,False,False,,,0,False,True,3SX,,True,True,True,True,False,False
5APJ,RORC,SUCCESS,1,1,A:250,C:10,C:KILHRLLQDS,True,False,C:LHRLL:3,,0,False,True,76E,,True,True,True,True,True,True
5APH,RORC,SUCCESS,1,1,A:252,C:12,C:KHKILHRLLQDS,True,False,C:LHRLL:5,,0,False,True,VYI,,True,True,True,True,True,True
5APK,RORC,SUCCESS,2,1,A:229;B:236,D:13,D:VERLQIFQHLHPI,False,False,,,0,False,True,76E,,True,True,True,True,False,False
5G43,RORC,SUCCESS,1,1,A:252,C:12,C:KHKILHRLLQDS,True,False,C:LHRLL:5,,0,False,True,5IM,,True,True,True,True,True,True
5G42,RORC,SUCCESS,1,1,A:252,C:10,C:KILHRLLQDS,True,False,C:LHRLL:3,,0,False,True,4TU,,True,True,True,True,True,True
5G44,RORC,SUCCESS,1,1,A:245,C:12,C:KHKILHRLLQDS,True,False,C:LHRLL:5,,0,False,True,I6G;SWX;YTZ,,True,True,True,True,True,True
5G45,RORC,SUCCESS,1,1,A:244,C:10,C:KILHRLLQDS,True,False,C:LHRLL:3,,0,False,True,A7W,,True,True,True,True,True,True
5G46,RORC,SUCCESS,1,1,A:246,C:10,C:KILHRLLQDS,True,False,C:LHRLL:3,,0,False,True,6VD,,True,True,True,True,True,True
5EJV,RORC,SUCCESS,2,2,A:245;B:245,C:11;D:12,C:EFPYLLSLLGE;D:FPYLLSLLGEVS,True,False,C:LLSLL:5;D:LLSLL:4,,0,False,True,444,,True,True,True,True,True,True
5IZ0,RORC,SUCCESS,4,4,A:244;B:245;D:243;G:246,C:10;E:10;F:10;H:9,C:EFPYLLSLLG;E:EFPYLLSLLG;F:EFPYLLSLLG;H:FPYLLSLLG,True,False,C:LLSLL:5;E:LLSLL:5;F:LLSLL:5;H:LLSLL:4,,0,False,True,6F1,,True,True,True,True,True,True
5NI5,RORC,SUCCESS,1,1,A:250,C:12,C:KHKILHRLLQDS,True,False,C:LHRLL:5,,0,False,True,8YB,,True,True,True,True,True,True
5NI8,RORC,SUCCESS,1,1,A:252,C:10,C:KILHRLLQDS,True,False,C:LHRLL:3,,0,False,True,8Y2,,True,True,True,True,True,True
5NI7,RORC,SUCCESS,1,1,A:252,C:12,C:KHKILHRLLQDS,True,False,C:LHRLL:5,,0,False,True,8Y8,,True,True,True,True,True,True
5NIB,RORC,SUCCESS,1,1,A:252,C:10,C:KILHRLLQDS,True,False,C:LHRLL:3,,0,False,True,8Y5,,True,True,True,True,True,True
5NU1,RORC,SUCCESS,2,2,A:245;B:245,P:8;Q:9,P:TLLQLLLG;Q:TLLQLLLGH,True,False,P:LLQLL:2;Q:LLQLL:2,,0,False,True,8YB,,True,True,True,True,True,True
5NTI,RORC,SUCCESS,4,4,A:245;B:244;C:245;D:244,P:8;Q:8;R:8;S:9,P:TLLQLLLG;Q:TLLQLLLG;R:TLLQLLLG;S:TLLQLLLGH,True,False,P:LLQLL:2;Q:LLQLL:2;R:LLQLL:2;S:LLQLL:2,,0,False,True,C3S,,True,True,True,True,True,True
5NTN,RORC,SUCCESS,4,4,A:245;B:244;C:245;D:244,P:8;Q:8;R:8;S:9,P:TLLQLLLG;Q:TLLQLLLG;R:TLLQLLLG;S:TLLQLLLGH,True,False,P:LLQLL:2;Q:LLQLL:2;R:LLQLL:2;S:LLQLL:2,,0,False,True,98H,,True,True,True,True,True,True
5NTW,RORC,SUCCESS,4,4,A:245;B:245;C:245;D:245,P:9;Q:10;R:9;S:9,P:TLLQLLLGH;Q:TLLQLLLGHK;R:TLLQLLLGH;S:TLLQLLLGH,True,False,P:LLQLL:2;Q:LLQLL:2;R:LLQLL:2;S:LLQLL:2,,0,False,True,98N,,True,True,True,True,True,True
5YP5,RORC,SUCCESS,1,1,A:243,B:8,B:KILHRLLQ,True,False,B:LHRLL:3,,0,False,True,4CZ,,True,True,True,True,True,True
5YP6,RORC,SUCCESS,1,1,A:243,B:8,B:KILHRLLQ,True,False,B:LHRLL:3,,0,False,True,4CX,,True,True,True,True,True,True
5X8Q,RORC,SUCCESS,4,4,A:228;C:228;E:228;G:228,B:15;D:14;F:14;H:15,B:TNMGLEAIIRKALMG;D:NMGLEAIIRKALMG;F:NMGLEAIIRKALMG;H:TNMGLEAIIRKALMG,False,True,,B:LEAII:5;D:LEAII:4;F:LEAII:4;H:LEAII:5,0,False,True,82R,,True,True,True,True,True,True
6A22,RORC,SUCCESS,4,4,A:231;C:228;E:228;G:228,B:15;D:12;F:12;H:15,B:TNMGLEAIIRKALMG;D:GLEAIIRKALMG;F:GLEAIIRKALMG;H:TNMGLEAIIRKALMG,False,True,,B:LEAII:5;D:LEAII:2;F:LEAII:2;H:LEAII:5,0,False,True,9P6,,True,True,True,True,True,True
6ESN,RORC,SUCCESS,1,1,A:252,C:12,C:KHKILHRLLQDS,True,False,C:LHRLL:5,,0,False,True,BWE,,True,True,True,True,True,True
6G05,RORC,SUCCESS,2,2,A:245;B:245,P:8;Q:8,P:TLLQLLLG;Q:TLLQLLLG,True,False,P:LLQLL:2;Q:LLQLL:2,,0,False,True,EF5,,True,True,True,True,True,True
6E3G,RORC,SUCCESS,2,2,A:245;B:245,C:8;D:8,C:KILHRLLQ;D:KILHRLLQ,True,False,C:LHRLL:3;D:LHRLL:3,,0,False,True,HOJ,,True,True,True,True,True,True
6FZU,RORC,SUCCESS,2,2,A:245;B:245,P:9;Q:9,P:TLLQLLLGH;Q:TLLQLLLGH,True,False,P:LLQLL:2;Q:LLQLL:2,,0,False,True,EE8,,True,True,True,True,True,True
6IVX,RORC,SUCCESS,4,4,A:227;C:227;E:226;G:227,B:14;D:9;F:14;H:13,B:TNMGLEAIIRKALM;D:EAIIRKALM;F:TNMGLEAIIRKALM;H:NMGLEAIIRKALM,False,True,,B:LEAII:5;F:LEAII:5;H:LEAII:4,0,False,True,AYO,,True,True,True,True,True,True
6G07,RORC,SUCCESS,4,4,A:245;B:245;C:246;D:245,P:9;Q:11;R:10;S:10,P:TLLQLLLGH;Q:VTLLQLLLGHK;R:VTLLQLLLGH;S:VTLLQLLLGH,True,False,P:LLQLL:2;Q:LLQLL:3;R:LLQLL:3;S:LLQLL:3,,0,False,True,EEZ,,True,True,True,True,True,True
6J3N,RORC,SUCCESS,1,1,A:246,B:8,B:KILHRLLQ,True,False,B:LHRLL:3,,0,False,True,B8F,,True,True,True,True,True,True
6R7A,RORC,SUCCESS,1,1,A:251,C:12,C:KHKILHRLLQDS,True,False,C:LHRLL:5,,0,False,True,JUE,,True,True,True,True,True,True
6R7J,RORC,SUCCESS,1,1,A:252,C:12,C:KHKILHRLLQDS,True,False,C:LHRLL:5,,0,False,True,JUN,,True,True,True,True,True,True
6R7K,RORC,SUCCESS,1,1,A:252,C:12,C:KHKILHRLLQDS,True,False,C:LHRLL:5,,0,False,True,JUH,,True,True,True,True,True,True
7E3M,RORC,SUCCESS,1,1,A:243,B:8,B:KILHRLLQ,True,False,B:LHRLL:3,,0,False,True,HVL,,True,True,True,True,True,True
7KCO,RORC,SUCCESS,2,2,A:248;B:248,C:11;D:13,C:HKILHRLLQDS;D:EKHKILHRLLQDS,True,False,C:LHRLL:4;D:LHRLL:6,,0,False,True,WB7,,True,True,True,True,True,True
7OFI,RORC,SUCCESS,1,1,A:252,C:12,C:KHKILHRLLQDS,True,False,C:LHRLL:5,,0,False,True,VCK,,True,True,True,True,True,True
7OFK,RORC,SUCCESS,1,1,A:252,C:12,C:KHKILHRLLQDS,True,False,C:LHRLL:5,,0,False,True,VCH,,True,True,True,True,True,True
7W3P,RORC,SUCCESS,1,1,A:243,B:8,B:KILHRLLQ,True,False,B:LHRLL:3,,0,False,True,88K,,True,True,True,True,True,True
7W3Q,RORC,SUCCESS,1,1,A:242,C:9,C:KILHRLLQD,True,False,C:LHRLL:3,,0,False,True,97I,,True,True,True,True,True,True
7QP4,RORC,SUCCESS,2,1,A:233;B:221,P:15,P:HVERLQIFQHLHPIV,False,False,,,0,False,True,ECK,,True,True,True,True,False,False
9VZQ,RORC,SUCCESS,1,1,A:243,B:10,B:KSLLQQLLTE,True,False,B:LQQLL:4,,0,False,True,YUV,,True,True,True,True,True,True
9VNX,RORC,SUCCESS,1,1,A:242,B:9,B:KILHRLLQE,True,False,B:LHRLL:3,,0,False,True,A1MAM,,True,True,True,True,True,True
1FM9,RXRA,SUCCESS,2,2,A:232;D:272,B:10;E:16,B:HKILHRLLQE;E:ERHKILHRLLQEGSPS,True,False,B:LHRLL:4;E:LHRLL:6,,0,False,True,570;9CR,,True,True,True,True,True,True
1FM6,RXRA,SUCCESS,4,4,A:232;D:272;U:232;X:272,B:10;V:15;E:16;Y:13,B:HKILHRLLQE;V:ERHKILHRLLQEGSP;E:ERHKILHRLLQEGSPS;Y:TERHKILHRLLQE,True,False,B:LHRLL:4;V:LHRLL:6;E:LHRLL:6;Y:LHRLL:7,,0,False,True,9CR;BRL,,True,True,True,True,True,True
9XMJ,RORC,SUCCESS,4,4,A:227;C:227;E:227;G:227,B:14;D:14;F:14;H:14,B:TNMGLEAIIRKALM;D:TNMGLEAIIRKALM;F:TNMGLEAIIRKALM;H:TNMGLEAIIRKALM,False,True,,B:LEAII:5;D:LEAII:5;F:LEAII:5;H:LEAII:5,0,False,True,A1MCM,,True,True,True,True,True,True
1K74,RXRA,SUCCESS,2,2,A:232;D:272,B:10;E:16,B:HKILHRLLQE;E:ERHKILHRLLQEGSPS,True,False,B:LHRLL:4;E:LHRLL:6,,0,False,True,544;9CR,,True,True,True,True,True,True
1MV9,RXRA,SUCCESS,1,1,A:214,B:11,B:KHKILHRLLQD,True,False,B:LHRLL:5,,0,False,True,HXA,,True,True,True,True,True,True
8X7E,RORC,SUCCESS,4,4,A:227;C:228;E:227;G:228,B:14;D:15;F:15;H:14,B:TNMGLEAIIRKALM;D:TNMGLEAIIRKALMG;F:TNMGLEAIIRKALMG;H:TNMGLEAIIRKALM,False,True,,B:LEAII:5;D:LEAII:5;F:LEAII:5;H:LEAII:5,0,False,True,YAL,,True,True,True,True,True,True
1MVC,RXRA,SUCCESS,1,1,A:212,B:11,B:KHKILHRLLQD,True,False,B:LHRLL:5,,0,False,True,BM6,,True,True,True,True,True,True
1RDT,RXRA,SUCCESS,2,2,A:211;D:253,B:9;E:7,B:HKILHRLLQ;E:KQLSELL,True,False,B:LHRLL:4;E:LSELL:3,,0,False,True,570;L79,,True,True,True,True,True,True
1XVP,RXRA,SUCCESS,4,4,A:232;B:246;C:236;D:246,E:10;F:12;G:12;H:12,E:HKILHRLLQE;F:RHKILHRLLQEG;G:ERHKILHRLLQE;H:ERHKILHRLLQE,True,False,E:LHRLL:4;F:LHRLL:5;G:LHRLL:6;H:LHRLL:6,,0,False,True,CID;F15,,True,True,True,True,True,True
1XV9,RXRA,SUCCESS,4,4,A:232;B:246;C:232;D:246,E:10;F:12;G:12;H:12,E:HKILHRLLQE;F:RHKILHRLLQEG;G:ERHKILHRLLQE;H:ERHKILHRLLQE,True,False,E:LHRLL:4;F:LHRLL:5;G:LHRLL:6;H:LHRLL:6,,0,False,True,CI2;F15,,True,True,True,True,True,True
1MZN,RXRA,SUCCESS,4,4,A:224;C:212;E:224;G:212,B:11;D:11;F:11;H:11,B:KHKILHRLLQD;D:KHKILHRLLQD;F:KHKILHRLLQD;H:KHKILHRLLQD,True,False,B:LHRLL:5;D:LHRLL:5;F:LHRLL:5;H:LHRLL:5,,0,False,True,BM6,,True,True,True,True,True,True
2P1T,RXRA,SUCCESS,1,1,A:211,B:10,B:HKILHRLLQD,True,False,B:LHRLL:4,,0,False,True,3TN,,True,True,True,True,True,True
2ZXZ,RXRA,SUCCESS,1,1,A:213,B:11,B:KHKILHRLLQD,True,False,B:LHRLL:5,,0,False,True,P26,,True,True,True,True,True,True
2P1U,RXRA,SUCCESS,1,1,A:211,B:10,B:HKILHRLLQD,True,False,B:LHRLL:4,,0,False,True,4TN,,True,True,True,True,True,True
2P1V,RXRA,SUCCESS,1,1,A:211,B:10,B:HKILHRLLQD,True,False,B:LHRLL:4,,0,False,True,5TN,,True,True,True,True,True,True
2ZY0,RXRA,SUCCESS,2,2,A:215;C:215,B:10;D:11,B:HKILHRLLQD;D:KHKILHRLLQD,True,False,B:LHRLL:4;D:LHRLL:5,,0,False,True,21P,,True,True,True,True,True,True
3E94,RXRA,SUCCESS,1,1,A:211,B:10,B:HKILHRLLQD,True,False,B:LHRLL:4,,0,False,True,TBY,,True,True,True,True,True,True
1XLS,RXRA,SUCCESS,8,8,A:232;B:232;C:232;D:232;E:242;F:242;G:242;H:242,I:16;J:16;K:16;L:16;M:18;N:18;O:18;P:18,I:AKENALLRYLLDKDDT;J:AKENALLRYLLDKDDT;K:AKENALLRYLLDKDDT;L:AKENALLRYLLDKDDT;M:AKENALLRYLLDKDDTKD;N:AKENALLRYLLDKDDTKD;O:AKENALLRYLLDKDDTKD;P:AKENALLRYLLDKDDTKD,True,False,I:LRYLL:7;J:LRYLL:7;K:LRYLL:7;L:LRYLL:7;M:LRYLL:7;N:LRYLL:7;O:LRYLL:7;P:LRYLL:7,,0,False,True,9CR;TCD,,True,True,True,True,True,True
3FUG,RXRA,SUCCESS,1,1,A:211,B:10,B:HKILHRLLQA,True,False,B:LHRLL:4,,0,False,True,2E3,,True,True,True,True,True,True
3H0A,RXRA,SUCCESS,2,2,A:210;D:265,B:11;E:12,B:TSHKLVQLLTT;E:TSHKLVQLLTTT,True,False,B:LVQLL:5;E:LVQLL:5,,0,False,True,9RA;D30,,True,True,True,True,True,True
3KWY,RXRA,SUCCESS,1,1,A:210,B:10,B:HKILHRLLQD,True,False,B:LHRLL:4,,0,False,True,T9T,,True,True,True,True,True,True
3OAP,RXRA,SUCCESS,1,1,A:214,B:11,B:KHKILHRLLQD,True,False,B:LHRLL:5,,0,False,True,9CR,,True,True,True,True,True,True
3OZJ,RXRA,SUCCESS,2,2,A:215;C:215,B:10;D:11,B:HKILHRLLQD;D:KHKILHRLLQD,True,False,B:LHRLL:4;D:LHRLL:5,,0,False,True,BGV,,True,True,True,True,True,True
3PCU,RXRA,SUCCESS,1,1,A:211,B:10,B:HKILHRLLQD,True,False,B:LHRLL:4,,0,False,True,LX8,,True,True,True,True,True,True
3R29,RXRA,SUCCESS,2,2,A:212;B:212,C:16;D:11,C:TNMGLEAIIRKALMGK;D:GLEAIIRKALM,False,True,,C:LEAII:5;D:LEAII:2,0,False,False,,,True,True,True,True,True,True
3R5M,RXRA,SUCCESS,2,2,A:215;C:213,B:10;D:10,B:HKILHRLLQD;D:HKILHRLLQD,True,False,B:LHRLL:4;D:LHRLL:4,,0,False,True,MLO,,True,True,True,True,True,True
3R2A,RXRA,SUCCESS,4,2,A:211;B:217;C:203;D:219,E:7;F:9,E:NMGLEAI;F:TNMGLEAII,False,True,,F:LEAII:5,0,False,True,RHN,,True,True,True,True,True,True
4K6I,RXRA,SUCCESS,1,1,A:214,B:11,B:KHKILHRLLQD,True,False,B:LHRLL:5,,0,False,True,9RA,,True,True,True,True,True,True
4K4J,RXRA,SUCCESS,1,1,A:214,B:11,B:KHKILHRLLQD,True,False,B:LHRLL:5,,0,False,True,1O8,,True,True,True,True,True,True
4M8E,RXRA,SUCCESS,1,1,A:214,B:11,B:KHKILHRLLQD,True,False,B:LHRLL:5,,0,False,True,29V,,True,True,True,True,True,True
4M8H,RXRA,SUCCESS,1,1,A:214,B:11,B:KHKILHRLLQD,True,False,B:LHRLL:5,,0,False,True,R4M,,True,True,True,True,True,True
4POJ,RXRA,SUCCESS,1,1,A:214,B:11,B:KHKILHRLLQD,True,False,B:LHRLL:5,,0,False,True,2VP,,True,True,True,True,True,True
4POH,RXRA,SUCCESS,1,1,A:214,B:11,B:KHKILHRLLQD,True,False,B:LHRLL:5,,0,False,True,2VR,,True,True,True,True,True,True
4OC7,RXRA,SUCCESS,1,1,A:213,B:10,B:HKILHRLLQD,True,False,B:LHRLL:4,,0,False,True,2QO,,True,True,True,True,True,True
4PP3,RXRA,SUCCESS,1,1,A:214,B:11,B:KHKILHRLLQD,True,False,B:LHRLL:5,,0,False,True,2VZ,,True,True,True,True,True,True
4PP5,RXRA,SUCCESS,1,1,A:214,B:11,B:KHKILHRLLQD,True,False,B:LHRLL:5,,0,False,True,2W0,,True,True,True,True,True,True
4RME,RXRA,SUCCESS,1,1,A:214,B:11,B:KHKILHRLLQD,True,False,B:LHRLL:5,,0,False,True,3T2,,True,True,True,True,True,True
4RFW,RXRA,SUCCESS,1,1,A:214,G:11,G:KHKILHRLLQD,True,False,G:LHRLL:5,,0,False,True,3RB,,True,True,True,True,True,True
4RMD,RXRA,SUCCESS,1,1,A:214,B:11,B:KHKILHRLLQD,True,False,B:LHRLL:5,,0,False,True,3SW,,True,True,True,True,True,True
4RMC,RXRA,SUCCESS,1,1,A:214,B:11,B:KHKILHRLLQD,True,False,B:LHRLL:5,,0,False,True,3SV,,True,True,True,True,True,True
4ZSH,RXRA,SUCCESS,1,1,A:213,B:11,B:KHKILHRLLQD,True,False,B:LHRLL:5,,0,False,True,4XW,,True,True,True,True,True,True
5JI0,RXRA,SUCCESS,2,2,A:216;D:269,E:19;F:9,E:SLTERHKILHRLLQEGSPS;F:KILHRLLQE,True,False,E:LHRLL:9;F:LHRLL:3,,0,False,True,9CR;BRL,,True,True,True,True,True,True
5EC9,RXRA,SUCCESS,1,1,A:210,B:11,B:KHKILHRLLQD,True,False,B:LHRLL:5,,0,False,True,5LO,,True,True,True,True,True,True
5LYQ,RXRA,SUCCESS,1,1,A:212,B:10,B:HKILHRLLQD,True,False,B:LHRLL:4,,0,False,True,7BE,,True,True,True,True,True,True
5MJ5,RXRA,SUCCESS,1,1,A:213,B:12,B:KHKILHRLLQDS,True,False,B:LHRLL:5,,0,False,True,7O0,,True,True,True,True,True,True
4ZO1,RXRA,SUCCESS,2,1,X:242;B:199,A:8,A:HKILHRLL,True,False,A:LHRLL:4,,0,False,True,T3,,True,True,True,True,True,True
5MKJ,RXRA,SUCCESS,1,1,A:211,B:9,B:KILHRLLQD,True,False,B:LHRLL:3,,0,False,True,4CU,,True,True,True,True,True,True
5MK4,RXRA,SUCCESS,2,2,A:214;C:215,B:10;D:11,B:KHKILHRLLQ;D:KHKILHRLLQD,True,False,B:LHRLL:5;D:LHRLL:5,,0,False,True,I5W,,True,True,True,True,True,True
5MKU,RXRA,SUCCESS,1,1,A:208,B:11,B:HKILHRLLQDS,True,False,B:LHRLL:4,,0,False,True,J57,,True,True,True,True,True,True
5Z12,RXRA,SUCCESS,4,4,A:223;C:203;D:223;B:217,F:9;J:6;H:6;I:9,F:HKILHRLLQ;J:HKILHR;H:HKILHR;I:HKILHRLLQ,True,False,F:LHRLL:4;I:LHRLL:4,,0,False,True,33Y;9CR,,True,True,True,True,True,True
6A5Y,RXRA,SUCCESS,2,2,A:228;D:211,B:10;F:13,B:HKILHRLLQE;F:RHKILHRLLQEGS,True,False,B:LHRLL:4;F:LHRLL:5,,0,False,True,9CR;9R0,,True,True,True,True,True,True
5MMW,RXRA,SUCCESS,1,1,A:212,B:8,B:KILHRLLQ,True,False,B:LHRLL:3,,0,False,True,SJZ,,True,True,True,True,True,True
6A60,RXRA,SUCCESS,2,2,A:219;D:210,B:8;F:11,B:KILHRLLQ;F:RHKILHRLLQE,True,False,B:LHRLL:3;F:LHRLL:5,,0,False,True,064;9CR,,True,True,True,True,True,True
6A5Z,RXRA,SUCCESS,4,4,A:220;D:212;H:224;L:208,E:15;F:11;G:11;I:9,E:ERHKILHRLLQEGSP;F:HKILHRLLQEG;G:RHKILHRLLQE;I:HKILHRLLQ,True,False,E:LHRLL:6;F:LHRLL:4;G:LHRLL:5;I:LHRLL:4,,0,False,True,9CR;9R3,,True,True,True,True,True,True
6JNR,RXRA,SUCCESS,2,2,A:214;B:215,C:9;D:10,C:HKILHRLLQ;D:HKILHRLLQE,True,False,C:LHRLL:4;D:LHRLL:4,,0,False,True,WY5,,True,True,True,True,True,True
6L6K,RXRA,SUCCESS,1,1,A:210,B:9,B:HKILHRLLQ,True,False,B:LHRLL:4,,0,False,True,9HF,,True,True,True,True,True,True
6LB4,RXRA,SUCCESS,1,1,A:218,B:10,B:KHKILHRLLQ,True,False,B:LHRLL:5,,0,False,True,E8L,,True,True,True,True,True,True
6LB6,RXRA,SUCCESS,1,1,A:211,B:10,B:HKILHRLLQD,True,False,B:LHRLL:4,,0,False,True,E8O,,True,True,True,True,True,True
6LB5,RXRA,SUCCESS,2,2,A:211;C:220,B:10;D:11,B:HKILHRLLQD;D:KHKILHRLLQD,True,False,B:LHRLL:4;D:LHRLL:5,,0,False,True,E80,,True,True,True,True,True,True
6SJM,RXRA,SUCCESS,1,1,A:212,B:13,B:KHKILHRLLQDSS,True,False,B:LHRLL:5,,0,False,True,LFZ,,True,True,True,True,True,True
6STI,RXRA,SUCCESS,1,1,A:213,B:12,B:KHKILHRLLQDS,True,False,B:LHRLL:5,,0,False,True,754,,True,True,True,True,True,True
7B88,RXRA,SUCCESS,1,1,A:212,B:13,B:KHKILHRLLQDSS,True,False,B:LHRLL:5,,0,False,True,T2K,,True,True,True,True,True,True
7A77,RXRA,SUCCESS,1,1,A:225,B:12,B:KHKILHRLLQDS,True,False,B:LHRLL:5,,0,False,True,PLM,,True,True,True,True,True,True
7B9O,RXRA,SUCCESS,1,1,A:209,C:12,C:KHKILHRLLQDS,True,False,C:LHRLL:5,,0,False,True,T72,,True,True,True,True,True,True
7UW4,RXRA,SUCCESS,1,1,A:210,B:10,B:HKILHRLLQD,True,False,B:LHRLL:4,,0,False,True,OI5,,True,True,True,True,True,True
7UW2,RXRA,SUCCESS,1,1,A:210,B:10,B:HKILHRLLQD,True,False,B:LHRLL:4,,0,False,True,OI2,,True,True,True,True,True,True
7NKE,RXRA,SUCCESS,2,2,A:213;C:213,B:10;D:10,B:HKILHRLLQD;D:HKILHRLLQD,True,False,B:LHRLL:4;D:LHRLL:4,,0,False,True,UGW,,True,True,True,True,True,True
7BK4,RXRA,SUCCESS,2,2,A:224;C:210,B:20;D:8,B:KHKILHRLLQDSSSPVDLAK;D:HKILHRLL,True,False,B:LHRLL:5;D:LHRLL:4,,0,False,True,LG2,,True,True,True,True,True,True
8PP0,RXRA,SUCCESS,1,1,A:214,B:13,B:KHKILHRLLQDSS,True,False,B:LHRLL:5,,0,False,True,7QJ,,True,True,True,True,True,True
9RMR,RXRA,SUCCESS,1,1,A:211,B:9,B:HKILHRLLQ,True,False,B:LHRLL:4,,0,False,True,A1JH6,,True,True,True,True,True,True
9QX6,RXRA,SUCCESS,1,1,A:212,B:10,B:HKILHRLLQD,True,False,B:LHRLL:4,,0,False,True,A1JAT;A1JHO,,True,True,True,True,True,True
1UHL,RXRB,SUCCESS,2,2,A:214;B:219,C:9;D:10,C:HKILHRLLQ;D:HKILHRLLQD,True,False,C:LHRLL:4;D:LHRLL:4,,0,False,True,444;MEI,,True,True,True,True,True,True
9S70,RXRA,SUCCESS,1,1,A:208,B:9,B:HKILHRLLQ,True,False,B:LHRLL:4,,0,False,True,A1JL7,,True,True,True,True,True,True
9S71,RXRA,SUCCESS,1,1,A:207,B:13,B:HKILHRLLQEGSP,True,False,B:LHRLL:4,,0,False,True,A1JL8,,True,True,True,True,True,True
7A78,RXRB,SUCCESS,1,1,A:212,B:13,B:KHKILHRLLQDSS,True,False,B:LHRLL:5,,0,False,True,PLM,,True,True,True,True,True,True
1YOW,SF1,SUCCESS,1,1,A:230,B:11,B:AQALAALLAKA,True,False,B:LAALL:4,,0,False,True,P0E,,True,True,True,True,True,True
1ZDT,SF1,SUCCESS,2,2,A:233;B:239,P:12;Q:11,P:ENALLRYLLDKD;Q:ENALLRYLLDK,True,False,P:LRYLL:5;Q:LRYLL:5,,0,False,True,PEF,,True,True,True,True,True,True
7A79,RXRG,SUCCESS,2,2,A:215;B:217,C:13;D:13,C:KHKILHRLLQDSS;D:KHKILHRLLQDSS,True,False,C:LHRLL:5;D:LHRLL:5,,0,False,True,PLM,,True,True,True,True,True,True
1YUC,SHP,SUCCESS,2,2,A:240;B:240,C:14;D:11,C:ASRPAILYALLSSS;D:RPAILYALLSS,True,False,C:LYALL:7;D:LYALL:5,,0,False,True,EPH,,True,True,True,True,True,True
4QJR,SF1,SUCCESS,1,1,A:244,B:12,B:PSLLKKLLLAPA,True,False,B:LKKLL:4,,0,False,True,PIZ,,True,True,True,True,True,True
2Z4J,SHP,SUCCESS,1,1,A:248,B:10,B:PSILKKILLE,False,False,,,0,False,True,DHT,,True,True,True,True,False,False
2Q3Y,SHP,SUCCESS,1,1,A:244,B:10,B:PAILYALLSS,True,False,B:LYALL:4,,0,False,True,1CA,,True,True,True,True,True,True
4DOR,SHP,SUCCESS,2,2,A:216;B:240,C:12;D:10,C:SRPAILYALLSS;D:PAILYALLSS,True,False,C:LYALL:6;D:LYALL:4,,0,False,True,EPH,,True,True,True,True,True,True
4QK4,SF1,SUCCESS,1,1,A:244,B:12,B:PSLLKKLLLAPA,True,False,B:LKKLL:4,,0,False,True,PIK,,True,True,True,True,True,True
7KHT,SF1,SUCCESS,1,1,A:235,B:12,B:PSLLKKLLLAPA,True,False,B:LKKLL:4,,0,False,True,WES,,True,True,True,True,True,True
4ONI,SHP,SUCCESS,2,2,A:241;B:242,C:16;D:10,C:GAASRPAILYALLSSS;D:PAILYALLSS,True,False,C:LYALL:9;D:LYALL:4,,0,False,True,EPH;P6L;PG4,,True,True,True,True,True,True
6W9M,SHP,SUCCESS,1,1,A:251,B:11,B:RPAILYALLSS,True,False,B:LYALL:5,,0,False,True,TUV,,True,True,True,True,True,True
7YXC,SHP,SUCCESS,1,1,A:245,R:11,R:RPAILYALLSS,True,False,R:LYALL:5,,0,False,True,DEX;PG4,,True,True,True,True,True,True
7YXP,SHP,SUCCESS,1,1,A:241,B:13,B:SRPAILYALLSSS,True,False,B:LYALL:6,,0,False,True,DEX,,True,True,True,True,True,True
7YXN,SHP,SUCCESS,2,2,A:243;C:244,R:11;S:11,R:RPAILYALLSS;S:RPAILYALLSS,True,False,R:LYALL:5;S:LYALL:5,,0,False,True,DEX,,True,True,True,True,True,True
8DAF,SF1,SUCCESS,2,2,A:230;B:235,C:12;D:11,C:ENALLRYLLDKD;D:ENALLRYLLDK,True,False,C:LRYLL:5;D:LRYLL:5,,0,False,True,IUW;PEF,,True,True,True,True,True,True
7YXO,SHP,SUCCESS,3,3,A:237;C:237;E:230,B:10;D:9;F:9,B:RPAILYALLS;D:PAILYALLS;F:PAILYALLS,True,False,B:LYALL:5;D:LYALL:4;F:LYALL:4,,0,False,True,CPS;DEX,,True,True,True,True,True,True
5UFS,SHP,SUCCESS,2,2,A:248;B:248,C:11;D:11,C:APAILYALLSS;D:APAILYALLSS,True,False,C:LYALL:5;D:LYALL:5,,0,False,True,1TA,,True,True,True,True,True,True
7YXD,SHP,SUCCESS,4,4,A:241;D:240;H:241;L:241,C:11;F:11;J:12;N:11,C:RPAILYALLSS;F:RPAILYALLSS;J:RPAILYALLSSS;N:RPAILYALLSS,True,False,C:LYALL:5;F:LYALL:5;J:LYALL:5;N:LYALL:5,,0,False,True,DEX,,True,True,True,True,True,True
7YXR,SHP,SUCCESS,2,2,A:244;C:245,R:12;S:12,R:RPAILYALLSSS;S:RPAILYALLSSS,True,False,R:LYALL:5;S:LYALL:5,,0,False,True,DEX,,True,True,True,True,True,True
1BSX,THRB,SUCCESS,2,2,A:243;B:243,X:12;Y:12,X:HKILHRLLQDSS;Y:HKILHRLLQDSS,True,False,X:LHRLL:4;Y:LHRLL:4,,0,False,True,T3,,True,True,True,True,True,True
4ZO1,THRB,SUCCESS,2,1,X:242;B:199,A:8,A:HKILHRLL,True,False,A:LHRLL:4,,0,False,True,T3,,True,True,True,True,True,True
6KKB,THRB,SUCCESS,1,1,X:243,D:11,D:ENALLRYLLDK,True,False,D:LRYLL:5,,0,False,True,8HO,,True,True,True,True,True,True
6KKE,THRB,SUCCESS,1,1,A:242,C:11,C:ENALLRYLLDK,True,False,C:LRYLL:5,,0,False,True,8HO,,True,True,True,True,True,True
6KNV,THRB,SUCCESS,1,1,A:235,C:11,C:ENALLRYLLDK,True,False,C:LRYLL:5,,0,False,True,8HO,,True,True,True,True,True,True
6KNU,THRB,SUCCESS,1,1,A:242,C:9,C:NALLRYLLD,True,False,C:LRYLL:4,,0,False,True,8HO,,True,True,True,True,True,True
7WMG,THRB,SUCCESS,1,1,A:225,B:11,B:ENALLRYLLDK,True,False,B:LRYLL:5,,0,False,True,9IF,,True,True,True,True,True,True
6KNW,THRB,SUCCESS,1,1,A:243,C:10,C:ENALLRYLLD,True,False,C:LRYLL:5,,0,False,True,8HO,,True,True,True,True,True,True
7WLX,THRB,SUCCESS,1,1,A:230,B:11,B:ENALLRYLLDK,True,False,B:LRYLL:5,,0,False,True,9GC,,True,True,True,True,True,True
7WMH,THRB,SUCCESS,1,1,A:231,B:11,B:ENALLRYLLDK,True,False,B:LRYLL:5,,0,False,True,9II,,True,True,True,True,True,True
7WMJ,THRB,SUCCESS,1,1,A:229,B:11,B:ENALLRYLLDK,True,False,B:LRYLL:5,,0,False,True,9IL,,True,True,True,True,True,True
7WML,THRB,SUCCESS,1,1,A:228,B:11,B:ENALLRYLLDK,True,False,B:LRYLL:5,,0,False,True,9IQ,,True,True,True,True,True,True
7WMN,THRB,SUCCESS,1,1,A:232,B:11,B:ENALLRYLLDK,True,False,B:LRYLL:5,,0,False,True,9IT,,True,True,True,True,True,True
7WMO,THRB,SUCCESS,1,1,A:229,B:11,B:ENALLRYLLDK,True,False,B:LRYLL:5,,0,False,True,9IW,,True,True,True,True,True,True
9HDF,SHP,SUCCESS,16,16,A:248;B:247;C:248;D:248;E:243;F:248;G:248;H:245;I:248;J:247;K:244;L:248;M:248;N:244;O:243;P:243,a:14;b:14;c:14;d:14;e:14;f:13;g:13;h:13;i:15;j:14;k:14;l:14;m:14;n:15;o:14;p:14,a:SRPAILYALLSSSL;b:SRPAILYALLSSSL;c:SRPAILYALLSSSL;d:SRPAILYALLSSSL;e:SRPAILYALLSSSL;f:SRPAILYALLSSS;g:SRPAILYALLSSS;h:SRPAILYALLSSS;i:ASRPAILYALLSSSL;j:SRPAILYALLSSSL;k:SRPAILYALLSSSL;l:SRPAILYALLSSSL;m:SRPAILYALLSSSL;n:ASRPAILYALLSSSL;o:SRPAILYALLSSSL;p:SRPAILYALLSSSL,True,False,a:LYALL:6;b:LYALL:6;c:LYALL:6;d:LYALL:6;e:LYALL:6;f:LYALL:6;g:LYALL:6;h:LYALL:6;i:LYALL:7;j:LYALL:6;k:LYALL:6;l:LYALL:6;m:LYALL:6;n:LYALL:7;o:LYALL:6;p:LYALL:6,,0,False,True,CAC;CSO;DEX;EPE;IMD;PG4;PGE,,True,True,True,True,True,True
9IX5,THRB,SUCCESS,1,1,A:227,B:11,B:ENALLRYLLDK,True,False,B:LRYLL:5,,0,False,True,A1EAC,,True,True,True,True,True,True
9J0K,THRB,SUCCESS,2,2,A:240;B:244,C:12;D:12,C:ENALLRYLLDKD;D:ENALLRYLLDKD,True,False,C:LRYLL:5;D:LRYLL:5,,0,False,True,A1EAE,,True,True,True,True,True,True
4XAJ,TLX,SUCCESS,4,2,A:568;C:568;B:570;D:568,Q:18;P:18,Q:YADTPALRQLSEYARPHV;P:YADTPALRQLSEYARPHV,False,False,,,0,False,True,GLC,,True,True,True,True,False,False
